{"type":"FeatureCollection","metadata":{"snapshotAt":"2026-09-09T07:57:13Z","retrievedAt":"2026-09-09","preparedAt":"2026-09-09T14:46:31.539810+00:00","license":"ODbL-1.0","attribution":"© OpenStreetMap contributors","region":{"name":"广西大学 · 大学东路主校区","campusOsmId":"way/398115378","bbox":[108.2763,22.8327,108.3001,22.8616],"center":[108.2882,22.84715],"contextBufferMeters":300,"unit":"meter","crs":"EPSG:4326","terrainZoom":14}},"features":[{"type":"Feature","id":"campus","properties":{"kind":"campus","name":"广西大学 · 大学东路主校区"},"geometry":{"type":"Polygon","coordinates":[[[108.2824455,22.8476184],[108.2813788,22.8475092],[108.2806413,22.8476183],[108.2803991,22.847634],[108.2801449,22.8475879],[108.2798322,22.84747],[108.2802709,22.8448542],[108.28033,22.8442097],[108.2804462,22.8432584],[108.2805154,22.8427174],[108.2806041,22.8420089],[108.280814,22.841358],[108.2812242,22.839357],[108.2812176,22.8388336],[108.281246,22.8385578],[108.2815277,22.8381721],[108.2815714,22.8377024],[108.2815816,22.8375925],[108.2815971,22.8374253],[108.2815598,22.8372253],[108.2817435,22.8372067],[108.2817434,22.8370314],[108.2825075,22.8370284],[108.2825058,22.8366605],[108.2825428,22.8366603],[108.2825381,22.8363224],[108.2826226,22.8363218],[108.2850138,22.8355233],[108.2850447,22.8355282],[108.2850565,22.8355541],[108.2849925,22.8359759],[108.2849318,22.8366149],[108.2852681,22.8367654],[108.2852321,22.836891],[108.2855802,22.8370423],[108.2857153,22.8370464],[108.2859115,22.8371386],[108.2859703,22.8372134],[108.2859191,22.8373552],[108.2862447,22.8374317],[108.2862704,22.8375008],[108.2863297,22.8375148],[108.2863736,22.8376393],[108.2864802,22.8376887],[108.2865436,22.8377904],[108.2865623,22.8379024],[108.2870687,22.8380545],[108.287623,22.837989],[108.2878047,22.8381803],[108.2878813,22.8381879],[108.2879073,22.8383298],[108.288046,22.8383511],[108.2881276,22.8387392],[108.2885214,22.8388462],[108.2895236,22.8388337],[108.2908037,22.8388342],[108.2908115,22.8388149],[108.2908824,22.8388345],[108.2904319,22.8398486],[108.2900738,22.8406505],[108.2898195,22.8413095],[108.2914654,22.8427096],[108.2915418,22.8427114],[108.2915661,22.8416542],[108.2925149,22.8416619],[108.2925249,22.841195],[108.2951114,22.8412328],[108.2948638,22.8430801],[108.2941941,22.8440711],[108.2927581,22.8433299],[108.2924519,22.8433536],[108.2923746,22.8435174],[108.2924128,22.8435422],[108.2923516,22.8436502],[108.2933175,22.8440661],[108.2940232,22.8443859],[108.2940355,22.8444187],[108.293868,22.8447247],[108.293747,22.8447899],[108.2947349,22.8456444],[108.295152,22.8461259],[108.295534,22.8466931],[108.2961379,22.8469331],[108.2962678,22.8471755],[108.296269,22.8472459],[108.2969582,22.8472884],[108.2963989,22.8481552],[108.2953576,22.8478321],[108.295357,22.8491269],[108.2952629,22.8492933],[108.2950907,22.8495977],[108.2938446,22.8495695],[108.2937858,22.8507877],[108.2942165,22.8508812],[108.2941457,22.8514955],[108.293607,22.8514186],[108.2935453,22.851952],[108.2938652,22.852314],[108.2938766,22.8525371],[108.2938322,22.8527326],[108.2943547,22.8529338],[108.2940797,22.8540975],[108.2931928,22.8538509],[108.2929292,22.8545324],[108.2928822,22.8545498],[108.2922367,22.8545346],[108.2922478,22.8558418],[108.2913808,22.8559156],[108.2914212,22.8565024],[108.2898473,22.8566887],[108.2860458,22.8571057],[108.2861504,22.8577854],[108.2892093,22.8574157],[108.2895835,22.8574294],[108.2898831,22.8574699],[108.2901077,22.8577032],[108.2900711,22.8579923],[108.2899351,22.8583166],[108.2897819,22.8583907],[108.2890594,22.8586129],[108.2861414,22.8588118],[108.2836437,22.8586446],[108.2836472,22.8581289],[108.285976,22.8578052],[108.2858902,22.8571206],[108.2829015,22.857423],[108.2811561,22.8574243],[108.2797111,22.8574233],[108.2795368,22.8574232],[108.2794188,22.8573836],[108.2793612,22.8572527],[108.27936,22.8570822],[108.2792913,22.852568],[108.2795681,22.8525673],[108.2795036,22.8524555],[108.2796512,22.852319],[108.2796927,22.8523651],[108.2797808,22.8523584],[108.2799252,22.8524168],[108.2799908,22.8523215],[108.2800394,22.85232],[108.2800735,22.8522016],[108.2802047,22.852429],[108.2802629,22.8524739],[108.2803146,22.8524993],[108.2807024,22.8525772],[108.2810114,22.852627],[108.2813469,22.8524445],[108.2819835,22.8524279],[108.2820781,22.8527666],[108.2822237,22.8529141],[108.2838994,22.8523949],[108.2850402,22.8523785],[108.2854148,22.8512667],[108.2856536,22.8512823],[108.2864568,22.8494901],[108.2864735,22.8493054],[108.2864558,22.8491038],[108.2863982,22.8489297],[108.2861971,22.8484286],[108.2865447,22.8483239],[108.286652,22.8482547],[108.286711,22.8480124],[108.2866815,22.8479581],[108.286593,22.8479086],[108.2862684,22.8478147],[108.2865715,22.8466678],[108.2864562,22.8464923],[108.2864857,22.8461314],[108.2864937,22.8459782],[108.286027,22.8458793],[108.2860337,22.8457619],[108.2860458,22.8457335],[108.2860431,22.8457124],[108.286029,22.8456951],[108.2860062,22.845684],[108.2859828,22.8456865],[108.2859525,22.8456416],[108.2859144,22.8455851],[108.2858977,22.8454528],[108.2843811,22.8456579],[108.2843826,22.8460791],[108.284375,22.8463791],[108.28436,22.8465418],[108.2842482,22.8470996],[108.2838705,22.8470682],[108.2835647,22.8470114],[108.2835151,22.8469805],[108.2832979,22.8469137],[108.2829505,22.8467457],[108.2828312,22.8467494],[108.2827105,22.8466443],[108.282508,22.8465739],[108.2824624,22.8465776],[108.2824455,22.8476184]]]}},{"type":"Feature","id":"node/7862235483","properties":{"id":"node/7862235483","name":"","kind":"tree","osmVersion":1,"osmEditedAt":"2020-08-31T15:52:32Z","sourceUrl":"https://www.openstreetmap.org/node/7862235483","insideCampus":true,"tags":{"natural":"tree"}},"geometry":{"type":"Point","coordinates":[108.2841871,22.8387461]}},{"type":"Feature","id":"node/7862235484","properties":{"id":"node/7862235484","name":"","kind":"tree","osmVersion":1,"osmEditedAt":"2020-08-31T15:52:32Z","sourceUrl":"https://www.openstreetmap.org/node/7862235484","insideCampus":true,"tags":{"natural":"tree"}},"geometry":{"type":"Point","coordinates":[108.284831,22.8387249]}},{"type":"Feature","id":"node/7862245385","properties":{"id":"node/7862245385","name":"","kind":"tree","osmVersion":1,"osmEditedAt":"2020-08-31T15:52:32Z","sourceUrl":"https://www.openstreetmap.org/node/7862245385","insideCampus":true,"tags":{"natural":"tree"}},"geometry":{"type":"Point","coordinates":[108.2842216,22.8384865]}},{"type":"Feature","id":"node/7862245386","properties":{"id":"node/7862245386","name":"","kind":"tree","osmVersion":1,"osmEditedAt":"2020-08-31T15:52:32Z","sourceUrl":"https://www.openstreetmap.org/node/7862245386","insideCampus":true,"tags":{"natural":"tree"}},"geometry":{"type":"Point","coordinates":[108.2849546,22.8385104]}},{"type":"Feature","id":"node/14047942739","properties":{"id":"node/14047942739","name":"","kind":"tree","osmVersion":1,"osmEditedAt":"2026-07-25T03:46:04Z","sourceUrl":"https://www.openstreetmap.org/node/14047942739","insideCampus":true,"tags":{"natural":"tree"}},"geometry":{"type":"Point","coordinates":[108.2825428,22.8366603]}},{"type":"Feature","id":"way/359276545","properties":{"id":"way/359276545","name":"火炬一支路","kind":"roads","osmVersion":7,"osmEditedAt":"2020-05-26T22:29:33Z","sourceUrl":"https://www.openstreetmap.org/way/359276545","insideCampus":false,"tags":{"highway":"residential","name":"火炬一支路","oneway":"no"}},"geometry":{"type":"LineString","coordinates":[[108.2892348,22.8378599],[108.2898033,22.8368765],[108.29002062210917,22.83613896036705]]}},{"type":"Feature","id":"way/385985910","properties":{"id":"way/385985910","name":"","kind":"roads","osmVersion":11,"osmEditedAt":"2026-03-24T13:03:15Z","sourceUrl":"https://www.openstreetmap.org/way/385985910","insideCampus":false,"tags":{"highway":"service"}},"geometry":{"type":"LineString","coordinates":[[108.2866506,22.8354207],[108.2862443,22.8358484],[108.2855871,22.8353379],[108.2853404,22.8354096],[108.2852338,22.8354079]]}},{"type":"Feature","id":"way/388824464","properties":{"id":"way/388824464","name":"鲁班路","kind":"roads","osmVersion":19,"osmEditedAt":"2022-02-08T11:10:15Z","sourceUrl":"https://www.openstreetmap.org/way/388824464","insideCampus":false,"tags":{"highway":"secondary","lanes":"2","name":"鲁班路","name:vi":"Đường Lỗ Ban","oneway":"yes"}},"geometry":{"type":"LineString","coordinates":[[108.2793536,22.8367493],[108.279586,22.8374463],[108.2797433,22.8379299],[108.2800109,22.8389277],[108.2800737,22.8393543],[108.2801065,22.8397185],[108.2801327,22.8405236],[108.2801436,22.8412897],[108.2801546,22.8434357],[108.2801531,22.8439326],[108.2801031,22.8446521],[108.2800417,22.8450526],[108.2800186,22.8451701],[108.279552,22.8480161],[108.2793958,22.8490053],[108.2792319,22.8504648],[108.2791667,22.8515496],[108.2791412,22.8576558],[108.2791446,22.8580281]]}},{"type":"Feature","id":"way/388826386","properties":{"id":"way/388826386","name":"","kind":"roads","osmVersion":4,"osmEditedAt":"2016-04-28T21:59:28Z","sourceUrl":"https://www.openstreetmap.org/way/388826386","insideCampus":false,"tags":{"highway":"unclassified"}},"geometry":{"type":"LineString","coordinates":[[108.2801546,22.8434357],[108.27747999918348,22.843449674939414]]}},{"type":"Feature","id":"way/388826387","properties":{"id":"way/388826387","name":"心圩江东路","kind":"roads","osmVersion":4,"osmEditedAt":"2020-05-26T22:29:33Z","sourceUrl":"https://www.openstreetmap.org/way/388826387","insideCampus":false,"tags":{"highway":"residential","name":"心圩江东路"}},"geometry":{"type":"LineString","coordinates":[[108.27715714424846,22.845776420369774],[108.277244,22.8461232],[108.2774194,22.8466704],[108.2774734,22.8471804],[108.2774599,22.8476406],[108.2774059,22.848275],[108.2773487,22.8487373]]}},{"type":"Feature","id":"way/388826388","properties":{"id":"way/388826388","name":"心圩江东路一支路","kind":"roads","osmVersion":5,"osmEditedAt":"2020-05-26T22:29:33Z","sourceUrl":"https://www.openstreetmap.org/way/388826388","insideCampus":false,"tags":{"highway":"residential","name":"心圩江东路一支路"}},"geometry":{"type":"LineString","coordinates":[[108.2801436,22.8412897],[108.2800031,22.8412874],[108.27778068088736,22.84131560001548]]}},{"type":"Feature","id":"way/388826389","properties":{"id":"way/388826389","name":"心圩江东路三支路","kind":"roads","osmVersion":4,"osmEditedAt":"2016-04-26T20:57:59Z","sourceUrl":"https://www.openstreetmap.org/way/388826389","insideCampus":false,"tags":{"highway":"unclassified","name":"心圩江东路三支路"}},"geometry":{"type":"LineString","coordinates":[[108.2793958,22.8490053],[108.2773487,22.8487373]]}},{"type":"Feature","id":"way/388826390","properties":{"id":"way/388826390","name":"心圩江东路二支路","kind":"roads","osmVersion":6,"osmEditedAt":"2025-12-07T19:40:15Z","sourceUrl":"https://www.openstreetmap.org/way/388826390","insideCampus":false,"tags":{"highway":"residential","name":"心圩江东路二支路"}},"geometry":{"type":"LineString","coordinates":[[108.2800186,22.8451701],[108.279906,22.8451747],[108.27725181083534,22.845211959786358]]}},{"type":"Feature","id":"way/388863457","properties":{"id":"way/388863457","name":"秀灵路","kind":"roads","osmVersion":15,"osmEditedAt":"2026-08-01T13:45:05Z","sourceUrl":"https://www.openstreetmap.org/way/388863457","insideCampus":false,"tags":{"highway":"tertiary","name":"秀灵路","name:vi":"Đường Tú Linh"}},"geometry":{"type":"LineString","coordinates":[[108.29852571681056,22.845015117745163],[108.2977848,22.8461689],[108.2970414,22.8473651],[108.2951671,22.8503364],[108.2948065,22.8516171],[108.2944231,22.853322],[108.2942697,22.8538576]]}},{"type":"Feature","id":"way/388863458","properties":{"id":"way/388863458","name":"秀灵路东四里","kind":"roads","osmVersion":3,"osmEditedAt":"2016-01-03T10:07:24Z","sourceUrl":"https://www.openstreetmap.org/way/388863458","insideCampus":false,"tags":{"highway":"unclassified","name":"秀灵路东四里"}},"geometry":{"type":"LineString","coordinates":[[108.2977848,22.8461689],[108.2988502,22.846685]]}},{"type":"Feature","id":"way/388863459","properties":{"id":"way/388863459","name":"秀灵路西二里","kind":"roads","osmVersion":3,"osmEditedAt":"2016-01-03T10:07:25Z","sourceUrl":"https://www.openstreetmap.org/way/388863459","insideCampus":false,"tags":{"highway":"unclassified","name":"秀灵路西二里"}},"geometry":{"type":"LineString","coordinates":[[108.2945337,22.8446101],[108.2977848,22.8461689]]}},{"type":"Feature","id":"way/388974683","properties":{"id":"way/388974683","name":"","kind":"roads","osmVersion":12,"osmEditedAt":"2026-03-24T13:03:15Z","sourceUrl":"https://www.openstreetmap.org/way/388974683","insideCampus":false,"tags":{"highway":"pedestrian"}},"geometry":{"type":"LineString","coordinates":[[108.2855871,22.8353379],[108.2857521,22.8352539],[108.2861987,22.8350994],[108.2871589,22.8347829],[108.28788250185183,22.834874372085682]]}},{"type":"Feature","id":"way/388982230","properties":{"id":"way/388982230","name":"科德路","kind":"roads","osmVersion":5,"osmEditedAt":"2023-01-16T18:27:06Z","sourceUrl":"https://www.openstreetmap.org/way/388982230","insideCampus":false,"tags":{"highway":"tertiary","name":"科德路"}},"geometry":{"type":"LineString","coordinates":[[108.2767493174502,22.851241745799342],[108.2790706,22.8515493],[108.2791667,22.8515496]]}},{"type":"Feature","id":"way/388983230","properties":{"id":"way/388983230","name":"秀厢大道","kind":"roads","osmVersion":11,"osmEditedAt":"2026-06-07T11:12:20Z","sourceUrl":"https://www.openstreetmap.org/way/388983230","insideCampus":false,"tags":{"highway":"secondary","lanes":"2","lit":"yes","motorroad":"no","name":"秀厢大道","oneway":"yes"}},"geometry":{"type":"LineString","coordinates":[[108.27647519635651,22.857669078035915],[108.2790539,22.8576608],[108.2791412,22.8576558],[108.2795788,22.857654],[108.2809923,22.8576573],[108.2820659,22.8576259],[108.2822723,22.857594],[108.2829186,22.8575554],[108.2835132,22.8574911],[108.286097,22.8572411],[108.2898817,22.8567986],[108.2917351,22.8565327],[108.2936247,22.8563618],[108.2937477,22.8563639],[108.2944094,22.85627],[108.2949563,22.856176],[108.29610732147603,22.856038165725316]]}},{"type":"Feature","id":"way/388983231","properties":{"id":"way/388983231","name":"安阳路","kind":"roads","osmVersion":14,"osmEditedAt":"2025-04-21T02:56:45Z","sourceUrl":"https://www.openstreetmap.org/way/388983231","insideCampus":false,"tags":{"highway":"secondary","name":"安阳路","oneway":"yes"}},"geometry":{"type":"LineString","coordinates":[[108.29302269819837,22.85875323036061],[108.2932743,22.8577259],[108.2935016,22.8568981],[108.2936247,22.8563618]]}},{"type":"Feature","id":"way/388983233","properties":{"id":"way/388983233","name":"秀厢大道","kind":"roads","osmVersion":8,"osmEditedAt":"2026-06-07T11:12:20Z","sourceUrl":"https://www.openstreetmap.org/way/388983233","insideCampus":false,"tags":{"alt_name":"快速环路","bicycle":"no","foot":"no","highway":"trunk","lanes":"3","lit":"yes","maxspeed":"80","mofa":"no","moped":"no","motor_vehicle":"designated","motorcycle":"no","motorroad":"yes","name":"秀厢大道","oneway":"yes","surface":"asphalt"}},"geometry":{"type":"LineString","coordinates":[[108.27649961493054,22.8578026832818],[108.277655,22.8578107]]}},{"type":"Feature","id":"way/395680039","properties":{"id":"way/395680039","name":"鲁班路","kind":"roads","osmVersion":10,"osmEditedAt":"2022-02-08T11:10:15Z","sourceUrl":"https://www.openstreetmap.org/way/395680039","insideCampus":false,"tags":{"highway":"secondary","lanes":"2","name":"鲁班路","name:vi":"Đường Lỗ Ban","oneway":"yes"}},"geometry":{"type":"LineString","coordinates":[[108.2790518,22.8580298],[108.2790706,22.8515493],[108.2791156,22.8504396],[108.2793007,22.8489926],[108.279906,22.8451747],[108.2799952,22.8446353],[108.2800357,22.8439984],[108.280026,22.8434362],[108.2799938,22.8404779],[108.2799629,22.8396739],[108.2799276,22.8393367],[108.2798778,22.8389995],[108.2794577,22.837462],[108.2792052,22.8367935]]}},{"type":"Feature","id":"way/395682927","properties":{"id":"way/395682927","name":"秀厢大道","kind":"roads","osmVersion":6,"osmEditedAt":"2025-09-27T20:56:22Z","sourceUrl":"https://www.openstreetmap.org/way/395682927","insideCampus":false,"tags":{"alt_name":"快速环路","bicycle":"no","foot":"no","highway":"trunk","lanes":"3","lit":"yes","maxspeed":"80","mofa":"no","moped":"no","motor_vehicle":"designated","motorcycle":"no","motorroad":"yes","name":"秀厢大道","oneway":"yes","surface":"asphalt"}},"geometry":{"type":"LineString","coordinates":[[108.2907115,22.8570343],[108.28548,22.8575883],[108.2830896,22.8578562],[108.2807905,22.8579375]]}},{"type":"Feature","id":"way/395682929","properties":{"id":"way/395682929","name":"秀厢大道","kind":"roads","osmVersion":8,"osmEditedAt":"2025-09-28T08:55:48Z","sourceUrl":"https://www.openstreetmap.org/way/395682929","insideCampus":false,"tags":{"alt_name":"快速环路","bicycle":"no","bridge":"viaduct","foot":"no","highway":"trunk","lanes":"3","layer":"1","lit":"yes","maxspeed":"80","mofa":"no","moped":"no","motor_vehicle":"designated","motorcycle":"no","motorroad":"yes","name":"秀厢大道","oneway":"yes","surface":"asphalt"}},"geometry":{"type":"LineString","coordinates":[[108.2955281,22.8564043],[108.2921237,22.8568388],[108.2907115,22.8570343]]}},{"type":"Feature","id":"way/395682940","properties":{"id":"way/395682940","name":"","kind":"roads","osmVersion":1,"osmEditedAt":"2016-02-02T22:38:44Z","sourceUrl":"https://www.openstreetmap.org/way/395682940","insideCampus":false,"tags":{"highway":"trunk_link","oneway":"yes"}},"geometry":{"type":"LineString","coordinates":[[108.286097,22.8572411],[108.2866967,22.8572908]]}},{"type":"Feature","id":"way/395682943","properties":{"id":"way/395682943","name":"秀厢大道","kind":"roads","osmVersion":10,"osmEditedAt":"2026-06-07T11:12:20Z","sourceUrl":"https://www.openstreetmap.org/way/395682943","insideCampus":false,"tags":{"highway":"secondary","lanes":"2","lit":"yes","motorroad":"no","name":"秀厢大道","oneway":"yes"}},"geometry":{"type":"LineString","coordinates":[[108.2935016,22.8568981],[108.2931818,22.8569311],[108.2924204,22.856988],[108.2875723,22.8574877],[108.283887,22.8578931],[108.2830877,22.8579573],[108.2822895,22.8579932],[108.2820764,22.8580404],[108.2802478,22.8580465],[108.2791446,22.8580281],[108.277675,22.8580562],[108.27657293782897,22.858060242625154]]}},{"type":"Feature","id":"way/395691287","properties":{"id":"way/395691287","name":"安阳路","kind":"roads","osmVersion":12,"osmEditedAt":"2025-04-21T02:56:45Z","sourceUrl":"https://www.openstreetmap.org/way/395691287","insideCampus":false,"tags":{"highway":"secondary","name":"安阳路","oneway":"yes"}},"geometry":{"type":"LineString","coordinates":[[108.2937477,22.8563639],[108.2936425,22.8568777],[108.2933735,22.857792],[108.29318299172202,22.858650953759792]]}},{"type":"Feature","id":"way/398114011","properties":{"id":"way/398114011","name":"秀灵路西一里","kind":"roads","osmVersion":3,"osmEditedAt":"2020-07-04T09:33:10Z","sourceUrl":"https://www.openstreetmap.org/way/398114011","insideCampus":false,"tags":{"highway":"residential","name":"秀灵路西一里","oneway":"no"}},"geometry":{"type":"LineString","coordinates":[[108.2900124,22.8410216],[108.2934242,22.8410857],[108.2974465,22.8411315],[108.29799570149387,22.84169753437534]]}},{"type":"Feature","id":"way/451895608","properties":{"id":"way/451895608","name":"大学东路","kind":"roads","osmVersion":14,"osmEditedAt":"2026-03-24T13:12:32Z","sourceUrl":"https://www.openstreetmap.org/way/451895608","insideCampus":false,"tags":{"highway":"primary","lanes":"3","motorroad":"no","name":"大学东路","name:vi":"Đường Đại Học Đông","oneway":"yes","ref":"G324"}},"geometry":{"type":"LineString","coordinates":[[108.27865399583379,22.836930893417104],[108.2792052,22.8367935],[108.2793536,22.8367493],[108.2808071,22.8363449],[108.283019,22.8357109],[108.2836393,22.8355002],[108.2845078,22.8352103],[108.2865333,22.8345283],[108.2871276,22.8343241],[108.28756979609683,22.834174407386744]]}},{"type":"Feature","id":"way/476889357","properties":{"id":"way/476889357","name":"花卉公园","kind":"green","osmVersion":4,"osmEditedAt":"2022-07-20T02:58:36Z","sourceUrl":"https://www.openstreetmap.org/way/476889357","insideCampus":false,"tags":{"leisure":"park","name":"花卉公园"}},"geometry":{"type":"Polygon","coordinates":[[[108.2914387,22.8600088],[108.2902223,22.8585393],[108.2888303,22.8590499],[108.2886275,22.8586888],[108.2860945,22.858888],[108.2862995,22.859735],[108.2859245,22.8598099],[108.28594647136306,22.86149964111145],[108.28635711516553,22.861499391643196],[108.28927511516552,22.861300491643195],[108.28951545526556,22.861274860866576],[108.28975267372198,22.861231009286954],[108.28998514680289,22.86116923706314],[108.29070764680289,22.86094703706314],[108.29092802620914,22.860870033840484],[108.29114096093504,22.860776926066826],[108.29129416093504,22.860702826066824],[108.29155238426276,22.86056190153006],[108.291793575187,22.860397330635955],[108.29193414743378,22.86027904405479],[108.2914387,22.8600088]]]}},{"type":"Feature","id":"way/476889359","properties":{"id":"way/476889359","name":"","kind":"water","osmVersion":6,"osmEditedAt":"2026-03-24T13:03:15Z","sourceUrl":"https://www.openstreetmap.org/way/476889359","insideCampus":true,"tags":{"natural":"water","water":"lake"}},"geometry":{"type":"Polygon","coordinates":[[[108.2875064,22.8511068],[108.287466,22.8510551],[108.2874338,22.8510045],[108.287288,22.8505734],[108.2872724,22.8505413],[108.2872491,22.8505036],[108.2871767,22.8505196],[108.2870031,22.8505425],[108.2866407,22.8502819],[108.286625,22.8502735],[108.2866112,22.8502711],[108.2865983,22.8502746],[108.28659,22.8502817],[108.286384,22.8505542],[108.2863778,22.8505866],[108.286378,22.8506206],[108.2863916,22.8506592],[108.2869165,22.851306],[108.2874359,22.8517391],[108.2875137,22.8517492],[108.2875907,22.8517237],[108.2875614,22.8511597],[108.2875064,22.8511068]]]}},{"type":"Feature","id":"way/476889360","properties":{"id":"way/476889360","name":"","kind":"roads","osmVersion":2,"osmEditedAt":"2021-06-20T15:15:01Z","sourceUrl":"https://www.openstreetmap.org/way/476889360","insideCampus":false,"tags":{"highway":"unclassified"}},"geometry":{"type":"LineString","coordinates":[[108.2792241,22.8505945],[108.2819924,22.8508057],[108.2826643,22.8510092]]}},{"type":"Feature","id":"way/535275551","properties":{"id":"way/535275551","name":"月牙湖","kind":"water","osmVersion":6,"osmEditedAt":"2021-06-22T17:15:44Z","sourceUrl":"https://www.openstreetmap.org/way/535275551","insideCampus":true,"tags":{"name":"月牙湖","natural":"water","water":"lake"}},"geometry":{"type":"Polygon","coordinates":[[[108.2898364,22.8469053],[108.2897729,22.8468015],[108.2896931,22.8467147],[108.2895901,22.8466387],[108.2891232,22.846546],[108.2890613,22.8465503],[108.2889881,22.8465974],[108.28891,22.8466443],[108.2887296,22.8467999],[108.2884815,22.8470758],[108.2883158,22.8473891],[108.2882387,22.8475544],[108.2882317,22.8475797],[108.2882344,22.8476032],[108.2883279,22.8477536],[108.2884044,22.8478695],[108.28849,22.8479099],[108.2885825,22.8479334],[108.2886314,22.8479636],[108.2886428,22.8479741],[108.2886596,22.8480019],[108.2886623,22.8480291],[108.2886435,22.8480693],[108.288618,22.8481113],[108.2886113,22.8481632],[108.2886355,22.848199],[108.2887046,22.8482462],[108.2887872,22.8483626],[108.2889348,22.8486146],[108.2891307,22.8486409],[108.2890328,22.84837],[108.2889406,22.848228],[108.288699,22.8479597],[108.2884934,22.8478199],[108.2884292,22.8477714],[108.2883739,22.8477015],[108.2883327,22.8476292],[108.2883326,22.8475288],[108.2883609,22.8474336],[108.2884379,22.8473178],[108.2887551,22.8469516],[108.2889532,22.8468313],[108.2892029,22.8467633],[108.2893893,22.8467517],[108.289489,22.8467711],[108.2895912,22.846857],[108.2896229,22.8469293],[108.2895713,22.8472399],[108.289567,22.8473376],[108.2895806,22.8474132],[108.289623,22.8475006],[108.2897092,22.8475013],[108.2898364,22.8469053]]]}},{"type":"Feature","id":"way/576997904","properties":{"id":"way/576997904","name":"","kind":"roads","osmVersion":12,"osmEditedAt":"2021-06-22T17:15:44Z","sourceUrl":"https://www.openstreetmap.org/way/576997904","insideCampus":true,"tags":{"highway":"residential"}},"geometry":{"type":"LineString","coordinates":[[108.2928005,22.8518819],[108.2928281,22.8515547],[108.2927637,22.8513767],[108.2927852,22.8505166],[108.2928927,22.8470962]]}},{"type":"Feature","id":"way/576998551","properties":{"id":"way/576998551","name":"","kind":"roads","osmVersion":3,"osmEditedAt":"2021-06-22T17:15:44Z","sourceUrl":"https://www.openstreetmap.org/way/576998551","insideCampus":true,"tags":{"highway":"residential"}},"geometry":{"type":"LineString","coordinates":[[108.2941901,22.8540545],[108.2923668,22.8534925],[108.2914823,22.8532458]]}},{"type":"Feature","id":"way/576999525","properties":{"id":"way/576999525","name":"","kind":"roads","osmVersion":5,"osmEditedAt":"2026-03-24T13:03:15Z","sourceUrl":"https://www.openstreetmap.org/way/576999525","insideCampus":true,"tags":{"highway":"residential"}},"geometry":{"type":"LineString","coordinates":[[108.2862097,22.8560772],[108.2862923,22.8558529],[108.2863815,22.8552911],[108.2864681,22.854693],[108.2868359,22.8542444],[108.2873011,22.8535964],[108.2876797,22.8525197],[108.2876974,22.8519135],[108.2876585,22.8513214],[108.2876302,22.8510176],[108.2874936,22.8502079],[108.2874032,22.8495536],[108.2873156,22.8492377],[108.2872158,22.8490312],[108.2870562,22.8487323],[108.2867777,22.8486862]]}},{"type":"Feature","id":"way/620223080","properties":{"id":"way/620223080","name":"大学东路","kind":"roads","osmVersion":8,"osmEditedAt":"2026-03-24T13:03:15Z","sourceUrl":"https://www.openstreetmap.org/way/620223080","insideCampus":false,"tags":{"highway":"primary","lanes":"3","motorroad":"no","name":"大学东路","name:vi":"Đường Đại Học Đông","oneway":"yes","ref":"G324"}},"geometry":{"type":"LineString","coordinates":[[108.28764035085555,22.83429166511758],[108.2860866,22.8348138],[108.2854266,22.8350286],[108.2845491,22.8353244]]}},{"type":"Feature","id":"way/671977170","properties":{"id":"way/671977170","name":"周边建筑 671977170","kind":"buildings","osmVersion":1,"osmEditedAt":"2019-02-21T08:28:02Z","sourceUrl":"https://www.openstreetmap.org/way/671977170","insideCampus":false,"tags":{"building":"yes"},"category":"service","height":9.899999999999999,"heightBasis":"按类型估算","facadeBasis":"按建筑类型推定","landmark":null},"geometry":{"type":"Polygon","coordinates":[[[108.2933236,22.8401005],[108.2933256,22.8399846],[108.2929274,22.8399788],[108.2929254,22.8400947],[108.2933236,22.8401005]]]}},{"type":"Feature","id":"way/671978892","properties":{"id":"way/671978892","name":"大礼堂","kind":"buildings","osmVersion":4,"osmEditedAt":"2020-12-05T05:02:56Z","sourceUrl":"https://www.openstreetmap.org/way/671978892","insideCampus":true,"tags":{"building":"yes","building:levels":"3","height":"12","name":"大礼堂"},"category":"culture","height":12.0,"heightBasis":"OSM高度或层数","facadeBasis":"参考照片独立建模","landmark":"auditorium"},"geometry":{"type":"Polygon","coordinates":[[[108.2843693,22.8415302],[108.2843394,22.8415302],[108.2843396,22.8416811],[108.284631,22.8416807],[108.2846308,22.8415331],[108.2846125,22.8415331],[108.2846121,22.8412558],[108.2846364,22.8412557],[108.2846362,22.8411748],[108.2845582,22.8411748],[108.2845582,22.8411564],[108.2844266,22.8411566],[108.2844266,22.841175],[108.2843418,22.8411751],[108.284342,22.8412529],[108.2843689,22.8412528],[108.2843693,22.8415302]]]}},{"type":"Feature","id":"way/671978896","properties":{"id":"way/671978896","name":"办公北楼","kind":"buildings","osmVersion":4,"osmEditedAt":"2026-02-06T17:22:04Z","sourceUrl":"https://www.openstreetmap.org/way/671978896","insideCampus":true,"tags":{"building":"office","building:levels":"3","name":"办公北楼"},"category":"service","height":9.899999999999999,"heightBasis":"OSM高度或层数","facadeBasis":"按建筑类型推定","landmark":null},"geometry":{"type":"Polygon","coordinates":[[[108.285728,22.8414988],[108.2857282,22.8416423],[108.2859036,22.8416422],[108.2859034,22.8415501],[108.2861588,22.8415499],[108.2861589,22.8416106],[108.2862807,22.8416105],[108.2862805,22.8414537],[108.285795,22.8414542],[108.285795,22.841391],[108.2854396,22.8413914],[108.2854397,22.8414992],[108.285728,22.8414988]]]}},{"type":"Feature","id":"way/685589477","properties":{"id":"way/685589477","name":"荷湖","kind":"water","osmVersion":5,"osmEditedAt":"2021-07-07T10:35:40Z","sourceUrl":"https://www.openstreetmap.org/way/685589477","insideCampus":true,"tags":{"name":"荷湖","natural":"water","water":"pond"}},"geometry":{"type":"Polygon","coordinates":[[[108.2865232,22.840283],[108.2864964,22.8404956],[108.2864937,22.840765],[108.2865044,22.8413113],[108.2865367,22.8417439],[108.2866923,22.8417439],[108.2867057,22.8412767],[108.2867432,22.840859],[108.2867996,22.8399146],[108.2865701,22.8399149],[108.2865232,22.840283]]]}},{"type":"Feature","id":"way/685589479","properties":{"id":"way/685589479","name":"绿榕湖","kind":"water","osmVersion":2,"osmEditedAt":"2021-06-20T15:15:01Z","sourceUrl":"https://www.openstreetmap.org/way/685589479","insideCampus":true,"tags":{"name":"绿榕湖","natural":"water","water":"pond"}},"geometry":{"type":"Polygon","coordinates":[[[108.2886931,22.8500516],[108.2887119,22.8501653],[108.2887119,22.8502691],[108.2886945,22.850363],[108.2886985,22.8504075],[108.2887468,22.8504322],[108.2887924,22.8504075],[108.2891464,22.8501554],[108.2891142,22.850017],[108.2890069,22.8496017],[108.2889479,22.8493818],[108.2888809,22.849273],[108.2887682,22.8492236],[108.2886314,22.8491988],[108.2884973,22.8492162],[108.2884034,22.849273],[108.2883847,22.8493867],[108.2884249,22.8494856],[108.2885054,22.8496363],[108.2885912,22.8498044],[108.2886931,22.8500516]]]}},{"type":"Feature","id":"way/685589480","properties":{"id":"way/685589480","name":"春华湖","kind":"water","osmVersion":3,"osmEditedAt":"2020-08-31T14:25:50Z","sourceUrl":"https://www.openstreetmap.org/way/685589480","insideCampus":true,"tags":{"name":"春华湖","natural":"water","water":"pond"}},"geometry":{"type":"Polygon","coordinates":[[[108.2813707,22.8447324],[108.281427,22.8446904],[108.2814136,22.8445742],[108.2815155,22.8444901],[108.281604,22.8443789],[108.2816979,22.8442108],[108.281773,22.8440279],[108.2817462,22.8438796],[108.2818106,22.8438005],[108.2817703,22.8436942],[108.281816,22.843625],[108.2815986,22.8436101],[108.2815692,22.8436819],[108.2815987,22.8438153],[108.2815665,22.8440415],[108.2815665,22.8441095],[108.2813063,22.8444877],[108.2812795,22.8445865],[108.2812875,22.8446879],[108.2813707,22.8447324]]]}},{"type":"Feature","id":"way/685589481","properties":{"id":"way/685589481","name":"镜湖","kind":"water","osmVersion":2,"osmEditedAt":"2020-08-31T14:25:50Z","sourceUrl":"https://www.openstreetmap.org/way/685589481","insideCampus":true,"tags":{"name":"镜湖","natural":"water","water":"pond"}},"geometry":{"type":"Polygon","coordinates":[[[108.2843909,22.8405005],[108.284297,22.840545],[108.2840476,22.8405895],[108.2839966,22.8406859],[108.2838679,22.8406884],[108.2838223,22.840765],[108.2838196,22.8410765],[108.2838947,22.8411457],[108.2840207,22.8411605],[108.28412,22.8411037],[108.2842058,22.8409677],[108.2843936,22.8408342],[108.2843909,22.8405005]]]}},{"type":"Feature","id":"way/685589482","properties":{"id":"way/685589482","name":"鉴湖","kind":"water","osmVersion":2,"osmEditedAt":"2020-08-31T14:25:50Z","sourceUrl":"https://www.openstreetmap.org/way/685589482","insideCampus":true,"tags":{"name":"鉴湖","natural":"water","water":"pond"}},"geometry":{"type":"Polygon","coordinates":[[[108.2850614,22.8417118],[108.2851687,22.8417118],[108.2851902,22.8416574],[108.2852116,22.8409603],[108.2851258,22.8408565],[108.2850292,22.8407304],[108.2848978,22.8406563],[108.2847798,22.8404907],[108.2846993,22.8404561],[108.2846376,22.8404931],[108.2846403,22.8408466],[108.2848147,22.8409455],[108.2849541,22.8411754],[108.2849434,22.8414448],[108.2849085,22.841519],[108.2849488,22.8417118],[108.2850614,22.8417118]]]}},{"type":"Feature","id":"way/685589483","properties":{"id":"way/685589483","name":"彩蝶湖","kind":"water","osmVersion":3,"osmEditedAt":"2026-02-06T17:22:04Z","sourceUrl":"https://www.openstreetmap.org/way/685589483","insideCampus":true,"tags":{"name":"彩蝶湖","natural":"water","water":"pond"}},"geometry":{"type":"Polygon","coordinates":[[[108.2835111,22.8469409],[108.283892,22.8469681],[108.2839389,22.8467098],[108.2839738,22.8465318],[108.2839966,22.8463107],[108.2840167,22.8460684],[108.2839966,22.8457879],[108.283947,22.845558],[108.2838853,22.8453676],[108.2838262,22.8452144],[108.2837686,22.8451501],[108.2836318,22.8451427],[108.2835352,22.8451798],[108.2835272,22.8453429],[108.283554,22.8455407],[108.2835942,22.8457656],[108.2836559,22.8459065],[108.2837445,22.8461018],[108.2838115,22.8464429],[108.2837793,22.8465986],[108.2837364,22.8467345],[108.2836264,22.8468408],[108.2834816,22.8468433],[108.2835111,22.8469409]]]}},{"type":"Feature","id":"way/685589484","properties":{"id":"way/685589484","name":"爱莲湖","kind":"water","osmVersion":2,"osmEditedAt":"2020-08-31T14:25:50Z","sourceUrl":"https://www.openstreetmap.org/way/685589484","insideCampus":true,"tags":{"name":"爱莲湖","natural":"water","water":"pond"}},"geometry":{"type":"Polygon","coordinates":[[[108.2833984,22.8449622],[108.283487,22.8449499],[108.283546,22.8449499],[108.2835728,22.8448955],[108.2835862,22.8448041],[108.2835647,22.844725],[108.2835406,22.8446582],[108.2834655,22.8445247],[108.2834172,22.8444629],[108.283326,22.8443319],[108.2832804,22.8442751],[108.283208,22.844196],[108.2831678,22.8441391],[108.2830873,22.8440848],[108.2830149,22.8440403],[108.2829773,22.844023],[108.2829049,22.8440254],[108.2828164,22.8440378],[108.2828057,22.844107],[108.2828352,22.8441886],[108.2828513,22.8442504],[108.2828352,22.84428],[108.2828352,22.8443369],[108.2828191,22.8444135],[108.2828996,22.8443962],[108.2829693,22.8444011],[108.2830149,22.8444456],[108.2831597,22.8447299],[108.2832268,22.8447571],[108.2832912,22.8449202],[108.2833314,22.8449969],[108.2833984,22.8449622]]]}},{"type":"Feature","id":"way/685682485","properties":{"id":"way/685682485","name":"育才路","kind":"roads","osmVersion":3,"osmEditedAt":"2021-06-22T17:15:44Z","sourceUrl":"https://www.openstreetmap.org/way/685682485","insideCampus":true,"tags":{"highway":"living_street","name":"育才路"}},"geometry":{"type":"LineString","coordinates":[[108.284528,22.8395558],[108.2844951,22.8409107]]}},{"type":"Feature","id":"way/685682486","properties":{"id":"way/685682486","name":"","kind":"roads","osmVersion":6,"osmEditedAt":"2021-06-23T06:09:07Z","sourceUrl":"https://www.openstreetmap.org/way/685682486","insideCampus":true,"tags":{"highway":"service"}},"geometry":{"type":"LineString","coordinates":[[108.2837268,22.8395567],[108.284528,22.8395558]]}},{"type":"Feature","id":"way/685682488","properties":{"id":"way/685682488","name":"","kind":"roads","osmVersion":6,"osmEditedAt":"2021-06-23T11:30:01Z","sourceUrl":"https://www.openstreetmap.org/way/685682488","insideCampus":true,"tags":{"highway":"residential"}},"geometry":{"type":"LineString","coordinates":[[108.2822298,22.837678],[108.283744,22.8377021]]}},{"type":"Feature","id":"way/685682489","properties":{"id":"way/685682489","name":"","kind":"roads","osmVersion":5,"osmEditedAt":"2026-04-22T04:32:51Z","sourceUrl":"https://www.openstreetmap.org/way/685682489","insideCampus":true,"tags":{"highway":"footway"}},"geometry":{"type":"LineString","coordinates":[[108.2847547,22.8384279],[108.2850621,22.8384325],[108.2852629,22.8384331]]}},{"type":"Feature","id":"way/685682490","properties":{"id":"way/685682490","name":"","kind":"roads","osmVersion":5,"osmEditedAt":"2026-04-22T04:32:51Z","sourceUrl":"https://www.openstreetmap.org/way/685682490","insideCampus":true,"tags":{"highway":"footway"}},"geometry":{"type":"LineString","coordinates":[[108.2838026,22.8384252],[108.2841416,22.8384213],[108.2842924,22.8384216]]}},{"type":"Feature","id":"way/685682491","properties":{"id":"way/685682491","name":"育才广场","kind":"roads","osmVersion":10,"osmEditedAt":"2026-04-22T04:32:51Z","sourceUrl":"https://www.openstreetmap.org/way/685682491","insideCampus":true,"tags":{"area":"yes","highway":"pedestrian","name":"育才广场"}},"geometry":{"type":"Polygon","coordinates":[[[108.2846966,22.8383055],[108.2846184,22.8382261],[108.2846331,22.8376738],[108.2846462,22.836961],[108.2846586,22.8367397],[108.2844311,22.83674],[108.284429,22.8376667],[108.2844322,22.8382322],[108.2843533,22.8383006],[108.2842924,22.8384216],[108.2842896,22.8387501],[108.2847559,22.8387496],[108.2847547,22.8384279],[108.2846966,22.8383055]]]}},{"type":"Feature","id":"way/685682492","properties":{"id":"way/685682492","name":"榕江路","kind":"roads","osmVersion":6,"osmEditedAt":"2022-07-07T08:58:32Z","sourceUrl":"https://www.openstreetmap.org/way/685682492","insideCampus":true,"tags":{"highway":"residential","name":"榕江路"}},"geometry":{"type":"LineString","coordinates":[[108.2869208,22.8384312],[108.2869224,22.8397324],[108.2869002,22.8398592],[108.2868266,22.8431651],[108.2868236,22.8450858]]}},{"type":"Feature","id":"way/685682493","properties":{"id":"way/685682493","name":"","kind":"roads","osmVersion":6,"osmEditedAt":"2021-06-22T17:15:44Z","sourceUrl":"https://www.openstreetmap.org/way/685682493","insideCampus":true,"tags":{"highway":"service"}},"geometry":{"type":"LineString","coordinates":[[108.2853872,22.8383],[108.2863127,22.8383043],[108.2863996,22.8384207]]}},{"type":"Feature","id":"way/685682494","properties":{"id":"way/685682494","name":"","kind":"roads","osmVersion":7,"osmEditedAt":"2021-06-23T11:30:01Z","sourceUrl":"https://www.openstreetmap.org/way/685682494","insideCampus":true,"tags":{"highway":"residential"}},"geometry":{"type":"LineString","coordinates":[[108.281698,22.8450595],[108.2817995,22.844821],[108.2820179,22.8443919],[108.2821888,22.8441045],[108.2821947,22.8439214],[108.2821979,22.8437109],[108.2822204,22.8427306],[108.2822168,22.8425078],[108.2822232,22.8423692],[108.2822397,22.8421889]]}},{"type":"Feature","id":"way/685682495","properties":{"id":"way/685682495","name":"","kind":"roads","osmVersion":7,"osmEditedAt":"2021-08-18T05:08:15Z","sourceUrl":"https://www.openstreetmap.org/way/685682495","insideCampus":true,"tags":{"highway":"residential","maxspeed":"30","oneway":"yes"}},"geometry":{"type":"LineString","coordinates":[[108.2845078,22.8352103],[108.2845491,22.8353244],[108.2846127,22.8354878],[108.2846401,22.8356804],[108.2846031,22.8358081],[108.2845898,22.8365616],[108.2845485,22.8366544]]}},{"type":"Feature","id":"way/685682496","properties":{"id":"way/685682496","name":"君武路","kind":"roads","osmVersion":14,"osmEditedAt":"2026-07-25T03:46:04Z","sourceUrl":"https://www.openstreetmap.org/way/685682496","insideCampus":true,"tags":{"highway":"residential","name":"君武路"}},"geometry":{"type":"LineString","coordinates":[[108.2845485,22.8366544],[108.2843817,22.8366884],[108.2842523,22.8367198],[108.2841432,22.8367657],[108.284042,22.8368263],[108.2838994,22.8369671],[108.283824,22.8370816],[108.2837658,22.8372283],[108.2837472,22.8373665],[108.2836857,22.8439036],[108.2836774,22.845029]]}},{"type":"Feature","id":"way/685682497","properties":{"id":"way/685682497","name":"崇文路","kind":"roads","osmVersion":14,"osmEditedAt":"2026-02-06T17:22:04Z","sourceUrl":"https://www.openstreetmap.org/way/685682497","insideCampus":true,"tags":{"highway":"residential","name":"崇文路"}},"geometry":{"type":"LineString","coordinates":[[108.2845485,22.8366544],[108.2847354,22.8366864],[108.2848227,22.8367061],[108.2849249,22.8367543],[108.2850221,22.8368116],[108.2851091,22.8368788],[108.2851886,22.8369644],[108.2852513,22.837053],[108.285299,22.8371508],[108.2853264,22.8372626],[108.2853388,22.8373859],[108.2852762,22.8421098]]}},{"type":"Feature","id":"way/686131213","properties":{"id":"way/686131213","name":"蝶山路","kind":"roads","osmVersion":8,"osmEditedAt":"2026-03-24T13:03:15Z","sourceUrl":"https://www.openstreetmap.org/way/686131213","insideCampus":true,"tags":{"highway":"residential","name":"蝶山路"}},"geometry":{"type":"LineString","coordinates":[[108.2898835,22.8469186],[108.2899429,22.8466166],[108.2900337,22.8462291],[108.2900655,22.8460434],[108.2904243,22.844477],[108.2905669,22.8438823],[108.2906546,22.8435037]]}},{"type":"Feature","id":"way/686131215","properties":{"id":"way/686131215","name":"荟贤东路","kind":"roads","osmVersion":8,"osmEditedAt":"2026-03-24T13:03:15Z","sourceUrl":"https://www.openstreetmap.org/way/686131215","insideCampus":true,"tags":{"highway":"residential","name":"荟贤东路"}},"geometry":{"type":"LineString","coordinates":[[108.287647,22.8461957],[108.2891605,22.8464899],[108.289729,22.846598],[108.2899429,22.8466166],[108.2904956,22.8467734]]}},{"type":"Feature","id":"way/686131216","properties":{"id":"way/686131216","name":"沙塘路","kind":"roads","osmVersion":5,"osmEditedAt":"2021-06-23T16:09:46Z","sourceUrl":"https://www.openstreetmap.org/way/686131216","insideCampus":true,"tags":{"highway":"residential","name":"沙塘路"}},"geometry":{"type":"LineString","coordinates":[[108.2891605,22.8464899],[108.2892963,22.845867],[108.2894602,22.8447939],[108.2896909,22.8437325],[108.2897003,22.8436546],[108.2896345,22.8436028]]}},{"type":"Feature","id":"way/686131218","properties":{"id":"way/686131218","name":"","kind":"roads","osmVersion":2,"osmEditedAt":"2019-12-29T07:45:02Z","sourceUrl":"https://www.openstreetmap.org/way/686131218","insideCampus":true,"tags":{"highway":"service"}},"geometry":{"type":"LineString","coordinates":[[108.2836857,22.8439036],[108.282798,22.8439175],[108.2821947,22.8439214]]}},{"type":"Feature","id":"way/686131221","properties":{"id":"way/686131221","name":"","kind":"roads","osmVersion":3,"osmEditedAt":"2021-06-23T11:30:01Z","sourceUrl":"https://www.openstreetmap.org/way/686131221","insideCampus":true,"tags":{"highway":"service"}},"geometry":{"type":"LineString","coordinates":[[108.2822153,22.8429549],[108.2836946,22.8429551]]}},{"type":"Feature","id":"way/686131222","properties":{"id":"way/686131222","name":"","kind":"roads","osmVersion":6,"osmEditedAt":"2021-06-22T17:15:44Z","sourceUrl":"https://www.openstreetmap.org/way/686131222","insideCampus":true,"tags":{"highway":"service"}},"geometry":{"type":"LineString","coordinates":[[108.2923668,22.8534925],[108.2925492,22.8529191],[108.2928201,22.8522468],[108.2922166,22.8520787],[108.2922917,22.8518142]]}},{"type":"Feature","id":"way/686131223","properties":{"id":"way/686131223","name":"","kind":"roads","osmVersion":8,"osmEditedAt":"2026-04-20T15:35:24Z","sourceUrl":"https://www.openstreetmap.org/way/686131223","insideCampus":true,"tags":{"highway":"service"}},"geometry":{"type":"LineString","coordinates":[[108.2894054,22.8405314],[108.2899082,22.8405673],[108.2896654,22.841121],[108.2894059,22.8411321]]}},{"type":"Feature","id":"way/686131224","properties":{"id":"way/686131224","name":"良丰路","kind":"roads","osmVersion":5,"osmEditedAt":"2021-07-07T10:35:40Z","sourceUrl":"https://www.openstreetmap.org/way/686131224","insideCampus":true,"tags":{"highway":"residential","name":"良丰路","surface":"asphalt"}},"geometry":{"type":"LineString","coordinates":[[108.2869224,22.8397324],[108.2879172,22.8397313]]}},{"type":"Feature","id":"way/686131225","properties":{"id":"way/686131225","name":"","kind":"roads","osmVersion":6,"osmEditedAt":"2021-06-22T17:15:44Z","sourceUrl":"https://www.openstreetmap.org/way/686131225","insideCampus":true,"tags":{"highway":"service"}},"geometry":{"type":"LineString","coordinates":[[108.2912237,22.8555733],[108.2894415,22.8557661],[108.2893315,22.8550246]]}},{"type":"Feature","id":"way/686131226","properties":{"id":"way/686131226","name":"","kind":"roads","osmVersion":3,"osmEditedAt":"2021-07-07T10:35:40Z","sourceUrl":"https://www.openstreetmap.org/way/686131226","insideCampus":true,"tags":{"highway":"residential"}},"geometry":{"type":"LineString","coordinates":[[108.2869002,22.8398592],[108.2863918,22.839859]]}},{"type":"Feature","id":"way/686131227","properties":{"id":"way/686131227","name":"","kind":"roads","osmVersion":3,"osmEditedAt":"2021-06-22T17:15:44Z","sourceUrl":"https://www.openstreetmap.org/way/686131227","insideCampus":true,"tags":{"highway":"service"}},"geometry":{"type":"LineString","coordinates":[[108.2863918,22.839859],[108.2863945,22.8418438]]}},{"type":"Feature","id":"way/686131228","properties":{"id":"way/686131228","name":"","kind":"roads","osmVersion":3,"osmEditedAt":"2021-06-22T17:15:44Z","sourceUrl":"https://www.openstreetmap.org/way/686131228","insideCampus":true,"tags":{"highway":"residential"}},"geometry":{"type":"LineString","coordinates":[[108.2853238,22.8385217],[108.2863969,22.8385208]]}},{"type":"Feature","id":"way/686131229","properties":{"id":"way/686131229","name":"","kind":"roads","osmVersion":4,"osmEditedAt":"2021-06-22T17:15:44Z","sourceUrl":"https://www.openstreetmap.org/way/686131229","insideCampus":true,"tags":{"highway":"service"}},"geometry":{"type":"LineString","coordinates":[[108.2830114,22.8382104],[108.2830125,22.8383907],[108.2830496,22.8384456],[108.2831059,22.8384793],[108.2836375,22.8384948],[108.2837366,22.838495]]}},{"type":"Feature","id":"way/686131231","properties":{"id":"way/686131231","name":"","kind":"roads","osmVersion":7,"osmEditedAt":"2026-07-25T03:46:04Z","sourceUrl":"https://www.openstreetmap.org/way/686131231","insideCampus":true,"tags":{"highway":"residential"}},"geometry":{"type":"LineString","coordinates":[[108.2837472,22.8373665],[108.2835494,22.8373613],[108.2830846,22.8373581],[108.2829956,22.8373404],[108.2829048,22.8373006],[108.2828444,22.8372685],[108.2827902,22.8372238],[108.282734,22.8371503],[108.2826631,22.8370355],[108.2825716,22.8370228],[108.2825617,22.8361309],[108.2825498,22.8360874]]}},{"type":"Feature","id":"way/686131232","properties":{"id":"way/686131232","name":"","kind":"roads","osmVersion":3,"osmEditedAt":"2021-06-22T17:15:44Z","sourceUrl":"https://www.openstreetmap.org/way/686131232","insideCampus":true,"tags":{"highway":"service"}},"geometry":{"type":"LineString","coordinates":[[108.2826631,22.8370355],[108.2835626,22.8370392]]}},{"type":"Feature","id":"way/686131233","properties":{"id":"way/686131233","name":"","kind":"roads","osmVersion":4,"osmEditedAt":"2021-06-22T17:15:44Z","sourceUrl":"https://www.openstreetmap.org/way/686131233","insideCampus":true,"tags":{"highway":"service"}},"geometry":{"type":"LineString","coordinates":[[108.2835494,22.8373613],[108.2835626,22.8370392],[108.2836154,22.8369156],[108.2836508,22.8367697],[108.2836491,22.8363089],[108.2835621,22.8362562],[108.2834072,22.8362192],[108.2832679,22.8361879],[108.283102,22.8361848],[108.2828927,22.8362537],[108.2826215,22.8363515],[108.2825645,22.8363628]]}},{"type":"Feature","id":"way/686131235","properties":{"id":"way/686131235","name":"","kind":"roads","osmVersion":2,"osmEditedAt":"2020-08-31T15:52:32Z","sourceUrl":"https://www.openstreetmap.org/way/686131235","insideCampus":true,"tags":{"highway":"service"}},"geometry":{"type":"LineString","coordinates":[[108.2853165,22.839072],[108.2863945,22.8390841]]}},{"type":"Feature","id":"way/686131236","properties":{"id":"way/686131236","name":"","kind":"roads","osmVersion":4,"osmEditedAt":"2021-06-22T17:15:44Z","sourceUrl":"https://www.openstreetmap.org/way/686131236","insideCampus":true,"tags":{"highway":"residential"}},"geometry":{"type":"LineString","coordinates":[[108.285308,22.8397133],[108.2863924,22.8397255]]}},{"type":"Feature","id":"way/699156911","properties":{"id":"way/699156911","name":"博萃路","kind":"roads","osmVersion":5,"osmEditedAt":"2026-02-06T17:22:04Z","sourceUrl":"https://www.openstreetmap.org/way/699156911","insideCampus":true,"tags":{"highway":"residential","name":"博萃路"}},"geometry":{"type":"LineString","coordinates":[[108.2822397,22.8421889],[108.2822745,22.8419935],[108.282343,22.8418885],[108.282465,22.8418255],[108.2829219,22.8418158],[108.2837055,22.8418021],[108.28528,22.8418218],[108.2863945,22.8418438],[108.2868561,22.8418456],[108.28792,22.8418552],[108.2886094,22.8418581],[108.2892162,22.8418693],[108.2894058,22.8418871]]}},{"type":"Feature","id":"way/699156912","properties":{"id":"way/699156912","name":"","kind":"roads","osmVersion":4,"osmEditedAt":"2021-06-22T17:15:44Z","sourceUrl":"https://www.openstreetmap.org/way/699156912","insideCampus":true,"tags":{"highway":"residential"}},"geometry":{"type":"LineString","coordinates":[[108.2936058,22.8457146],[108.2939625,22.8457319],[108.2939166,22.8471421]]}},{"type":"Feature","id":"way/699156913","properties":{"id":"way/699156913","name":"雁山路","kind":"roads","osmVersion":7,"osmEditedAt":"2026-02-06T17:22:04Z","sourceUrl":"https://www.openstreetmap.org/way/699156913","insideCampus":true,"tags":{"highway":"residential","name":"雁山路"}},"geometry":{"type":"LineString","coordinates":[[108.2879172,22.8397313],[108.2879217,22.8431949]]}},{"type":"Feature","id":"way/699156914","properties":{"id":"way/699156914","name":"","kind":"roads","osmVersion":5,"osmEditedAt":"2022-07-07T08:58:32Z","sourceUrl":"https://www.openstreetmap.org/way/699156914","insideCampus":true,"tags":{"highway":"residential"}},"geometry":{"type":"LineString","coordinates":[[108.2836936,22.8430686],[108.2852675,22.8430886],[108.2865353,22.8430973],[108.2868266,22.8431651],[108.2879217,22.8431949],[108.2896345,22.8436028],[108.2897101,22.8433201],[108.2906546,22.8435037],[108.2919579,22.8437864]]}},{"type":"Feature","id":"way/699156915","properties":{"id":"way/699156915","name":"","kind":"roads","osmVersion":7,"osmEditedAt":"2021-06-23T06:09:07Z","sourceUrl":"https://www.openstreetmap.org/way/699156915","insideCampus":true,"tags":{"highway":"residential"}},"geometry":{"type":"LineString","coordinates":[[108.2869208,22.8384312],[108.2863996,22.8384207],[108.2863969,22.8385208],[108.2863918,22.839859]]}},{"type":"Feature","id":"way/699156917","properties":{"id":"way/699156917","name":"碧云路","kind":"roads","osmVersion":6,"osmEditedAt":"2021-08-30T11:54:23Z","sourceUrl":"https://www.openstreetmap.org/way/699156917","insideCampus":true,"tags":{"highway":"residential","name":"碧云路"}},"geometry":{"type":"LineString","coordinates":[[108.2970414,22.8473651],[108.2961483,22.8473117],[108.2939166,22.8471421],[108.2928927,22.8470962],[108.2923152,22.8470635],[108.2914738,22.8469999]]}},{"type":"Feature","id":"way/699156918","properties":{"id":"way/699156918","name":"","kind":"roads","osmVersion":5,"osmEditedAt":"2021-06-22T17:15:44Z","sourceUrl":"https://www.openstreetmap.org/way/699156918","insideCampus":true,"tags":{"highway":"residential"}},"geometry":{"type":"LineString","coordinates":[[108.2914738,22.8469999],[108.2902571,22.8474735],[108.2897759,22.8476065]]}},{"type":"Feature","id":"way/699156919","properties":{"id":"way/699156919","name":"游泳池","kind":"sports","osmVersion":2,"osmEditedAt":"2019-12-30T04:03:13Z","sourceUrl":"https://www.openstreetmap.org/way/699156919","insideCampus":true,"tags":{"leisure":"swimming_pool","length":"50","location":"outdoor","name":"游泳池","swimming_pool":"outdoor"}},"geometry":{"type":"Polygon","coordinates":[[[108.2934628,22.8494204],[108.2934748,22.8491977],[108.2929832,22.8491753],[108.2929712,22.849398],[108.2934628,22.8494204]]]}},{"type":"Feature","id":"way/699156920","properties":{"id":"way/699156920","name":"综合体育馆","kind":"buildings","osmVersion":2,"osmEditedAt":"2020-08-31T14:25:50Z","sourceUrl":"https://www.openstreetmap.org/way/699156920","insideCampus":true,"tags":{"building":"stadium","name":"综合体育馆"},"category":"culture","height":24,"heightBasis":"参考照片估算","facadeBasis":"参考照片独立建模","landmark":"stadium"},"geometry":{"type":"Polygon","coordinates":[[[108.2869597,22.8444718],[108.2869617,22.8449528],[108.2874016,22.8449513],[108.2873995,22.8444635],[108.2878262,22.8444621],[108.2878224,22.8435286],[108.2869078,22.8435317],[108.2869116,22.844472],[108.2869597,22.8444718]]]}},{"type":"Feature","id":"way/699156922","properties":{"id":"way/699156922","name":"","kind":"roads","osmVersion":2,"osmEditedAt":"2020-12-04T06:24:48Z","sourceUrl":"https://www.openstreetmap.org/way/699156922","insideCampus":true,"tags":{"highway":"service","motor_vehicle":"no"}},"geometry":{"type":"LineString","coordinates":[[108.2844951,22.8409107],[108.2845436,22.8409157],[108.2845901,22.8409293],[108.2846329,22.8409511],[108.2846702,22.8409801],[108.2847006,22.8410152],[108.284723,22.8410552],[108.2847362,22.8410987],[108.2847407,22.8411432],[108.2847308,22.8418149]]}},{"type":"Feature","id":"way/699156923","properties":{"id":"way/699156923","name":"","kind":"roads","osmVersion":2,"osmEditedAt":"2020-12-04T06:24:48Z","sourceUrl":"https://www.openstreetmap.org/way/699156923","insideCampus":true,"tags":{"highway":"service","motor_vehicle":"no"}},"geometry":{"type":"LineString","coordinates":[[108.2844951,22.8409107],[108.2844465,22.8409145],[108.2843996,22.840927],[108.2843563,22.8409476],[108.2843181,22.8409757],[108.2842867,22.8410101],[108.2842631,22.8410494],[108.2842483,22.8410923],[108.2842428,22.841137],[108.284233,22.8418087]]}},{"type":"Feature","id":"way/699156924","properties":{"id":"way/699156924","name":"鸪江路","kind":"roads","osmVersion":5,"osmEditedAt":"2020-09-08T05:37:09Z","sourceUrl":"https://www.openstreetmap.org/way/699156924","insideCampus":true,"tags":{"highway":"unclassified","name":"鸪江路"}},"geometry":{"type":"LineString","coordinates":[[108.2914738,22.8469999],[108.2914618,22.8469354]]}},{"type":"Feature","id":"way/699157425","properties":{"id":"way/699157425","name":"农院路","kind":"roads","osmVersion":2,"osmEditedAt":"2021-05-30T13:50:19Z","sourceUrl":"https://www.openstreetmap.org/way/699157425","insideCampus":true,"tags":{"bridge":"yes","highway":"residential","layer":"1","name":"农院路","name:en":"Nongyuan Road","name:vi":"Đường Nông Viện","name:yue-Latn":"Nungjyun Lu","name:zh":"农院路"}},"geometry":{"type":"LineString","coordinates":[[108.2886921,22.8431823],[108.288532,22.8435309]]}},{"type":"Feature","id":"way/699157426","properties":{"id":"way/699157426","name":"农院路","kind":"roads","osmVersion":6,"osmEditedAt":"2021-05-30T13:50:19Z","sourceUrl":"https://www.openstreetmap.org/way/699157426","insideCampus":true,"tags":{"highway":"residential","name":"农院路","name:en":"Nongyuan Road","name:vi":"Đường Nông Viện","name:yue-Latn":"Nungjyun Lu","name:zh":"农院路"}},"geometry":{"type":"LineString","coordinates":[[108.288532,22.8435309],[108.2883451,22.8439229],[108.2881357,22.8443456],[108.2878055,22.8449219],[108.2876876,22.8450416],[108.2876032,22.8450912]]}},{"type":"Feature","id":"way/700650369","properties":{"id":"way/700650369","name":"","kind":"roads","osmVersion":2,"osmEditedAt":"2019-12-28T17:01:13Z","sourceUrl":"https://www.openstreetmap.org/way/700650369","insideCampus":false,"tags":{"highway":"unclassified"}},"geometry":{"type":"LineString","coordinates":[[108.2945337,22.8446101],[108.2941422,22.8444244]]}},{"type":"Feature","id":"way/730978704","properties":{"id":"way/730978704","name":"翠湖","kind":"water","osmVersion":4,"osmEditedAt":"2020-08-31T14:25:50Z","sourceUrl":"https://www.openstreetmap.org/way/730978704","insideCampus":true,"tags":{"name":"翠湖","natural":"water","water":"pond"}},"geometry":{"type":"Polygon","coordinates":[[[108.2818172,22.8420813],[108.281891,22.8420603],[108.2820654,22.8417686],[108.2822075,22.841692],[108.2823282,22.8416648],[108.2824811,22.8415264],[108.2826716,22.8413657],[108.2826984,22.8413113],[108.2827628,22.8412817],[108.2827976,22.8413435],[108.282921,22.8413336],[108.2830578,22.8412495],[108.283444,22.8412199],[108.2836077,22.8411556],[108.2836211,22.8407922],[108.2835245,22.8407823],[108.2833448,22.8408293],[108.2832053,22.8408441],[108.2830819,22.8407972],[108.2829344,22.8407725],[108.2828218,22.8408615],[108.2828003,22.8409282],[108.282693,22.8410271],[108.2825884,22.8411309],[108.2824194,22.8411828],[108.2818597,22.8413306],[108.2816424,22.8415574],[108.28159,22.8415717],[108.2816599,22.841723],[108.2816027,22.8417488],[108.2817132,22.8419846],[108.2817596,22.8420764],[108.2818172,22.8420813]]]}},{"type":"Feature","id":"way/730978705","properties":{"id":"way/730978705","name":"秋实湖","kind":"water","osmVersion":3,"osmEditedAt":"2020-08-31T14:25:50Z","sourceUrl":"https://www.openstreetmap.org/way/730978705","insideCampus":true,"tags":{"name":"秋实湖","natural":"water","water":"pond"}},"geometry":{"type":"Polygon","coordinates":[[[108.2818267,22.8434223],[108.2818294,22.8432888],[108.2818079,22.843012],[108.2817167,22.8428315],[108.2816121,22.8428513],[108.2815558,22.8428834],[108.281604,22.8434322],[108.2818267,22.8434223]]]}},{"type":"Feature","id":"way/730978706","properties":{"id":"way/730978706","name":"","kind":"water","osmVersion":3,"osmEditedAt":"2021-06-20T15:15:01Z","sourceUrl":"https://www.openstreetmap.org/way/730978706","insideCampus":true,"tags":{"natural":"water","water":"pond"}},"geometry":{"type":"Polygon","coordinates":[[[108.2804212,22.8448584],[108.2805929,22.8444358],[108.28059,22.84424],[108.2807431,22.8437609],[108.2807645,22.8436522],[108.2807216,22.8435854],[108.280668,22.843578],[108.2806224,22.8434248],[108.2806438,22.8432592],[108.2807538,22.8430762],[108.2806948,22.8430144],[108.2807538,22.842923],[108.2809174,22.842567],[108.2809174,22.8424855],[108.2814163,22.8424509],[108.2814538,22.8424385],[108.2816067,22.8421493],[108.2814082,22.8415041],[108.2811159,22.8413435],[108.2809174,22.8413262],[108.280814,22.841358],[108.2806041,22.8420089],[108.2804462,22.8432584],[108.28033,22.8442097],[108.2802709,22.8448542],[108.2804212,22.8448584]]]}},{"type":"Feature","id":"way/759079681","properties":{"id":"way/759079681","name":"第一教学楼","kind":"buildings","osmVersion":3,"osmEditedAt":"2020-12-02T05:22:24Z","sourceUrl":"https://www.openstreetmap.org/way/759079681","insideCampus":true,"tags":{"building":"university","building:levels":"5","name":"第一教学楼"},"category":"academic","height":16.5,"heightBasis":"OSM高度或层数","facadeBasis":"按建筑类型推定","landmark":null},"geometry":{"type":"Polygon","coordinates":[[[108.2855705,22.8387899],[108.2855706,22.8388243],[108.286236,22.8388236],[108.286236,22.8387627],[108.2863521,22.8387625],[108.2863519,22.8386449],[108.2862358,22.838645],[108.2862359,22.8386927],[108.2861467,22.8386929],[108.2861467,22.8387235],[108.2856528,22.838724],[108.2856528,22.8386832],[108.2855704,22.8386832],[108.2855703,22.8386524],[108.2854377,22.8386526],[108.2854378,22.8387901],[108.2855705,22.8387899]]]}},{"type":"Feature","id":"way/759079682","properties":{"id":"way/759079682","name":"绿色能源与建筑节能研究开发中心","kind":"buildings","osmVersion":2,"osmEditedAt":"2021-06-23T06:09:07Z","sourceUrl":"https://www.openstreetmap.org/way/759079682","insideCampus":true,"tags":{"building":"university","name":"绿色能源与建筑节能研究开发中心","office":"research"},"category":"academic","height":16.5,"heightBasis":"按类型估算","facadeBasis":"按建筑类型推定","landmark":null},"geometry":{"type":"Polygon","coordinates":[[[108.28619,22.8384549],[108.28619,22.8384203],[108.2863148,22.8384201],[108.2863146,22.8383334],[108.2854462,22.8383344],[108.2854464,22.8384557],[108.28619,22.8384549]]]}},{"type":"Feature","id":"way/759079683","properties":{"id":"way/759079683","name":"机械工程学院","kind":"buildings","osmVersion":6,"osmEditedAt":"2021-06-23T06:09:07Z","sourceUrl":"https://www.openstreetmap.org/way/759079683","insideCampus":true,"tags":{"building":"university","building:levels":"7","faculty":"mechanical_engineering","height":"30","name":"机械工程学院","office":"educational_institution","operator":"广西大学","website":"https://me.gxu.edu.cn/"},"category":"academic","height":30.0,"heightBasis":"OSM高度或层数","facadeBasis":"按建筑类型推定","landmark":null},"geometry":{"type":"Polygon","coordinates":[[[108.2864058,22.8381358],[108.2864057,22.8380891],[108.2867285,22.8380887],[108.2867283,22.8379869],[108.2857961,22.8379879],[108.2857961,22.8379424],[108.2854556,22.8379427],[108.2854558,22.8381368],[108.2864058,22.8381358]]]}},{"type":"Feature","id":"way/759079684","properties":{"id":"way/759079684","name":"电气工程学院现代防雷技术实验室","kind":"buildings","osmVersion":3,"osmEditedAt":"2020-12-02T05:22:24Z","sourceUrl":"https://www.openstreetmap.org/way/759079684","insideCampus":true,"tags":{"building":"university","building:levels":"3","name":"电气工程学院现代防雷技术实验室"},"category":"academic","height":9.899999999999999,"heightBasis":"OSM高度或层数","facadeBasis":"按建筑类型推定","landmark":null},"geometry":{"type":"Polygon","coordinates":[[[108.2869156,22.8383321],[108.2869153,22.8381041],[108.2867554,22.8381042],[108.2867557,22.8383323],[108.2869156,22.8383321]]]}},{"type":"Feature","id":"way/759079685","properties":{"id":"way/759079685","name":"工程实践与训练中心","kind":"buildings","osmVersion":4,"osmEditedAt":"2021-06-23T06:09:07Z","sourceUrl":"https://www.openstreetmap.org/way/759079685","insideCampus":true,"tags":{"building":"university","building:levels":"2","name":"工程实践与训练中心"},"category":"academic","height":6.6,"heightBasis":"OSM高度或层数","facadeBasis":"按建筑类型推定","landmark":null},"geometry":{"type":"Polygon","coordinates":[[[108.2855802,22.8376486],[108.2856102,22.8377087],[108.2856387,22.8377387],[108.2856916,22.8377764],[108.2861014,22.8377759],[108.2861014,22.8378303],[108.2864027,22.83783],[108.2864025,22.8376593],[108.2862323,22.8376595],[108.2862322,22.8375649],[108.2855801,22.8375657],[108.2855802,22.8376486]]]}},{"type":"Feature","id":"way/759080586","properties":{"id":"way/759080586","name":"无机非金属材料楼","kind":"buildings","osmVersion":3,"osmEditedAt":"2026-07-25T03:46:04Z","sourceUrl":"https://www.openstreetmap.org/way/759080586","insideCampus":true,"tags":{"alt_name":"化学化工学院一号楼","building":"university","name":"无机非金属材料楼"},"category":"academic","height":16.5,"heightBasis":"按类型估算","facadeBasis":"按建筑类型推定","landmark":null},"geometry":{"type":"Polygon","coordinates":[[[108.2833036,22.8374657],[108.2833035,22.8374078],[108.2831056,22.8374081],[108.2831056,22.8374501],[108.2830024,22.8374503],[108.2830024,22.8373946],[108.2826849,22.8373949],[108.282685,22.8374082],[108.2826501,22.8374083],[108.2826502,22.837554],[108.2829832,22.8375537],[108.2829832,22.8376012],[108.2832543,22.8376009],[108.2832542,22.8375633],[108.2833354,22.8375632],[108.2833353,22.8374656],[108.2833036,22.8374657]]]}},{"type":"Feature","id":"way/759080587","properties":{"id":"way/759080587","name":"广西碳酸钙产业化工工程院","kind":"buildings","osmVersion":2,"osmEditedAt":"2020-08-31T15:16:20Z","sourceUrl":"https://www.openstreetmap.org/way/759080587","insideCampus":true,"tags":{"building":"university","name":"广西碳酸钙产业化工工程院"},"category":"academic","height":16.5,"heightBasis":"按类型估算","facadeBasis":"按建筑类型推定","landmark":null},"geometry":{"type":"Polygon","coordinates":[[[108.2820316,22.8374153],[108.2820316,22.8374341],[108.2818392,22.8374343],[108.2818394,22.8375819],[108.2823624,22.8375813],[108.2823623,22.8374772],[108.282447,22.8374771],[108.282447,22.8374148],[108.2820316,22.8374153]]]}},{"type":"Feature","id":"way/759080588","properties":{"id":"way/759080588","name":"轻工与食品工程学院","kind":"buildings","osmVersion":6,"osmEditedAt":"2026-07-25T03:46:04Z","sourceUrl":"https://www.openstreetmap.org/way/759080588","insideCampus":true,"tags":{"building":"university","building:levels":"6","faculty":"light_industry_and_food_engineering","name":"轻工与食品工程学院","office":"educational_institution","operator":"广西大学","website":"https://gxulif.gxu.edu.cn/"},"category":"academic","height":19.799999999999997,"heightBasis":"OSM高度或层数","facadeBasis":"按建筑类型推定","landmark":null},"geometry":{"type":"Polygon","coordinates":[[[108.2817763,22.837256],[108.2824101,22.8372553],[108.2824102,22.8373723],[108.2826248,22.8373721],[108.2826247,22.8372981],[108.2826406,22.8372981],[108.2826406,22.8372525],[108.2826841,22.8372524],[108.282684,22.8371419],[108.2826332,22.837142],[108.2826331,22.8370869],[108.2822827,22.8370872],[108.2822827,22.8370531],[108.281776,22.8370536],[108.2817763,22.837256]]]}},{"type":"Feature","id":"way/759080590","properties":{"id":"way/759080590","name":"","kind":"roads","osmVersion":3,"osmEditedAt":"2021-06-22T17:15:44Z","sourceUrl":"https://www.openstreetmap.org/way/759080590","insideCampus":true,"tags":{"highway":"service"}},"geometry":{"type":"LineString","coordinates":[[108.285334,22.8377508],[108.2853953,22.8377532],[108.2856476,22.8378568],[108.2865734,22.8379326]]}},{"type":"Feature","id":"way/759090364","properties":{"id":"way/759090364","name":"国际学院三号教学楼","kind":"buildings","osmVersion":2,"osmEditedAt":"2020-08-31T15:52:32Z","sourceUrl":"https://www.openstreetmap.org/way/759090364","insideCampus":true,"tags":{"building":"university","name":"国际学院三号教学楼"},"category":"academic","height":16.5,"heightBasis":"按类型估算","facadeBasis":"按建筑类型推定","landmark":null},"geometry":{"type":"Polygon","coordinates":[[[108.284849,22.8393384],[108.2848491,22.8393662],[108.2849272,22.8393661],[108.2849271,22.8393459],[108.2849563,22.8393459],[108.2849564,22.8393671],[108.2850267,22.8393671],[108.2850266,22.8393472],[108.2851348,22.839347],[108.2851347,22.8392663],[108.2850182,22.8392664],[108.2850181,22.8392456],[108.2849804,22.8392457],[108.2849805,22.8392726],[108.2849059,22.8392726],[108.2849058,22.8392435],[108.2848663,22.8392436],[108.2848663,22.8392687],[108.2847492,22.8392688],[108.2847492,22.8393385],[108.284849,22.8393384]]]}},{"type":"Feature","id":"way/759090366","properties":{"id":"way/759090366","name":"","kind":"roads","osmVersion":4,"osmEditedAt":"2026-04-22T04:32:51Z","sourceUrl":"https://www.openstreetmap.org/way/759090366","insideCampus":true,"tags":{"highway":"footway"}},"geometry":{"type":"LineString","coordinates":[[108.2850621,22.8384325],[108.2850519,22.8383479],[108.2850356,22.8383367],[108.2849929,22.8383292],[108.2849452,22.8383282],[108.2849025,22.8383311],[108.2848537,22.8383039],[108.2848212,22.8382711],[108.2848191,22.8381999],[108.2848516,22.8381737],[108.2848994,22.8381625],[108.2849675,22.838155],[108.2850209,22.838117],[108.2850214,22.838051],[108.2849899,22.8380116],[108.2849075,22.8380266],[108.2848527,22.8380229],[108.2848242,22.8379835],[108.2848201,22.8379273],[108.2848395,22.8378918],[108.2848862,22.8378749],[108.2850102,22.8378196],[108.2850275,22.837784],[108.2850417,22.8377269],[108.2850481,22.8376785],[108.2850551,22.8376563],[108.285087,22.837641],[108.2851134,22.8376034],[108.2850937,22.8375699],[108.2850733,22.8375564],[108.285067,22.8375412],[108.2850755,22.8375279],[108.2851006,22.8375082],[108.2851303,22.8374726],[108.285124,22.837438],[108.2850974,22.8374033]]}},{"type":"Feature","id":"way/759090367","properties":{"id":"way/759090367","name":"","kind":"roads","osmVersion":2,"osmEditedAt":"2026-04-22T04:32:51Z","sourceUrl":"https://www.openstreetmap.org/way/759090367","insideCampus":true,"tags":{"highway":"footway"}},"geometry":{"type":"LineString","coordinates":[[108.2848601,22.8368907],[108.2848636,22.8368326],[108.284825,22.8367703]]}},{"type":"Feature","id":"way/759090370","properties":{"id":"way/759090370","name":"","kind":"roads","osmVersion":3,"osmEditedAt":"2021-06-22T17:15:44Z","sourceUrl":"https://www.openstreetmap.org/way/759090370","insideCampus":true,"tags":{"highway":"service"}},"geometry":{"type":"LineString","coordinates":[[108.2833883,22.8382106],[108.2833979,22.8376967]]}},{"type":"Feature","id":"way/759090371","properties":{"id":"way/759090371","name":"无机材料楼","kind":"buildings","osmVersion":5,"osmEditedAt":"2026-07-25T03:46:04Z","sourceUrl":"https://www.openstreetmap.org/way/759090371","insideCampus":true,"tags":{"alt_name":"化学化工学院二号楼","building":"university","name":"无机材料楼"},"category":"academic","height":16.5,"heightBasis":"按类型估算","facadeBasis":"按建筑类型推定","landmark":null},"geometry":{"type":"Polygon","coordinates":[[[108.2830854,22.8380367],[108.2830855,22.8380795],[108.2833328,22.8380792],[108.2833325,22.8378539],[108.2830801,22.8378541],[108.2830802,22.8378793],[108.282524,22.8378799],[108.282524,22.8378161],[108.2822377,22.8378164],[108.282238,22.8380625],[108.2823391,22.8380624],[108.2823389,22.837986],[108.2825104,22.8379858],[108.2825105,22.8380374],[108.2830854,22.8380367]]]}},{"type":"Feature","id":"way/759090372","properties":{"id":"way/759090372","name":"","kind":"roads","osmVersion":4,"osmEditedAt":"2021-06-23T11:30:01Z","sourceUrl":"https://www.openstreetmap.org/way/759090372","insideCampus":true,"tags":{"highway":"residential"}},"geometry":{"type":"LineString","coordinates":[[108.2837392,22.8382197],[108.2833883,22.8382106],[108.2830114,22.8382104],[108.2822205,22.8381898]]}},{"type":"Feature","id":"way/759090376","properties":{"id":"way/759090376","name":"机械教学实验中心","kind":"buildings","osmVersion":4,"osmEditedAt":"2026-04-23T02:33:05Z","sourceUrl":"https://www.openstreetmap.org/way/759090376","insideCampus":true,"tags":{"building":"university","construction":"yes","name":"机械教学实验中心"},"category":"academic","height":16.5,"heightBasis":"按类型估算","facadeBasis":"按建筑类型推定","landmark":null},"geometry":{"type":"Polygon","coordinates":[[[108.2820112,22.8384099],[108.2820113,22.8385097],[108.2819197,22.8385098],[108.2819193,22.8382282],[108.2820793,22.8382281],[108.2820786,22.8377091],[108.2817685,22.8377094],[108.2817689,22.8380698],[108.2816209,22.83807],[108.2816214,22.838386],[108.2815023,22.8383861],[108.2814259,22.8384288],[108.2814746,22.8384914],[108.2815271,22.8384572],[108.2816215,22.8384571],[108.281622,22.8388451],[108.2820118,22.8388446],[108.2820116,22.8387169],[108.2821569,22.8387167],[108.2821565,22.8384097],[108.2820112,22.8384099]]]}},{"type":"Feature","id":"way/759096561","properties":{"id":"way/759096561","name":"电气工程学院","kind":"buildings","osmVersion":4,"osmEditedAt":"2021-06-23T06:09:07Z","sourceUrl":"https://www.openstreetmap.org/way/759096561","insideCampus":true,"tags":{"building":"university","faculty":"electrical_engineering","name":"电气工程学院","office":"educational_institution","operator":"广西大学","website":"https://dqgc.gxu.edu.cn/"},"category":"academic","height":16.5,"heightBasis":"按类型估算","facadeBasis":"按建筑类型推定","landmark":null},"geometry":{"type":"Polygon","coordinates":[[[108.2852131,22.8399158],[108.2852129,22.8397453],[108.2845998,22.839746],[108.2846,22.8399165],[108.2852131,22.8399158]]]}},{"type":"Feature","id":"way/759096563","properties":{"id":"way/759096563","name":"校内建筑 759096563","kind":"buildings","osmVersion":2,"osmEditedAt":"2021-06-22T17:26:57Z","sourceUrl":"https://www.openstreetmap.org/way/759096563","insideCampus":true,"tags":{"building":"university"},"category":"academic","height":16.5,"heightBasis":"按类型估算","facadeBasis":"按建筑类型推定","landmark":null},"geometry":{"type":"Polygon","coordinates":[[[108.285091,22.8401792],[108.2850908,22.8400463],[108.2847247,22.8400467],[108.2847249,22.8401796],[108.285091,22.8401792]]]}},{"type":"Feature","id":"way/759096564","properties":{"id":"way/759096564","name":"校内建筑 759096564","kind":"buildings","osmVersion":2,"osmEditedAt":"2021-06-22T17:26:57Z","sourceUrl":"https://www.openstreetmap.org/way/759096564","insideCampus":true,"tags":{"building":"university"},"category":"academic","height":16.5,"heightBasis":"按类型估算","facadeBasis":"按建筑类型推定","landmark":null},"geometry":{"type":"Polygon","coordinates":[[[108.2842695,22.8401604],[108.2842694,22.8400518],[108.2839053,22.8400522],[108.2839055,22.8401608],[108.2842695,22.8401604]]]}},{"type":"Feature","id":"way/759096567","properties":{"id":"way/759096567","name":"","kind":"roads","osmVersion":3,"osmEditedAt":"2021-06-23T06:09:07Z","sourceUrl":"https://www.openstreetmap.org/way/759096567","insideCampus":true,"tags":{"highway":"residential"}},"geometry":{"type":"LineString","coordinates":[[108.2821309,22.8392937],[108.2837289,22.8393065]]}},{"type":"Feature","id":"way/759096569","properties":{"id":"way/759096569","name":"良丰路","kind":"roads","osmVersion":5,"osmEditedAt":"2021-07-07T10:35:40Z","sourceUrl":"https://www.openstreetmap.org/way/759096569","insideCampus":true,"tags":{"highway":"service","name":"良丰路"}},"geometry":{"type":"LineString","coordinates":[[108.2879172,22.8397313],[108.2880418,22.83977],[108.2894876,22.8397685]]}},{"type":"Feature","id":"way/759096572","properties":{"id":"way/759096572","name":"","kind":"roads","osmVersion":3,"osmEditedAt":"2026-04-23T02:17:07Z","sourceUrl":"https://www.openstreetmap.org/way/759096572","insideCampus":true,"tags":{"highway":"service"}},"geometry":{"type":"LineString","coordinates":[[108.2814547,22.8407683],[108.2809925,22.840765],[108.2812715,22.8393808],[108.2812688,22.8388864],[108.2821448,22.8388877]]}},{"type":"Feature","id":"way/759096574","properties":{"id":"way/759096574","name":"","kind":"roads","osmVersion":3,"osmEditedAt":"2021-06-23T06:09:07Z","sourceUrl":"https://www.openstreetmap.org/way/759096574","insideCampus":true,"tags":{"highway":"residential"}},"geometry":{"type":"LineString","coordinates":[[108.283734,22.8387693],[108.2822425,22.8387686],[108.2821448,22.8388877],[108.2821309,22.8392937],[108.2821132,22.8399615],[108.2821076,22.8400246],[108.2826114,22.8400364],[108.282859,22.8400401],[108.2837208,22.8401263]]}},{"type":"Feature","id":"way/759096575","properties":{"id":"way/759096575","name":"中国—东盟金融合作学院","kind":"buildings","osmVersion":3,"osmEditedAt":"2021-06-23T06:09:07Z","sourceUrl":"https://www.openstreetmap.org/way/759096575","insideCampus":true,"tags":{"building":"university","faculty":"china-asean_institute_of_financial_cooperation","name":"中国—东盟金融合作学院","office":"educational_institution","operator":"广西大学","website":"https://caifc.gxu.edu.cn/index.htm"},"category":"academic","height":16.5,"heightBasis":"按类型估算","facadeBasis":"按建筑类型推定","landmark":null},"geometry":{"type":"Polygon","coordinates":[[[108.2842855,22.8426275],[108.28413,22.8426277],[108.28413,22.8425886],[108.2840146,22.8425888],[108.2840147,22.8426152],[108.2839918,22.8426153],[108.2839919,22.8427469],[108.2840837,22.8427468],[108.2840837,22.8427303],[108.2842856,22.8427301],[108.2842855,22.8426275]]]}},{"type":"Feature","id":"way/759096576","properties":{"id":"way/759096576","name":"校内建筑 759096576","kind":"buildings","osmVersion":3,"osmEditedAt":"2021-06-23T06:09:07Z","sourceUrl":"https://www.openstreetmap.org/way/759096576","insideCampus":true,"tags":{"building":"apartments","building:levels":"8"},"category":"living","height":26.4,"heightBasis":"OSM高度或层数","facadeBasis":"按建筑类型推定","landmark":null},"geometry":{"type":"Polygon","coordinates":[[[108.2827839,22.8394991],[108.2825547,22.8394994],[108.2825548,22.8395351],[108.2824766,22.8395352],[108.2824767,22.8396295],[108.2825891,22.8396294],[108.2825891,22.8395898],[108.282784,22.8395895],[108.2827839,22.8394991]]]}},{"type":"Feature","id":"way/759096577","properties":{"id":"way/759096577","name":"医学院","kind":"buildings","osmVersion":4,"osmEditedAt":"2026-04-20T15:35:24Z","sourceUrl":"https://www.openstreetmap.org/way/759096577","insideCampus":true,"tags":{"building":"university","faculty":"medical","name":"医学院","office":"educational_institution","operator":"广西大学","website":"https://med.gxu.edu.cn/"},"category":"academic","height":16.5,"heightBasis":"按类型估算","facadeBasis":"按建筑类型推定","landmark":null},"geometry":{"type":"Polygon","coordinates":[[[108.2935625,22.8427422],[108.2935625,22.8427765],[108.2932595,22.8427769],[108.2932597,22.8428715],[108.2935631,22.8428712],[108.2935632,22.842944],[108.2936638,22.8429438],[108.2936636,22.8428141],[108.2937039,22.8428141],[108.2937038,22.842742],[108.2935625,22.8427422]]]}},{"type":"Feature","id":"way/759096587","properties":{"id":"way/759096587","name":"","kind":"roads","osmVersion":2,"osmEditedAt":"2019-12-29T08:35:30Z","sourceUrl":"https://www.openstreetmap.org/way/759096587","insideCampus":true,"tags":{"highway":"service"}},"geometry":{"type":"LineString","coordinates":[[108.2822397,22.8421889],[108.2817856,22.8422002],[108.2817486,22.8421945],[108.2817332,22.8421718]]}},{"type":"Feature","id":"way/759129514","properties":{"id":"way/759129514","name":"计算机与电子信息学院","kind":"buildings","osmVersion":4,"osmEditedAt":"2021-06-23T06:09:07Z","sourceUrl":"https://www.openstreetmap.org/way/759129514","insideCampus":true,"tags":{"building":"university","building:levels":"10","faculty":"computer_electronics_and_infomation","name":"计算机与电子信息学院","office":"educational_institution","operator":"广西大学","website":"https://scei.gxu.edu.cn/"},"category":"academic","height":33.0,"heightBasis":"OSM高度或层数","facadeBasis":"参考照片独立建模","landmark":"computer"},"geometry":{"type":"Polygon","coordinates":[[[108.2859793,22.8402545],[108.2858975,22.8402544],[108.2858972,22.840409],[108.2863013,22.8404084],[108.2863006,22.8400271],[108.2861249,22.8400271],[108.2861247,22.8401172],[108.2860177,22.840117],[108.2859795,22.8401567],[108.2859793,22.8402545]]]}},{"type":"Feature","id":"way/759129515","properties":{"id":"way/759129515","name":"第五教学楼","kind":"buildings","osmVersion":2,"osmEditedAt":"2020-12-02T05:22:24Z","sourceUrl":"https://www.openstreetmap.org/way/759129515","insideCampus":true,"tags":{"building":"university","building:levels":"2","name":"第五教学楼","roof:shape":"hipped"},"category":"academic","height":6.6,"heightBasis":"OSM高度或层数","facadeBasis":"按建筑类型推定","landmark":null},"geometry":{"type":"Polygon","coordinates":[[[108.2862785,22.8396287],[108.2862784,22.8395655],[108.2862108,22.8395655],[108.2862107,22.8395216],[108.2861356,22.8395216],[108.2861357,22.8395486],[108.286076,22.8395487],[108.2860759,22.839513],[108.2859948,22.8395131],[108.2859948,22.8395478],[108.2859311,22.8395479],[108.2859311,22.8395199],[108.2858452,22.83952],[108.2858453,22.8395631],[108.2857816,22.8395631],[108.2857816,22.8395228],[108.2854233,22.8395232],[108.2854234,22.8396296],[108.2862785,22.8396287]]]}},{"type":"Feature","id":"way/759129516","properties":{"id":"way/759129516","name":"数学与信息科学学院","kind":"buildings","osmVersion":6,"osmEditedAt":"2021-10-29T19:36:08Z","sourceUrl":"https://www.openstreetmap.org/way/759129516","insideCampus":true,"tags":{"building":"university","building:levels":"5","faculty":"mathematics;information_technology","name":"数学与信息科学学院","office":"educational_institution","operator":"广西大学","website":"https://mi.gxu.edu.cn/"},"category":"academic","height":16.5,"heightBasis":"OSM高度或层数","facadeBasis":"按建筑类型推定","landmark":null},"geometry":{"type":"Polygon","coordinates":[[[108.2855395,22.8393579],[108.2855395,22.8393522],[108.2861833,22.8393515],[108.2861833,22.8393311],[108.2862811,22.839331],[108.286281,22.8392647],[108.2855744,22.8392655],[108.2855744,22.8392112],[108.2854758,22.8392113],[108.2854758,22.8392618],[108.2854401,22.8392619],[108.2854403,22.839358],[108.2855395,22.8393579]]]}},{"type":"Feature","id":"way/759129517","properties":{"id":"way/759129517","name":"西校园学生宿舍17栋","kind":"buildings","osmVersion":4,"osmEditedAt":"2021-07-07T10:35:40Z","sourceUrl":"https://www.openstreetmap.org/way/759129517","insideCampus":true,"tags":{"building":"dormitory","building:colour":"#F0A0A0","building:levels":"6","name":"西校园学生宿舍17栋","ref":"西17","roof:colour":"#F0A0A0"},"category":"living","height":19.799999999999997,"heightBasis":"OSM高度或层数","facadeBasis":"按建筑类型推定","landmark":null},"geometry":{"type":"Polygon","coordinates":[[[108.2872892,22.8395227],[108.2872892,22.8394956],[108.2874553,22.8394954],[108.2874551,22.8394116],[108.2869896,22.8394121],[108.2869897,22.8394902],[108.2871614,22.83949],[108.2871615,22.8395228],[108.2872892,22.8395227]]]}},{"type":"Feature","id":"way/759129518","properties":{"id":"way/759129518","name":"西校园学生宿舍19栋","kind":"buildings","osmVersion":4,"osmEditedAt":"2021-07-07T10:35:40Z","sourceUrl":"https://www.openstreetmap.org/way/759129518","insideCampus":true,"tags":{"building":"dormitory","building:colour":"#F0A0A0","building:levels":"6","name":"西校园学生宿舍19栋","ref":"西19","roof:colour":"#F0A0A0"},"category":"living","height":19.799999999999997,"heightBasis":"OSM高度或层数","facadeBasis":"按建筑类型推定","landmark":null},"geometry":{"type":"Polygon","coordinates":[[[108.287292,22.8392849],[108.287292,22.8392578],[108.2874627,22.8392577],[108.2874625,22.839175],[108.2869893,22.8391755],[108.2869894,22.8392526],[108.2871637,22.8392524],[108.2871637,22.8392851],[108.287292,22.8392849]]]}},{"type":"Feature","id":"way/759129519","properties":{"id":"way/759129519","name":"西校园学生宿舍20栋","kind":"buildings","osmVersion":4,"osmEditedAt":"2021-07-07T10:35:40Z","sourceUrl":"https://www.openstreetmap.org/way/759129519","insideCampus":true,"tags":{"building":"dormitory","building:colour":"#F0A0A0","building:levels":"6","name":"西校园学生宿舍20栋","ref":"西20","roof:colour":"#F0A0A0"},"category":"living","height":19.799999999999997,"heightBasis":"OSM高度或层数","facadeBasis":"按建筑类型推定","landmark":null},"geometry":{"type":"Polygon","coordinates":[[[108.2872949,22.8390625],[108.2872948,22.8390354],[108.2874614,22.8390353],[108.2874613,22.8389509],[108.286989,22.8389513],[108.2869891,22.8390297],[108.2871671,22.8390295],[108.2871672,22.8390626],[108.2872949,22.8390625]]]}},{"type":"Feature","id":"way/759129520","properties":{"id":"way/759129520","name":"西校园学生宿舍27栋","kind":"buildings","osmVersion":4,"osmEditedAt":"2021-07-07T10:35:40Z","sourceUrl":"https://www.openstreetmap.org/way/759129520","insideCampus":true,"tags":{"building":"dormitory","building:colour":"#F0A0A0","building:levels":"7","name":"西校园学生宿舍27栋","ref":"西27","roof:colour":"#F0A0A0"},"category":"living","height":23.099999999999998,"heightBasis":"OSM高度或层数","facadeBasis":"按建筑类型推定","landmark":null},"geometry":{"type":"Polygon","coordinates":[[[108.2874611,22.8387672],[108.287461,22.8386666],[108.2874004,22.8386667],[108.2874004,22.8386078],[108.2869886,22.8386082],[108.2869888,22.8387677],[108.2874611,22.8387672]]]}},{"type":"Feature","id":"way/759129522","properties":{"id":"way/759129522","name":"第二教学楼","kind":"buildings","osmVersion":2,"osmEditedAt":"2020-12-02T05:22:24Z","sourceUrl":"https://www.openstreetmap.org/way/759129522","insideCampus":true,"tags":{"alt_name":"南宁楼","building":"university","building:levels":"7","name":"第二教学楼","short_name":"二教"},"category":"academic","height":23.099999999999998,"heightBasis":"OSM高度或层数","facadeBasis":"重点体量，立面按类型推定","landmark":"teaching-two"},"geometry":{"type":"Polygon","coordinates":[[[108.287221,22.8404777],[108.2872209,22.8404197],[108.2875671,22.8404193],[108.2875672,22.8405016],[108.2876764,22.8405015],[108.2876763,22.8404192],[108.287817,22.8404191],[108.2878168,22.8403192],[108.2872515,22.8403198],[108.2872514,22.8402364],[108.2871065,22.8402366],[108.2871066,22.84032],[108.2869626,22.8403202],[108.2869627,22.84042],[108.287103,22.8404199],[108.2871031,22.8404778],[108.287221,22.8404777]]]}},{"type":"Feature","id":"way/759132929","properties":{"id":"way/759132929","name":"计算机信息网络中心大楼","kind":"buildings","osmVersion":2,"osmEditedAt":"2020-12-02T05:22:24Z","sourceUrl":"https://www.openstreetmap.org/way/759132929","insideCampus":true,"tags":{"building":"university","building:levels":"11","name":"计算机信息网络中心大楼","short_name":"网络楼"},"category":"academic","height":36.3,"heightBasis":"OSM高度或层数","facadeBasis":"按建筑类型推定","landmark":null},"geometry":{"type":"Polygon","coordinates":[[[108.2855422,22.8409066],[108.2856113,22.8409294],[108.2856723,22.8409356],[108.2857407,22.8409294],[108.2858131,22.8409115],[108.2858695,22.8408773],[108.2858682,22.840818],[108.2857796,22.840783],[108.2857105,22.8407712],[108.2856401,22.8407688],[108.2855697,22.840778],[108.2855275,22.8407895],[108.2854859,22.8408151],[108.2854859,22.8408781],[108.2855422,22.8409066]]]}},{"type":"Feature","id":"way/759132930","properties":{"id":"way/759132930","name":"办公南楼","kind":"buildings","osmVersion":3,"osmEditedAt":"2026-02-06T17:22:04Z","sourceUrl":"https://www.openstreetmap.org/way/759132930","insideCampus":true,"tags":{"building":"office","building:levels":"5","name":"办公南楼"},"category":"service","height":16.5,"heightBasis":"OSM高度或层数","facadeBasis":"按建筑类型推定","landmark":null},"geometry":{"type":"Polygon","coordinates":[[[108.285932,22.8413893],[108.2862512,22.8413889],[108.2862507,22.8410113],[108.2859375,22.8410117],[108.2859375,22.8410599],[108.2859096,22.84106],[108.28591,22.8413526],[108.285932,22.8413525],[108.285932,22.8413893]]]}},{"type":"Feature","id":"way/759132931","properties":{"id":"way/759132931","name":"电子信息产业国家高技能人才培训基地","kind":"buildings","osmVersion":2,"osmEditedAt":"2020-12-02T05:22:24Z","sourceUrl":"https://www.openstreetmap.org/way/759132931","insideCampus":true,"tags":{"building":"university","building:levels":"2","name":"电子信息产业国家高技能人才培训基地"},"category":"academic","height":6.6,"heightBasis":"OSM高度或层数","facadeBasis":"按建筑类型推定","landmark":null},"geometry":{"type":"Polygon","coordinates":[[[108.2862563,22.8407394],[108.2860987,22.8407396],[108.286099,22.8409589],[108.2862565,22.8409587],[108.2862563,22.8407394]]]}},{"type":"Feature","id":"way/759132932","properties":{"id":"way/759132932","name":"广西房地产及住宅研究会","kind":"buildings","osmVersion":2,"osmEditedAt":"2020-12-02T05:22:24Z","sourceUrl":"https://www.openstreetmap.org/way/759132932","insideCampus":true,"tags":{"building":"university","building:levels":"2","name":"广西房地产及住宅研究会","roof:shape":"hipped"},"category":"academic","height":6.6,"heightBasis":"OSM高度或层数","facadeBasis":"按建筑类型推定","landmark":null},"geometry":{"type":"Polygon","coordinates":[[[108.2874802,22.8406482],[108.2874801,22.840547],[108.2869303,22.8405477],[108.2869304,22.8406489],[108.2874802,22.8406482]]]}},{"type":"Feature","id":"way/759132933","properties":{"id":"way/759132933","name":"第三教学楼","kind":"buildings","osmVersion":2,"osmEditedAt":"2021-06-23T06:09:07Z","sourceUrl":"https://www.openstreetmap.org/way/759132933","insideCampus":true,"tags":{"building":"university","name":"第三教学楼"},"category":"academic","height":16.5,"heightBasis":"按类型估算","facadeBasis":"按建筑类型推定","landmark":null},"geometry":{"type":"Polygon","coordinates":[[[108.2872035,22.8409255],[108.2872037,22.8410151],[108.287391,22.8410149],[108.2873909,22.8409834],[108.2878901,22.8409829],[108.2878899,22.8408557],[108.2873208,22.8408563],[108.2873206,22.8407731],[108.2871725,22.8407733],[108.2871726,22.8408103],[108.2869571,22.8408106],[108.2869573,22.8409258],[108.2872035,22.8409255]]]}},{"type":"Feature","id":"way/759140875","properties":{"id":"way/759140875","name":"","kind":"roads","osmVersion":2,"osmEditedAt":"2020-12-02T05:22:24Z","sourceUrl":"https://www.openstreetmap.org/way/759140875","insideCampus":true,"tags":{"highway":"service"}},"geometry":{"type":"LineString","coordinates":[[108.2868732,22.841083],[108.2879189,22.8410915]]}},{"type":"Feature","id":"way/759140876","properties":{"id":"way/759140876","name":"","kind":"roads","osmVersion":2,"osmEditedAt":"2020-12-02T05:22:24Z","sourceUrl":"https://www.openstreetmap.org/way/759140876","insideCampus":true,"tags":{"highway":"service"}},"geometry":{"type":"LineString","coordinates":[[108.2868811,22.8407308],[108.2879185,22.8407393]]}},{"type":"Feature","id":"way/759140877","properties":{"id":"way/759140877","name":"","kind":"roads","osmVersion":2,"osmEditedAt":"2020-12-02T05:22:24Z","sourceUrl":"https://www.openstreetmap.org/way/759140877","insideCampus":true,"tags":{"highway":"service"}},"geometry":{"type":"LineString","coordinates":[[108.2879178,22.8402496],[108.2872933,22.8402428],[108.287294,22.8401875],[108.2868933,22.8401834]]}},{"type":"Feature","id":"way/759140878","properties":{"id":"way/759140878","name":"","kind":"roads","osmVersion":3,"osmEditedAt":"2021-07-07T10:35:40Z","sourceUrl":"https://www.openstreetmap.org/way/759140878","insideCampus":true,"tags":{"highway":"service","surface":"concrete"}},"geometry":{"type":"LineString","coordinates":[[108.2875101,22.8397317],[108.2875086,22.8385733]]}},{"type":"Feature","id":"way/759140879","properties":{"id":"way/759140879","name":"","kind":"roads","osmVersion":2,"osmEditedAt":"2021-07-07T10:35:40Z","sourceUrl":"https://www.openstreetmap.org/way/759140879","insideCampus":true,"tags":{"highway":"service","surface":"concrete"}},"geometry":{"type":"LineString","coordinates":[[108.2871057,22.838431],[108.2871059,22.8385737],[108.2879555,22.8385728]]}},{"type":"Feature","id":"way/759140880","properties":{"id":"way/759140880","name":"西校园学生宿舍16栋","kind":"buildings","osmVersion":4,"osmEditedAt":"2021-07-07T10:35:40Z","sourceUrl":"https://www.openstreetmap.org/way/759140880","insideCampus":true,"tags":{"building":"dormitory","building:colour":"#F0A0A0","building:levels":"6","name":"西校园学生宿舍16栋","ref":"西16","roof:colour":"#F0A0A0"},"category":"living","height":19.799999999999997,"heightBasis":"OSM高度或层数","facadeBasis":"按建筑类型推定","landmark":null},"geometry":{"type":"Polygon","coordinates":[[[108.2877165,22.8394897],[108.2877166,22.8395207],[108.2878371,22.8395206],[108.2878371,22.8394944],[108.2879824,22.8394943],[108.2879823,22.8394108],[108.287572,22.8394112],[108.287572,22.8394898],[108.2877165,22.8394897]]]}},{"type":"Feature","id":"way/759140881","properties":{"id":"way/759140881","name":"西校园学生宿舍18栋","kind":"buildings","osmVersion":4,"osmEditedAt":"2021-07-07T10:35:40Z","sourceUrl":"https://www.openstreetmap.org/way/759140881","insideCampus":true,"tags":{"building":"dormitory","building:colour":"#F0A0A0","building:levels":"6","name":"西校园学生宿舍18栋","ref":"西18","roof:colour":"#F0A0A0"},"category":"living","height":19.799999999999997,"heightBasis":"OSM高度或层数","facadeBasis":"按建筑类型推定","landmark":null},"geometry":{"type":"Polygon","coordinates":[[[108.2877206,22.8392535],[108.2877207,22.8392845],[108.2878413,22.8392844],[108.2878412,22.8392583],[108.2879821,22.8392581],[108.287982,22.8391747],[108.2875762,22.8391751],[108.2875763,22.8392536],[108.2877206,22.8392535]]]}},{"type":"Feature","id":"way/759140883","properties":{"id":"way/759140883","name":"","kind":"roads","osmVersion":3,"osmEditedAt":"2021-08-18T05:08:15Z","sourceUrl":"https://www.openstreetmap.org/way/759140883","insideCampus":true,"tags":{"highway":"service","surface":"concrete"}},"geometry":{"type":"LineString","coordinates":[[108.2870228,22.839593],[108.287972,22.8395946]]}},{"type":"Feature","id":"way/759140884","properties":{"id":"way/759140884","name":"西校园学生宿舍25栋","kind":"buildings","osmVersion":4,"osmEditedAt":"2021-07-07T10:35:40Z","sourceUrl":"https://www.openstreetmap.org/way/759140884","insideCampus":true,"tags":{"building":"dormitory","building:colour":"#C8C8C8","building:levels":"7","name":"西校园学生宿舍25栋","ref":"西25","roof:colour":"#C8C8C8"},"category":"living","height":23.099999999999998,"heightBasis":"OSM高度或层数","facadeBasis":"按建筑类型推定","landmark":null},"geometry":{"type":"Polygon","coordinates":[[[108.2879819,22.8390585],[108.2879817,22.8389558],[108.2877075,22.8389561],[108.2877073,22.8387849],[108.287997,22.8387846],[108.2879968,22.8386878],[108.2875964,22.8386883],[108.2875969,22.8390589],[108.2879819,22.8390585]]]}},{"type":"Feature","id":"way/759140885","properties":{"id":"way/759140885","name":"校内建筑 759140885","kind":"buildings","osmVersion":2,"osmEditedAt":"2020-12-02T08:52:49Z","sourceUrl":"https://www.openstreetmap.org/way/759140885","insideCampus":true,"tags":{"building":"university","building:levels":"2"},"category":"academic","height":6.6,"heightBasis":"OSM高度或层数","facadeBasis":"按建筑类型推定","landmark":null},"geometry":{"type":"Polygon","coordinates":[[[108.290971,22.8429947],[108.2911993,22.8430414],[108.2912311,22.8429094],[108.2910029,22.8428627],[108.290971,22.8429947]]]}},{"type":"Feature","id":"way/759140886","properties":{"id":"way/759140886","name":"","kind":"roads","osmVersion":3,"osmEditedAt":"2021-07-07T10:35:40Z","sourceUrl":"https://www.openstreetmap.org/way/759140886","insideCampus":true,"tags":{"highway":"service","surface":"concrete"}},"geometry":{"type":"LineString","coordinates":[[108.2869213,22.8388285],[108.2874334,22.838828],[108.2874335,22.838915],[108.2869214,22.8389155]]}},{"type":"Feature","id":"way/759140887","properties":{"id":"way/759140887","name":"","kind":"roads","osmVersion":3,"osmEditedAt":"2021-08-18T05:08:15Z","sourceUrl":"https://www.openstreetmap.org/way/759140887","insideCampus":true,"tags":{"highway":"service","surface":"concrete"}},"geometry":{"type":"LineString","coordinates":[[108.286995,22.8391061],[108.2875093,22.8391021],[108.2879719,22.8391089]]}},{"type":"Feature","id":"way/759140888","properties":{"id":"way/759140888","name":"","kind":"roads","osmVersion":3,"osmEditedAt":"2021-08-18T05:08:15Z","sourceUrl":"https://www.openstreetmap.org/way/759140888","insideCampus":true,"tags":{"highway":"service","surface":"concrete"}},"geometry":{"type":"LineString","coordinates":[[108.2870024,22.8393196],[108.2875096,22.8393152],[108.2879689,22.8393184]]}},{"type":"Feature","id":"way/759140889","properties":{"id":"way/759140889","name":"","kind":"roads","osmVersion":4,"osmEditedAt":"2021-06-22T17:15:44Z","sourceUrl":"https://www.openstreetmap.org/way/759140889","insideCampus":true,"tags":{"highway":"residential"}},"geometry":{"type":"LineString","coordinates":[[108.291544,22.8517923],[108.2922917,22.8518142],[108.2928005,22.8518819],[108.293446,22.8520438],[108.2936043,22.8521353],[108.2936981,22.8522292],[108.2937384,22.8523627],[108.2937062,22.8527507],[108.2935452,22.8533291],[108.2933923,22.8538086]]}},{"type":"Feature","id":"way/759140890","properties":{"id":"way/759140890","name":"","kind":"roads","osmVersion":2,"osmEditedAt":"2021-07-07T10:35:40Z","sourceUrl":"https://www.openstreetmap.org/way/759140890","insideCampus":true,"tags":{"highway":"service"}},"geometry":{"type":"LineString","coordinates":[[108.288041,22.8391015],[108.2893908,22.8391001],[108.2893909,22.8391673],[108.2880411,22.8391687]]}},{"type":"Feature","id":"way/759140891","properties":{"id":"way/759140891","name":"","kind":"roads","osmVersion":2,"osmEditedAt":"2021-07-07T10:35:40Z","sourceUrl":"https://www.openstreetmap.org/way/759140891","insideCampus":true,"tags":{"highway":"service"}},"geometry":{"type":"LineString","coordinates":[[108.2880415,22.8394959],[108.2893926,22.8394945],[108.2893925,22.839408],[108.2880414,22.8394094]]}},{"type":"Feature","id":"way/759140892","properties":{"id":"way/759140892","name":"西校园学生宿舍21栋","kind":"buildings","osmVersion":4,"osmEditedAt":"2021-07-07T10:35:40Z","sourceUrl":"https://www.openstreetmap.org/way/759140892","insideCampus":true,"tags":{"building":"dormitory","building:colour":"#F0A0A0","building:levels":"8","name":"西校园学生宿舍21栋","roof:colour":"#F0A0A0"},"category":"living","height":26.4,"heightBasis":"OSM高度或层数","facadeBasis":"按建筑类型推定","landmark":null},"geometry":{"type":"Polygon","coordinates":[[[108.2893928,22.8396666],[108.2894221,22.8396666],[108.2894221,22.8395413],[108.2880989,22.8395413],[108.2880989,22.8396666],[108.2893928,22.8396666]]]}},{"type":"Feature","id":"way/759140893","properties":{"id":"way/759140893","name":"西校园学生宿舍22栋","kind":"buildings","osmVersion":4,"osmEditedAt":"2021-07-07T10:35:40Z","sourceUrl":"https://www.openstreetmap.org/way/759140893","insideCampus":true,"tags":{"building":"dormitory","building:colour":"#F0A0A0","building:levels":"8","name":"西校园学生宿舍22栋","roof:colour":"#F0A0A0"},"category":"living","height":26.4,"heightBasis":"OSM高度或层数","facadeBasis":"按建筑类型推定","landmark":null},"geometry":{"type":"Polygon","coordinates":[[[108.2884764,22.8393579],[108.2894221,22.8393579],[108.2894221,22.8392195],[108.2880989,22.8392196],[108.2880989,22.8393579],[108.2884764,22.8393579]]]}},{"type":"Feature","id":"way/759140894","properties":{"id":"way/759140894","name":"西校园学生宿舍23栋","kind":"buildings","osmVersion":4,"osmEditedAt":"2021-07-07T10:35:40Z","sourceUrl":"https://www.openstreetmap.org/way/759140894","insideCampus":true,"tags":{"building":"dormitory","building:colour":"#F0A0A0","building:levels":"8","name":"西校园学生宿舍23栋","roof:colour":"#F0A0A0"},"category":"living","height":26.4,"heightBasis":"OSM高度或层数","facadeBasis":"按建筑类型推定","landmark":null},"geometry":{"type":"Polygon","coordinates":[[[108.2894221,22.8390538],[108.289422,22.8389117],[108.2880989,22.8389117],[108.2880989,22.8390539],[108.2894221,22.8390538]]]}},{"type":"Feature","id":"way/759147049","properties":{"id":"way/759147049","name":"南苑餐厅","kind":"buildings","osmVersion":3,"osmEditedAt":"2026-04-20T15:35:24Z","sourceUrl":"https://www.openstreetmap.org/way/759147049","insideCampus":true,"tags":{"building":"yes","building:levels":"2","disused:amenity":"restaurant","name":"南苑餐厅","takeaway":"yes"},"category":"living","height":6.6,"heightBasis":"OSM高度或层数","facadeBasis":"按建筑类型推定","landmark":null},"geometry":{"type":"Polygon","coordinates":[[[108.2900443,22.8402785],[108.2900711,22.8399889],[108.2900866,22.8399901],[108.290091,22.839943],[108.2899474,22.8399317],[108.2899456,22.839951],[108.2895464,22.8399196],[108.2895411,22.8399766],[108.2895874,22.8399803],[108.2895679,22.8401914],[108.2896014,22.8401941],[108.2895969,22.8402433],[108.2900443,22.8402785]]]}},{"type":"Feature","id":"way/759147050","properties":{"id":"way/759147050","name":"","kind":"roads","osmVersion":4,"osmEditedAt":"2021-07-07T10:35:40Z","sourceUrl":"https://www.openstreetmap.org/way/759147050","insideCampus":true,"tags":{"highway":"service"}},"geometry":{"type":"LineString","coordinates":[[108.2900035,22.8398884],[108.290003,22.8389763]]}},{"type":"Feature","id":"way/759147051","properties":{"id":"way/759147051","name":"西校园南区8栋","kind":"buildings","osmVersion":3,"osmEditedAt":"2021-07-07T10:35:40Z","sourceUrl":"https://www.openstreetmap.org/way/759147051","insideCampus":true,"tags":{"building":"dormitory","building:colour":"#EAEAA0","building:levels":"6","name":"西校园南区8栋","roof:colour":"#EAEAA0"},"category":"living","height":19.799999999999997,"heightBasis":"OSM高度或层数","facadeBasis":"按建筑类型推定","landmark":null},"geometry":{"type":"Polygon","coordinates":[[[108.2899597,22.8397862],[108.2899597,22.8396891],[108.2895612,22.8396891],[108.2895612,22.8397862],[108.2899597,22.8397862]]]}},{"type":"Feature","id":"way/759147052","properties":{"id":"way/759147052","name":"西校园南区6栋","kind":"buildings","osmVersion":3,"osmEditedAt":"2021-07-07T10:35:40Z","sourceUrl":"https://www.openstreetmap.org/way/759147052","insideCampus":true,"tags":{"building":"dormitory","building:colour":"#EAEAA0","building:levels":"6","name":"西校园南区6栋","roof:colour":"#EAEAA0"},"category":"living","height":19.799999999999997,"heightBasis":"OSM高度或层数","facadeBasis":"按建筑类型推定","landmark":null},"geometry":{"type":"Polygon","coordinates":[[[108.2899597,22.8395079],[108.2899597,22.8394174],[108.2895612,22.8394174],[108.2895612,22.8395079],[108.2899597,22.8395079]]]}},{"type":"Feature","id":"way/759147053","properties":{"id":"way/759147053","name":"西校园南区4栋","kind":"buildings","osmVersion":3,"osmEditedAt":"2021-07-07T10:35:40Z","sourceUrl":"https://www.openstreetmap.org/way/759147053","insideCampus":true,"tags":{"building":"dormitory","building:colour":"#EAEAA0","building:levels":"6","name":"西校园南区4栋","roof:colour":"#EAEAA0"},"category":"living","height":19.799999999999997,"heightBasis":"OSM高度或层数","facadeBasis":"按建筑类型推定","landmark":null},"geometry":{"type":"Polygon","coordinates":[[[108.2899597,22.839219],[108.2899597,22.8391292],[108.2895612,22.8391292],[108.2895612,22.839219],[108.2899597,22.839219]]]}},{"type":"Feature","id":"way/759147054","properties":{"id":"way/759147054","name":"西校园南区2号楼","kind":"buildings","osmVersion":3,"osmEditedAt":"2021-07-07T10:35:40Z","sourceUrl":"https://www.openstreetmap.org/way/759147054","insideCampus":true,"tags":{"building":"dormitory","building:colour":"#EAEAA0","building:levels":"6","name":"西校园南区2号楼","roof:colour":"#EAEAA0"},"category":"living","height":19.799999999999997,"heightBasis":"OSM高度或层数","facadeBasis":"按建筑类型推定","landmark":null},"geometry":{"type":"Polygon","coordinates":[[[108.2899597,22.8389465],[108.2899597,22.8388556],[108.2895236,22.8388557],[108.2895236,22.8389465],[108.2899597,22.8389465]]]}},{"type":"Feature","id":"way/759147055","properties":{"id":"way/759147055","name":"西校园南区1号楼","kind":"buildings","osmVersion":3,"osmEditedAt":"2021-07-07T10:35:40Z","sourceUrl":"https://www.openstreetmap.org/way/759147055","insideCampus":true,"tags":{"building":"dormitory","building:colour":"#EAEAA0","building:levels":"6","name":"西校园南区1号楼","roof:colour":"#EAEAA0"},"category":"living","height":19.799999999999997,"heightBasis":"OSM高度或层数","facadeBasis":"按建筑类型推定","landmark":null},"geometry":{"type":"Polygon","coordinates":[[[108.2903994,22.8389465],[108.2903993,22.8388606],[108.2900421,22.8388606],[108.2900421,22.8389465],[108.2903994,22.8389465]]]}},{"type":"Feature","id":"way/759147056","properties":{"id":"way/759147056","name":"西校园南区3栋","kind":"buildings","osmVersion":3,"osmEditedAt":"2021-07-07T10:35:40Z","sourceUrl":"https://www.openstreetmap.org/way/759147056","insideCampus":true,"tags":{"building":"dormitory","building:colour":"#EAEAA0","building:levels":"6","name":"西校园南区3栋","roof:colour":"#EAEAA0"},"category":"living","height":19.799999999999997,"heightBasis":"OSM高度或层数","facadeBasis":"按建筑类型推定","landmark":null},"geometry":{"type":"Polygon","coordinates":[[[108.2904086,22.839219],[108.2904085,22.8391291],[108.2900421,22.8391292],[108.2900421,22.839219],[108.2904086,22.839219]]]}},{"type":"Feature","id":"way/759147057","properties":{"id":"way/759147057","name":"西校园南区5栋","kind":"buildings","osmVersion":3,"osmEditedAt":"2021-07-07T10:35:40Z","sourceUrl":"https://www.openstreetmap.org/way/759147057","insideCampus":true,"tags":{"building":"dormitory","building:colour":"#EAEAA0","building:levels":"6","name":"西校园南区5栋","roof:colour":"#EAEAA0"},"category":"living","height":19.799999999999997,"heightBasis":"OSM高度或层数","facadeBasis":"按建筑类型推定","landmark":null},"geometry":{"type":"Polygon","coordinates":[[[108.2904086,22.8395079],[108.2904086,22.8394174],[108.2900421,22.8394174],[108.2900421,22.8395079],[108.2904086,22.8395079]]]}},{"type":"Feature","id":"way/759147058","properties":{"id":"way/759147058","name":"西校园南区10栋","kind":"buildings","osmVersion":3,"osmEditedAt":"2021-07-07T10:35:40Z","sourceUrl":"https://www.openstreetmap.org/way/759147058","insideCampus":true,"tags":{"building":"dormitory","building:colour":"#EAEAA0","building:levels":"6","name":"西校园南区10栋","roof:colour":"#EAEAA0"},"category":"living","height":19.799999999999997,"heightBasis":"OSM高度或层数","facadeBasis":"按建筑类型推定","landmark":null},"geometry":{"type":"Polygon","coordinates":[[[108.2905727,22.839219],[108.2905727,22.8391291],[108.2904513,22.8391291],[108.2904513,22.839219],[108.2905727,22.839219]]]}},{"type":"Feature","id":"way/759147059","properties":{"id":"way/759147059","name":"西校园南区9栋","kind":"buildings","osmVersion":3,"osmEditedAt":"2021-07-07T10:35:40Z","sourceUrl":"https://www.openstreetmap.org/way/759147059","insideCampus":true,"tags":{"building":"dormitory","building:colour":"#EAEAA0","building:levels":"6","name":"西校园南区9栋","roof:colour":"#EAEAA0"},"category":"living","height":19.799999999999997,"heightBasis":"OSM高度或层数","facadeBasis":"按建筑类型推定","landmark":null},"geometry":{"type":"Polygon","coordinates":[[[108.2905627,22.8389618],[108.2905627,22.8389306],[108.2906178,22.8389306],[108.2906178,22.8389629],[108.2906678,22.8389629],[108.2906676,22.8388506],[108.2905106,22.8388508],[108.2905108,22.8389618],[108.2905627,22.8389618]]]}},{"type":"Feature","id":"way/759147060","properties":{"id":"way/759147060","name":"","kind":"roads","osmVersion":2,"osmEditedAt":"2021-07-07T10:35:40Z","sourceUrl":"https://www.openstreetmap.org/way/759147060","insideCampus":true,"tags":{"highway":"service"}},"geometry":{"type":"LineString","coordinates":[[108.2895555,22.8392555],[108.2904263,22.8392562]]}},{"type":"Feature","id":"way/759147061","properties":{"id":"way/759147061","name":"","kind":"roads","osmVersion":4,"osmEditedAt":"2021-07-07T10:35:40Z","sourceUrl":"https://www.openstreetmap.org/way/759147061","insideCampus":true,"tags":{"highway":"service"}},"geometry":{"type":"LineString","coordinates":[[108.2904262,22.8389761],[108.2895583,22.8389765]]}},{"type":"Feature","id":"way/759147062","properties":{"id":"way/759147062","name":"西校园南区7栋","kind":"buildings","osmVersion":3,"osmEditedAt":"2021-07-07T10:35:40Z","sourceUrl":"https://www.openstreetmap.org/way/759147062","insideCampus":true,"tags":{"building":"dormitory","building:colour":"#EAEAA0","building:levels":"6","name":"西校园南区7栋","roof:colour":"#EAEAA0"},"category":"living","height":19.799999999999997,"heightBasis":"OSM高度或层数","facadeBasis":"按建筑类型推定","landmark":null},"geometry":{"type":"Polygon","coordinates":[[[108.2902965,22.8397862],[108.2902964,22.8396893],[108.2900421,22.8396893],[108.2900422,22.8397862],[108.2902965,22.8397862]]]}},{"type":"Feature","id":"way/759147063","properties":{"id":"way/759147063","name":"研究生宿舍区13栋","kind":"buildings","osmVersion":1,"osmEditedAt":"2019-12-28T12:41:10Z","sourceUrl":"https://www.openstreetmap.org/way/759147063","insideCampus":true,"tags":{"building":"dormitory","name":"研究生宿舍区13栋"},"category":"living","height":19.799999999999997,"heightBasis":"按类型估算","facadeBasis":"按建筑类型推定","landmark":null},"geometry":{"type":"Polygon","coordinates":[[[108.2883311,22.8400602],[108.288331,22.8399761],[108.2880859,22.8399764],[108.288086,22.8400605],[108.2883311,22.8400602]]]}},{"type":"Feature","id":"way/759147064","properties":{"id":"way/759147064","name":"西校区学生宿舍14栋","kind":"buildings","osmVersion":2,"osmEditedAt":"2021-06-23T11:30:01Z","sourceUrl":"https://www.openstreetmap.org/way/759147064","insideCampus":true,"tags":{"building":"dormitory","name":"西校区学生宿舍14栋"},"category":"living","height":19.799999999999997,"heightBasis":"按类型估算","facadeBasis":"按建筑类型推定","landmark":null},"geometry":{"type":"Polygon","coordinates":[[[108.2885456,22.8399248],[108.2885455,22.8398473],[108.2880816,22.8398479],[108.2880817,22.8399253],[108.2885456,22.8399248]]]}},{"type":"Feature","id":"way/759147065","properties":{"id":"way/759147065","name":"","kind":"roads","osmVersion":2,"osmEditedAt":"2021-06-23T11:30:01Z","sourceUrl":"https://www.openstreetmap.org/way/759147065","insideCampus":true,"tags":{"highway":"service"}},"geometry":{"type":"LineString","coordinates":[[108.2879186,22.8408413],[108.2894057,22.8408401]]}},{"type":"Feature","id":"way/759147066","properties":{"id":"way/759147066","name":"","kind":"roads","osmVersion":1,"osmEditedAt":"2019-12-28T12:41:10Z","sourceUrl":"https://www.openstreetmap.org/way/759147066","insideCampus":true,"tags":{"highway":"service"}},"geometry":{"type":"LineString","coordinates":[[108.2879182,22.8405319],[108.2894054,22.8405314]]}},{"type":"Feature","id":"way/759147067","properties":{"id":"way/759147067","name":"","kind":"roads","osmVersion":1,"osmEditedAt":"2019-12-28T12:41:10Z","sourceUrl":"https://www.openstreetmap.org/way/759147067","insideCampus":true,"tags":{"highway":"service"}},"geometry":{"type":"LineString","coordinates":[[108.2887367,22.8408404],[108.2887357,22.8401177],[108.2887407,22.8397692]]}},{"type":"Feature","id":"way/759147068","properties":{"id":"way/759147068","name":"","kind":"roads","osmVersion":1,"osmEditedAt":"2019-12-28T12:41:10Z","sourceUrl":"https://www.openstreetmap.org/way/759147068","insideCampus":true,"tags":{"highway":"service"}},"geometry":{"type":"LineString","coordinates":[[108.2887359,22.840214],[108.289469,22.8402125]]}},{"type":"Feature","id":"way/759147069","properties":{"id":"way/759147069","name":"","kind":"roads","osmVersion":2,"osmEditedAt":"2021-06-22T17:15:44Z","sourceUrl":"https://www.openstreetmap.org/way/759147069","insideCampus":true,"tags":{"highway":"service"}},"geometry":{"type":"LineString","coordinates":[[108.2879176,22.8401186],[108.289473,22.8401164]]}},{"type":"Feature","id":"way/759147072","properties":{"id":"way/759147072","name":"西校区学生宿舍9栋","kind":"buildings","osmVersion":1,"osmEditedAt":"2019-12-28T12:41:10Z","sourceUrl":"https://www.openstreetmap.org/way/759147072","insideCampus":true,"tags":{"building":"dormitory","name":"西校区学生宿舍9栋"},"category":"living","height":19.799999999999997,"heightBasis":"按类型估算","facadeBasis":"按建筑类型推定","landmark":null},"geometry":{"type":"Polygon","coordinates":[[[108.2882847,22.8407103],[108.2882848,22.8407713],[108.2884116,22.8407711],[108.2884115,22.8407102],[108.2886107,22.84071],[108.2886106,22.8406075],[108.2880866,22.8406081],[108.2880868,22.8407106],[108.2882847,22.8407103]]]}},{"type":"Feature","id":"way/759147073","properties":{"id":"way/759147073","name":"西校区学生宿舍10栋","kind":"buildings","osmVersion":1,"osmEditedAt":"2019-12-28T12:41:10Z","sourceUrl":"https://www.openstreetmap.org/way/759147073","insideCampus":true,"tags":{"building":"dormitory","name":"西校区学生宿舍10栋"},"category":"living","height":19.799999999999997,"heightBasis":"按类型估算","facadeBasis":"按建筑类型推定","landmark":null},"geometry":{"type":"Polygon","coordinates":[[[108.2890022,22.84073],[108.2890023,22.8407911],[108.2891256,22.840791],[108.2891256,22.8407298],[108.2893362,22.8407296],[108.2893361,22.8406296],[108.2888093,22.8406302],[108.2888095,22.8407302],[108.2890022,22.84073]]]}},{"type":"Feature","id":"way/759147074","properties":{"id":"way/759147074","name":"西校区学生宿舍11栋","kind":"buildings","osmVersion":1,"osmEditedAt":"2019-12-28T12:41:10Z","sourceUrl":"https://www.openstreetmap.org/way/759147074","insideCampus":true,"tags":{"building":"dormitory","name":"西校区学生宿舍11栋"},"category":"living","height":19.799999999999997,"heightBasis":"按类型估算","facadeBasis":"按建筑类型推定","landmark":null},"geometry":{"type":"Polygon","coordinates":[[[108.2882961,22.8403423],[108.2882962,22.8403981],[108.2884203,22.8403979],[108.2884202,22.8403422],[108.2886241,22.840342],[108.288624,22.8402252],[108.2881046,22.8402258],[108.2881048,22.8403426],[108.2882961,22.8403423]]]}},{"type":"Feature","id":"way/759147075","properties":{"id":"way/759147075","name":"西校区学生宿舍12栋","kind":"buildings","osmVersion":1,"osmEditedAt":"2019-12-28T12:41:10Z","sourceUrl":"https://www.openstreetmap.org/way/759147075","insideCampus":true,"tags":{"building":"dormitory","name":"西校区学生宿舍12栋"},"category":"living","height":19.799999999999997,"heightBasis":"按类型估算","facadeBasis":"按建筑类型推定","landmark":null},"geometry":{"type":"Polygon","coordinates":[[[108.2890397,22.8403687],[108.2890398,22.8404352],[108.2891786,22.840435],[108.2891785,22.8403686],[108.2893704,22.8403683],[108.2893703,22.8402564],[108.2888418,22.840257],[108.288842,22.8403689],[108.2890397,22.8403687]]]}},{"type":"Feature","id":"way/759147076","properties":{"id":"way/759147076","name":"校内建筑 759147076","kind":"buildings","osmVersion":1,"osmEditedAt":"2019-12-28T12:41:10Z","sourceUrl":"https://www.openstreetmap.org/way/759147076","insideCampus":true,"tags":{"building":"dormitory"},"category":"living","height":19.799999999999997,"heightBasis":"按类型估算","facadeBasis":"按建筑类型推定","landmark":null},"geometry":{"type":"Polygon","coordinates":[[[108.2893684,22.8400938],[108.2893683,22.8399851],[108.2888312,22.8399858],[108.2888314,22.8400945],[108.2893684,22.8400938]]]}},{"type":"Feature","id":"way/759147077","properties":{"id":"way/759147077","name":"","kind":"roads","osmVersion":3,"osmEditedAt":"2025-12-07T19:40:15Z","sourceUrl":"https://www.openstreetmap.org/way/759147077","insideCampus":true,"tags":{"highway":"service"}},"geometry":{"type":"LineString","coordinates":[[108.2879193,22.841392],[108.2894059,22.8413902]]}},{"type":"Feature","id":"way/759147078","properties":{"id":"way/759147078","name":"","kind":"roads","osmVersion":2,"osmEditedAt":"2021-06-23T11:30:01Z","sourceUrl":"https://www.openstreetmap.org/way/759147078","insideCampus":true,"tags":{"highway":"service"}},"geometry":{"type":"LineString","coordinates":[[108.2883853,22.8413915],[108.288385,22.8411654],[108.2887371,22.841165],[108.2894059,22.8411685]]}},{"type":"Feature","id":"way/759147079","properties":{"id":"way/759147079","name":"","kind":"roads","osmVersion":1,"osmEditedAt":"2019-12-28T12:41:10Z","sourceUrl":"https://www.openstreetmap.org/way/759147079","insideCampus":true,"tags":{"highway":"service"}},"geometry":{"type":"LineString","coordinates":[[108.2887371,22.841165],[108.2887367,22.8408404]]}},{"type":"Feature","id":"way/759147080","properties":{"id":"way/759147080","name":"西校园学生宿舍楼7栋","kind":"buildings","osmVersion":1,"osmEditedAt":"2019-12-28T12:41:10Z","sourceUrl":"https://www.openstreetmap.org/way/759147080","insideCampus":true,"tags":{"building":"dormitory","name":"西校园学生宿舍楼7栋"},"category":"living","height":19.799999999999997,"heightBasis":"按类型估算","facadeBasis":"按建筑类型推定","landmark":null},"geometry":{"type":"Polygon","coordinates":[[[108.2889937,22.8410575],[108.2889938,22.8411262],[108.2891167,22.8411261],[108.2891166,22.8410601],[108.2893362,22.8410599],[108.2893361,22.8409597],[108.2887902,22.8409603],[108.2887904,22.8410577],[108.2889937,22.8410575]]]}},{"type":"Feature","id":"way/759147081","properties":{"id":"way/759147081","name":"西校园学生宿舍楼8栋","kind":"buildings","osmVersion":1,"osmEditedAt":"2019-12-28T12:41:10Z","sourceUrl":"https://www.openstreetmap.org/way/759147081","insideCampus":true,"tags":{"building":"dormitory","name":"西校园学生宿舍楼8栋"},"category":"living","height":19.799999999999997,"heightBasis":"按类型估算","facadeBasis":"按建筑类型推定","landmark":null},"geometry":{"type":"Polygon","coordinates":[[[108.2882642,22.8410632],[108.2882642,22.8411319],[108.2883872,22.8411318],[108.2883871,22.8410658],[108.288625,22.8410655],[108.2886248,22.8409654],[108.2880634,22.840966],[108.2880635,22.8410634],[108.2882642,22.8410632]]]}},{"type":"Feature","id":"way/759147082","properties":{"id":"way/759147082","name":"广西大学西校园学生宿舍楼6栋B","kind":"buildings","osmVersion":2,"osmEditedAt":"2026-04-20T15:35:24Z","sourceUrl":"https://www.openstreetmap.org/way/759147082","insideCampus":true,"tags":{"building":"dormitory","name":"广西大学西校园学生宿舍楼6栋B"},"category":"living","height":19.799999999999997,"heightBasis":"按类型估算","facadeBasis":"按建筑类型推定","landmark":null},"geometry":{"type":"Polygon","coordinates":[[[108.2892879,22.8412545],[108.2892879,22.8412046],[108.2884322,22.8412055],[108.2884323,22.8412409],[108.2883989,22.8412409],[108.288399,22.8413194],[108.288433,22.8413193],[108.2884329,22.8412948],[108.2892865,22.8412939],[108.2892866,22.841324],[108.2893215,22.841324],[108.2893214,22.8412678],[108.289332,22.8412653],[108.289338,22.8412591],[108.2893414,22.8412495],[108.2893395,22.841241],[108.2893338,22.8412352],[108.2893238,22.8412328],[108.2893127,22.8412352],[108.289306,22.8412417],[108.289304,22.8412545],[108.2892879,22.8412545]]]}},{"type":"Feature","id":"way/759147083","properties":{"id":"way/759147083","name":"6B小广场","kind":"roads","osmVersion":4,"osmEditedAt":"2025-12-07T19:40:15Z","sourceUrl":"https://www.openstreetmap.org/way/759147083","insideCampus":true,"tags":{"area":"yes","highway":"pedestrian","name":"6B小广场"}},"geometry":{"type":"Polygon","coordinates":[[[108.2883275,22.8413619],[108.2883444,22.8413619],[108.2883441,22.8411407],[108.2879565,22.8411411],[108.2879568,22.8413624],[108.2883275,22.8413619]]]}},{"type":"Feature","id":"way/759147084","properties":{"id":"way/759147084","name":"南苑路","kind":"roads","osmVersion":3,"osmEditedAt":"2026-04-20T15:35:24Z","sourceUrl":"https://www.openstreetmap.org/way/759147084","insideCampus":true,"tags":{"highway":"residential","name":"南苑路"}},"geometry":{"type":"LineString","coordinates":[[108.2894058,22.8418871],[108.2894054,22.8405314],[108.289469,22.8402125],[108.2894876,22.8397685]]}},{"type":"Feature","id":"way/759147085","properties":{"id":"way/759147085","name":"","kind":"roads","osmVersion":4,"osmEditedAt":"2021-07-07T10:35:40Z","sourceUrl":"https://www.openstreetmap.org/way/759147085","insideCampus":true,"tags":{"highway":"service"}},"geometry":{"type":"LineString","coordinates":[[108.2894876,22.8397685],[108.2894873,22.8388867],[108.2880408,22.8388883]]}},{"type":"Feature","id":"way/759147086","properties":{"id":"way/759147086","name":"校内建筑 759147086","kind":"buildings","osmVersion":2,"osmEditedAt":"2020-12-02T05:22:24Z","sourceUrl":"https://www.openstreetmap.org/way/759147086","insideCampus":true,"tags":{"building":"dormitory","building:colour":"#D6D088","building:levels":"5"},"category":"living","height":16.5,"heightBasis":"OSM高度或层数","facadeBasis":"按建筑类型推定","landmark":null},"geometry":{"type":"Polygon","coordinates":[[[108.2883251,22.8416645],[108.288325,22.8415896],[108.2886145,22.8415893],[108.2886146,22.8416261],[108.2887754,22.8416259],[108.2887753,22.8415982],[108.2890617,22.8415979],[108.2890618,22.8416993],[108.2893617,22.841699],[108.2893616,22.841588],[108.289167,22.8415882],[108.2891669,22.8415319],[108.2891002,22.841532],[108.2891001,22.8414828],[108.2882946,22.8414837],[108.2882947,22.8415135],[108.2882238,22.8415136],[108.2882239,22.8415593],[108.2880206,22.8415595],[108.2880207,22.8416648],[108.2883251,22.8416645]]]}},{"type":"Feature","id":"way/759150546","properties":{"id":"way/759150546","name":"","kind":"roads","osmVersion":7,"osmEditedAt":"2021-06-22T17:15:44Z","sourceUrl":"https://www.openstreetmap.org/way/759150546","insideCampus":true,"tags":{"highway":"residential"}},"geometry":{"type":"LineString","coordinates":[[108.2894058,22.8418871],[108.2896559,22.8419762],[108.2898391,22.8420374],[108.2900619,22.842092],[108.2904498,22.8421406],[108.2907285,22.8422542],[108.2908846,22.842334],[108.2914842,22.8428467],[108.2918412,22.8429771],[108.2920941,22.8430448],[108.2919977,22.8434026],[108.292,22.8435504],[108.2919579,22.8437864]]}},{"type":"Feature","id":"way/759150548","properties":{"id":"way/759150548","name":"","kind":"roads","osmVersion":5,"osmEditedAt":"2021-08-18T05:08:15Z","sourceUrl":"https://www.openstreetmap.org/way/759150548","insideCampus":true,"tags":{"highway":"service"}},"geometry":{"type":"LineString","coordinates":[[108.2879172,22.8397313],[108.2880418,22.8396958],[108.2880408,22.8388883]]}},{"type":"Feature","id":"way/759150549","properties":{"id":"way/759150549","name":"","kind":"roads","osmVersion":10,"osmEditedAt":"2026-07-25T03:46:04Z","sourceUrl":"https://www.openstreetmap.org/way/759150549","insideCampus":true,"tags":{"highway":"residential"}},"geometry":{"type":"LineString","coordinates":[[108.2868236,22.8450858],[108.2842764,22.8450398],[108.2838355,22.8450261],[108.2836774,22.845029],[108.2832963,22.8450728],[108.280955,22.8450537],[108.2802516,22.8450504],[108.2800417,22.8450526]]}},{"type":"Feature","id":"way/759158606","properties":{"id":"way/759158606","name":"西校园学生宿舍楼4栋","kind":"buildings","osmVersion":1,"osmEditedAt":"2019-12-28T14:08:51Z","sourceUrl":"https://www.openstreetmap.org/way/759158606","insideCampus":true,"tags":{"building":"dormitory","name":"西校园学生宿舍楼4栋"},"category":"living","height":19.799999999999997,"heightBasis":"按类型估算","facadeBasis":"按建筑类型推定","landmark":null},"geometry":{"type":"Polygon","coordinates":[[[108.2883225,22.8421474],[108.2883225,22.8420757],[108.2885233,22.8420755],[108.2885232,22.8419809],[108.2879936,22.8419814],[108.2879937,22.8420718],[108.2881937,22.8420716],[108.2881939,22.8421475],[108.2883225,22.8421474]]]}},{"type":"Feature","id":"way/759158607","properties":{"id":"way/759158607","name":"西校园学生宿舍楼3栋","kind":"buildings","osmVersion":1,"osmEditedAt":"2019-12-28T14:08:51Z","sourceUrl":"https://www.openstreetmap.org/way/759158607","insideCampus":true,"tags":{"building":"dormitory","name":"西校园学生宿舍楼3栋"},"category":"living","height":19.799999999999997,"heightBasis":"按类型估算","facadeBasis":"按建筑类型推定","landmark":null},"geometry":{"type":"Polygon","coordinates":[[[108.2889802,22.8425819],[108.2889801,22.8425116],[108.2891833,22.8425113],[108.2891832,22.842411],[108.2886467,22.8424116],[108.2886468,22.8425078],[108.2888501,22.8425075],[108.2888501,22.842582],[108.2889802,22.8425819]]]}},{"type":"Feature","id":"way/759158608","properties":{"id":"way/759158608","name":"西校园学生宿舍楼5栋","kind":"buildings","osmVersion":1,"osmEditedAt":"2019-12-28T14:08:51Z","sourceUrl":"https://www.openstreetmap.org/way/759158608","insideCampus":true,"tags":{"building":"dormitory","name":"西校园学生宿舍楼5栋"},"category":"living","height":19.799999999999997,"heightBasis":"按类型估算","facadeBasis":"按建筑类型推定","landmark":null},"geometry":{"type":"Polygon","coordinates":[[[108.2891659,22.8421461],[108.2891658,22.8420887],[108.2893698,22.8420885],[108.2893696,22.8419933],[108.2888156,22.8419939],[108.2888158,22.8420816],[108.2890318,22.8420813],[108.2890318,22.8421463],[108.2891659,22.8421461]]]}},{"type":"Feature","id":"way/759158609","properties":{"id":"way/759158609","name":"西校园学生宿舍楼2栋","kind":"buildings","osmVersion":1,"osmEditedAt":"2019-12-28T14:08:51Z","sourceUrl":"https://www.openstreetmap.org/way/759158609","insideCampus":true,"tags":{"building":"dormitory","name":"西校园学生宿舍楼2栋"},"category":"living","height":19.799999999999997,"heightBasis":"按类型估算","facadeBasis":"按建筑类型推定","landmark":null},"geometry":{"type":"Polygon","coordinates":[[[108.2883359,22.8425835],[108.2883358,22.8425133],[108.288539,22.8425131],[108.2885389,22.8424127],[108.2880024,22.8424133],[108.2880025,22.8425094],[108.2882057,22.8425092],[108.2882058,22.8425837],[108.2883359,22.8425835]]]}},{"type":"Feature","id":"way/759158610","properties":{"id":"way/759158610","name":"西校园学生宿舍楼1栋","kind":"buildings","osmVersion":1,"osmEditedAt":"2019-12-28T14:08:51Z","sourceUrl":"https://www.openstreetmap.org/way/759158610","insideCampus":true,"tags":{"building":"dormitory","name":"西校园学生宿舍楼1栋"},"category":"living","height":19.799999999999997,"heightBasis":"按类型估算","facadeBasis":"按建筑类型推定","landmark":null},"geometry":{"type":"Polygon","coordinates":[[[108.2885026,22.8427584],[108.2880957,22.8427589],[108.2880957,22.8427877],[108.2880227,22.8427877],[108.2880229,22.8428962],[108.2881007,22.8428961],[108.2881007,22.8428531],[108.2885457,22.8428526],[108.2885456,22.8427932],[108.2885027,22.8427933],[108.2885026,22.8427584]]]}},{"type":"Feature","id":"way/759165560","properties":{"id":"way/759165560","name":"","kind":"roads","osmVersion":2,"osmEditedAt":"2020-09-08T05:37:09Z","sourceUrl":"https://www.openstreetmap.org/way/759165560","insideCampus":true,"tags":{"highway":"residential"}},"geometry":{"type":"LineString","coordinates":[[108.2913728,22.8464668],[108.2900337,22.8462291]]}},{"type":"Feature","id":"way/759165561","properties":{"id":"way/759165561","name":"鸪江路","kind":"roads","osmVersion":7,"osmEditedAt":"2021-06-22T17:15:44Z","sourceUrl":"https://www.openstreetmap.org/way/759165561","insideCampus":true,"tags":{"highway":"residential","name":"鸪江路"}},"geometry":{"type":"LineString","coordinates":[[108.2919579,22.8437864],[108.2919013,22.844164],[108.2916531,22.8451902],[108.2913728,22.8464668],[108.2913692,22.846511]]}},{"type":"Feature","id":"way/759165562","properties":{"id":"way/759165562","name":"校内建筑 759165562","kind":"buildings","osmVersion":2,"osmEditedAt":"2021-06-23T06:09:07Z","sourceUrl":"https://www.openstreetmap.org/way/759165562","insideCampus":true,"tags":{"building":"university"},"category":"academic","height":16.5,"heightBasis":"按类型估算","facadeBasis":"按建筑类型推定","landmark":null},"geometry":{"type":"Polygon","coordinates":[[[108.2923023,22.8461973],[108.29233,22.8460652],[108.2920229,22.8460105],[108.2919952,22.8461425],[108.2923023,22.8461973]]]}},{"type":"Feature","id":"way/759165563","properties":{"id":"way/759165563","name":"艺术学院","kind":"buildings","osmVersion":4,"osmEditedAt":"2021-06-23T06:09:07Z","sourceUrl":"https://www.openstreetmap.org/way/759165563","insideCampus":true,"tags":{"alt_name":"第九教学楼","building":"university","building:levels":"4","faculty":"arts","name":"艺术学院","office":"educational_institution","operator":"广西大学","website":"https://art.gxu.edu.cn/"},"category":"academic","height":13.2,"heightBasis":"OSM高度或层数","facadeBasis":"按建筑类型推定","landmark":null},"geometry":{"type":"Polygon","coordinates":[[[108.2920247,22.8463048],[108.2920525,22.8461959],[108.2917112,22.8461219],[108.291783,22.8458406],[108.2921028,22.8459099],[108.2921241,22.8458264],[108.2918454,22.845766],[108.2918509,22.8457442],[108.2916314,22.8456966],[108.2916048,22.8458009],[108.2917074,22.8458231],[108.2916347,22.8461081],[108.2915321,22.8460858],[108.2915049,22.8461922],[108.2920247,22.8463048]]]}},{"type":"Feature","id":"way/759170251","properties":{"id":"way/759170251","name":"野生动物研究所","kind":"buildings","osmVersion":3,"osmEditedAt":"2020-12-02T08:52:49Z","sourceUrl":"https://www.openstreetmap.org/way/759170251","insideCampus":true,"tags":{"building":"university","building:levels":"8","name":"野生动物研究所"},"category":"academic","height":26.4,"heightBasis":"OSM高度或层数","facadeBasis":"按建筑类型推定","landmark":null},"geometry":{"type":"Polygon","coordinates":[[[108.2918299,22.84368],[108.2918684,22.8435194],[108.2908457,22.8433111],[108.2908072,22.8434717],[108.2918299,22.84368]]]}},{"type":"Feature","id":"way/759170252","properties":{"id":"way/759170252","name":"小树林","kind":"green","osmVersion":3,"osmEditedAt":"2021-06-23T16:09:46Z","sourceUrl":"https://www.openstreetmap.org/way/759170252","insideCampus":true,"tags":{"landuse":"forest","name":"小树林"}},"geometry":{"type":"Polygon","coordinates":[[[108.2894284,22.8447437],[108.2896221,22.8437247],[108.289606,22.8436901],[108.2895523,22.8436555],[108.2886484,22.8434516],[108.2882372,22.8444464],[108.2894284,22.8447437]]]}},{"type":"Feature","id":"way/759170253","properties":{"id":"way/759170253","name":"蝶山路","kind":"roads","osmVersion":6,"osmEditedAt":"2021-06-22T17:15:44Z","sourceUrl":"https://www.openstreetmap.org/way/759170253","insideCampus":true,"tags":{"highway":"residential","name":"蝶山路"}},"geometry":{"type":"LineString","coordinates":[[108.2897759,22.8476065],[108.2897831,22.8474889]]}},{"type":"Feature","id":"way/759170254","properties":{"id":"way/759170254","name":"第十教学楼","kind":"buildings","osmVersion":3,"osmEditedAt":"2020-12-02T08:52:49Z","sourceUrl":"https://www.openstreetmap.org/way/759170254","insideCampus":true,"tags":{"building":"university","building:levels":"8","name":"第十教学楼","short_name":"十教"},"category":"academic","height":26.4,"heightBasis":"OSM高度或层数","facadeBasis":"按建筑类型推定","landmark":null},"geometry":{"type":"Polygon","coordinates":[[[108.2899135,22.8452938],[108.2898699,22.845281],[108.2898243,22.845276],[108.2897727,22.8452796],[108.2897702,22.8452118],[108.2897375,22.8452163],[108.2897108,22.8452222],[108.2896705,22.8452393],[108.2896524,22.8452514],[108.2896269,22.845281],[108.2896195,22.8452991],[108.2896921,22.8453398],[108.289662,22.8453789],[108.2896338,22.8453682],[108.2896218,22.8454022],[108.2896182,22.8454382],[108.2896447,22.8454413],[108.2896393,22.8454857],[108.2895867,22.8454858],[108.2895879,22.8454985],[108.2895955,22.8455306],[108.2896031,22.8455505],[108.2896131,22.845566],[108.2896259,22.8455802],[108.2896661,22.8456136],[108.2897373,22.845543],[108.2897693,22.8455622],[108.2897533,22.84563],[108.2897286,22.8456411],[108.2897117,22.8456574],[108.2896983,22.8456866],[108.2896828,22.8457409],[108.289598,22.8457186],[108.2896071,22.8456846],[108.289599,22.8456584],[108.2895773,22.8456386],[108.2894613,22.8456135],[108.2894342,22.8457097],[108.2893963,22.8457104],[108.2893923,22.8458112],[108.289457,22.8458193],[108.2894997,22.845792],[108.2899364,22.8459041],[108.2899451,22.8459386],[108.289964,22.8459499],[108.2899806,22.8459571],[108.2900033,22.8459571],[108.2900232,22.8459473],[108.2900347,22.8459323],[108.2900362,22.8459102],[108.290034,22.8458926],[108.2900599,22.8458949],[108.2900614,22.8458775],[108.2900456,22.8458607],[108.290022,22.8458464],[108.2900504,22.8457553],[108.2899291,22.8457226],[108.2899055,22.8457347],[108.289882,22.8457606],[108.2898726,22.8457877],[108.2897926,22.8457683],[108.2898085,22.8457142],[108.2898116,22.8456859],[108.2898059,22.8456609],[108.2897897,22.8456384],[108.2898066,22.845571],[108.2898499,22.8455678],[108.2898787,22.8456728],[108.2899005,22.8456701],[108.2899223,22.8456645],[108.2899444,22.8456562],[108.2899819,22.8456361],[108.29,22.8456228],[108.2900108,22.8456102],[108.2900203,22.8455935],[108.289963,22.8455609],[108.2899802,22.8455315],[108.2900243,22.8455354],[108.2900309,22.845498],[108.2900331,22.8454661],[108.2900059,22.8454651],[108.290002,22.8454072],[108.2900681,22.8454073],[108.2900704,22.8453883],[108.2900701,22.8453723],[108.2900661,22.8453509],[108.2900601,22.8453327],[108.2900527,22.8453179],[108.2900369,22.8452944],[108.2900236,22.8452805],[108.2900065,22.8452691],[108.2899517,22.8453185],[108.2899135,22.8452938]]]}},{"type":"Feature","id":"way/759170260","properties":{"id":"way/759170260","name":"7号楼","kind":"buildings","osmVersion":2,"osmEditedAt":"2020-08-31T14:25:50Z","sourceUrl":"https://www.openstreetmap.org/way/759170260","insideCampus":true,"tags":{"building":"dormitory","name":"7号楼"},"category":"living","height":19.799999999999997,"heightBasis":"按类型估算","facadeBasis":"按建筑类型推定","landmark":null},"geometry":{"type":"Polygon","coordinates":[[[108.2884983,22.8459785],[108.2885351,22.8458456],[108.2881256,22.8457493],[108.2880887,22.8458823],[108.2884983,22.8459785]]]}},{"type":"Feature","id":"way/759170261","properties":{"id":"way/759170261","name":"东校园西区6栋","kind":"buildings","osmVersion":2,"osmEditedAt":"2020-08-31T14:25:50Z","sourceUrl":"https://www.openstreetmap.org/way/759170261","insideCampus":true,"tags":{"building":"dormitory","name":"东校园西区6栋"},"category":"living","height":19.799999999999997,"heightBasis":"按类型估算","facadeBasis":"按建筑类型推定","landmark":null},"geometry":{"type":"Polygon","coordinates":[[[108.2880089,22.8461013],[108.2879784,22.8462281],[108.2884084,22.8463158],[108.2884389,22.8461889],[108.2880089,22.8461013]]]}},{"type":"Feature","id":"way/759170262","properties":{"id":"way/759170262","name":"","kind":"roads","osmVersion":1,"osmEditedAt":"2019-12-28T15:40:34Z","sourceUrl":"https://www.openstreetmap.org/way/759170262","insideCampus":true,"tags":{"highway":"service"}},"geometry":{"type":"LineString","coordinates":[[108.2892963,22.845867],[108.2900655,22.8460434]]}},{"type":"Feature","id":"way/759170263","properties":{"id":"way/759170263","name":"","kind":"roads","osmVersion":3,"osmEditedAt":"2026-03-24T13:12:32Z","sourceUrl":"https://www.openstreetmap.org/way/759170263","insideCampus":true,"tags":{"highway":"service"}},"geometry":{"type":"LineString","coordinates":[[108.2892963,22.845867],[108.2883997,22.8456935],[108.288346,22.8456638],[108.2883299,22.8456044],[108.2885772,22.8445807]]}},{"type":"Feature","id":"way/759170264","properties":{"id":"way/759170264","name":"","kind":"roads","osmVersion":3,"osmEditedAt":"2026-03-24T13:12:32Z","sourceUrl":"https://www.openstreetmap.org/way/759170264","insideCampus":true,"tags":{"highway":"residential"}},"geometry":{"type":"LineString","coordinates":[[108.2916531,22.8451902],[108.2903069,22.8449857],[108.2894602,22.8447939],[108.2885772,22.8445807]]}},{"type":"Feature","id":"way/759170265","properties":{"id":"way/759170265","name":"东苑路","kind":"roads","osmVersion":3,"osmEditedAt":"2021-06-22T17:15:44Z","sourceUrl":"https://www.openstreetmap.org/way/759170265","insideCampus":true,"tags":{"highway":"residential","name":"东苑路"}},"geometry":{"type":"LineString","coordinates":[[108.291709,22.8449596],[108.2926526,22.84517],[108.2931908,22.8452588],[108.2933457,22.8452808],[108.2934476,22.8453092],[108.2936058,22.8457146]]}},{"type":"Feature","id":"way/759170266","properties":{"id":"way/759170266","name":"第十一教学楼","kind":"buildings","osmVersion":2,"osmEditedAt":"2020-12-02T08:52:49Z","sourceUrl":"https://www.openstreetmap.org/way/759170266","insideCampus":true,"tags":{"building":"university","building:levels":"4","name":"第十一教学楼","short_name":"十一教"},"category":"academic","height":13.2,"heightBasis":"OSM高度或层数","facadeBasis":"按建筑类型推定","landmark":null},"geometry":{"type":"Polygon","coordinates":[[[108.2926643,22.8449296],[108.2925222,22.8449004],[108.2925312,22.8448633],[108.2924455,22.8448457],[108.2924146,22.8449735],[108.2923297,22.844956],[108.2923171,22.8450082],[108.2926298,22.8450725],[108.2926643,22.8449296]]]}},{"type":"Feature","id":"way/759170267","properties":{"id":"way/759170267","name":"校医院","kind":"buildings","osmVersion":2,"osmEditedAt":"2020-12-02T08:52:49Z","sourceUrl":"https://www.openstreetmap.org/way/759170267","insideCampus":true,"tags":{"amenity":"clinic","building":"yes","building:levels":"3","healthcare":"clinic","name":"校医院"},"category":"service","height":9.899999999999999,"heightBasis":"OSM高度或层数","facadeBasis":"按建筑类型推定","landmark":null},"geometry":{"type":"Polygon","coordinates":[[[108.2920258,22.8449437],[108.2922926,22.8450032],[108.2923354,22.8448404],[108.2924245,22.8448603],[108.292456,22.8447404],[108.2919714,22.8446323],[108.2918971,22.844915],[108.2920258,22.8449437]]]}},{"type":"Feature","id":"way/759185166","properties":{"id":"way/759185166","name":"农学院","kind":"buildings","osmVersion":5,"osmEditedAt":"2021-06-23T06:09:07Z","sourceUrl":"https://www.openstreetmap.org/way/759185166","insideCampus":true,"tags":{"building":"university","faculty":"agriculture","name":"农学院","office":"educational_institution","operator":"广西大学","website":"https://nxy.gxu.edu.cn/"},"category":"academic","height":16.5,"heightBasis":"按类型估算","facadeBasis":"按建筑类型推定","landmark":null},"geometry":{"type":"Polygon","coordinates":[[[108.2911843,22.8443998],[108.2912295,22.844215],[108.2915182,22.844275],[108.2914354,22.8446132],[108.2916587,22.8446596],[108.2917753,22.8441833],[108.2916275,22.8441526],[108.2916228,22.8441717],[108.2912586,22.844096],[108.2912688,22.8440545],[108.2910994,22.8440193],[108.2910893,22.8440608],[108.2907715,22.8439947],[108.2907761,22.8439758],[108.2906257,22.8439445],[108.2905051,22.8444369],[108.2906666,22.8444705],[108.2907534,22.8441161],[108.2910601,22.8441798],[108.2910149,22.8443646],[108.2911843,22.8443998]]]}},{"type":"Feature","id":"way/759185167","properties":{"id":"way/759185167","name":"","kind":"roads","osmVersion":1,"osmEditedAt":"2019-12-28T16:44:00Z","sourceUrl":"https://www.openstreetmap.org/way/759185167","insideCampus":true,"tags":{"highway":"service"}},"geometry":{"type":"LineString","coordinates":[[108.2904243,22.844477],[108.2917613,22.844744]]}},{"type":"Feature","id":"way/759187863","properties":{"id":"way/759187863","name":"","kind":"roads","osmVersion":2,"osmEditedAt":"2020-12-02T08:52:49Z","sourceUrl":"https://www.openstreetmap.org/way/759187863","insideCampus":true,"tags":{"highway":"service"}},"geometry":{"type":"LineString","coordinates":[[108.2926526,22.84517],[108.2928429,22.8442824]]}},{"type":"Feature","id":"way/759187864","properties":{"id":"way/759187864","name":"","kind":"roads","osmVersion":1,"osmEditedAt":"2019-12-28T17:01:13Z","sourceUrl":"https://www.openstreetmap.org/way/759187864","insideCampus":true,"tags":{"highway":"service"}},"geometry":{"type":"LineString","coordinates":[[108.2931908,22.8452588],[108.2933813,22.8444516]]}},{"type":"Feature","id":"way/759187865","properties":{"id":"way/759187865","name":"","kind":"roads","osmVersion":3,"osmEditedAt":"2021-06-22T17:15:44Z","sourceUrl":"https://www.openstreetmap.org/way/759187865","insideCampus":true,"tags":{"highway":"service"}},"geometry":{"type":"LineString","coordinates":[[108.2939625,22.8457319],[108.2941558,22.8457422],[108.294566,22.8457566],[108.2945929,22.8457739],[108.2946116,22.8458134],[108.294617,22.845848],[108.2945795,22.8466415]]}},{"type":"Feature","id":"way/759187866","properties":{"id":"way/759187866","name":"东苑路","kind":"roads","osmVersion":2,"osmEditedAt":"2021-06-22T17:15:44Z","sourceUrl":"https://www.openstreetmap.org/way/759187866","insideCampus":true,"tags":{"highway":"service","name":"东苑路"}},"geometry":{"type":"LineString","coordinates":[[108.2932971,22.8471143],[108.2933644,22.8462015],[108.2933778,22.8461447],[108.2933993,22.8460878],[108.2934207,22.8460458],[108.2935119,22.8459271],[108.2935629,22.8458406],[108.293587,22.8457788],[108.2936058,22.8457146]]}},{"type":"Feature","id":"way/759187867","properties":{"id":"way/759187867","name":"","kind":"roads","osmVersion":2,"osmEditedAt":"2021-06-22T17:15:44Z","sourceUrl":"https://www.openstreetmap.org/way/759187867","insideCampus":true,"tags":{"highway":"service"}},"geometry":{"type":"LineString","coordinates":[[108.2934476,22.8453092],[108.2936004,22.8452153],[108.2937185,22.8452029],[108.2938687,22.8452079],[108.2939867,22.8452301],[108.2941101,22.8452845],[108.2941744,22.8453463],[108.2941558,22.8457422]]}},{"type":"Feature","id":"way/759187868","properties":{"id":"way/759187868","name":"","kind":"roads","osmVersion":3,"osmEditedAt":"2021-06-22T17:15:44Z","sourceUrl":"https://www.openstreetmap.org/way/759187868","insideCampus":true,"tags":{"highway":"service"}},"geometry":{"type":"LineString","coordinates":[[108.2934476,22.8453092],[108.2932499,22.8450083],[108.2927078,22.8449126]]}},{"type":"Feature","id":"way/759187869","properties":{"id":"way/759187869","name":"","kind":"roads","osmVersion":1,"osmEditedAt":"2019-12-28T17:01:13Z","sourceUrl":"https://www.openstreetmap.org/way/759187869","insideCampus":true,"tags":{"highway":"service"}},"geometry":{"type":"LineString","coordinates":[[108.2933016,22.8447889],[108.2927553,22.8446908]]}},{"type":"Feature","id":"way/759187870","properties":{"id":"way/759187870","name":"","kind":"roads","osmVersion":2,"osmEditedAt":"2020-12-02T08:52:49Z","sourceUrl":"https://www.openstreetmap.org/way/759187870","insideCampus":true,"tags":{"highway":"service"}},"geometry":{"type":"LineString","coordinates":[[108.2933541,22.8445665],[108.2928026,22.8444702]]}},{"type":"Feature","id":"way/759187871","properties":{"id":"way/759187871","name":"","kind":"roads","osmVersion":1,"osmEditedAt":"2019-12-28T17:01:13Z","sourceUrl":"https://www.openstreetmap.org/way/759187871","insideCampus":true,"tags":{"highway":"service"}},"geometry":{"type":"LineString","coordinates":[[108.2905669,22.8438823],[108.2919013,22.844164]]}},{"type":"Feature","id":"way/759187872","properties":{"id":"way/759187872","name":"","kind":"roads","osmVersion":2,"osmEditedAt":"2020-12-02T08:52:49Z","sourceUrl":"https://www.openstreetmap.org/way/759187872","insideCampus":true,"tags":{"highway":"service"}},"geometry":{"type":"LineString","coordinates":[[108.2927818,22.8445673],[108.292119,22.8444274],[108.2920714,22.844411],[108.2920298,22.8443925],[108.2919882,22.8443517],[108.2919627,22.8442924],[108.2919637,22.8442411],[108.2919773,22.8441767],[108.2919013,22.844164]]}},{"type":"Feature","id":"way/759187873","properties":{"id":"way/759187873","name":"","kind":"roads","osmVersion":3,"osmEditedAt":"2020-12-02T08:52:49Z","sourceUrl":"https://www.openstreetmap.org/way/759187873","insideCampus":true,"tags":{"highway":"service"}},"geometry":{"type":"LineString","coordinates":[[108.2928429,22.8442824],[108.2928662,22.8441596],[108.2928573,22.8440981],[108.2927213,22.8438958],[108.2926688,22.8438566],[108.2921891,22.8437448],[108.2921357,22.8437449],[108.2920891,22.8437708],[108.2920679,22.8438215],[108.2919773,22.8441767]]}},{"type":"Feature","id":"way/759191479","properties":{"id":"way/759191479","name":"东校园学生宿舍8栋","kind":"buildings","osmVersion":2,"osmEditedAt":"2020-12-02T08:52:49Z","sourceUrl":"https://www.openstreetmap.org/way/759191479","insideCampus":true,"tags":{"building":"dormitory","building:levels":"6","name":"东校园学生宿舍8栋","ref":"东8"},"category":"living","height":19.799999999999997,"heightBasis":"OSM高度或层数","facadeBasis":"按建筑类型推定","landmark":null},"geometry":{"type":"Polygon","coordinates":[[[108.2931695,22.8451534],[108.293186,22.8450693],[108.2930264,22.8450427],[108.2930315,22.8450169],[108.2929023,22.8449953],[108.2928962,22.8450267],[108.2927286,22.8449988],[108.2927132,22.8450774],[108.2931695,22.8451534]]]}},{"type":"Feature","id":"way/759191480","properties":{"id":"way/759191480","name":"东校园学生宿舍9栋","kind":"buildings","osmVersion":2,"osmEditedAt":"2020-12-02T08:52:49Z","sourceUrl":"https://www.openstreetmap.org/way/759191480","insideCampus":true,"tags":{"building":"dormitory","building:levels":"6","name":"东校园学生宿舍9栋","ref":"东9"},"category":"living","height":19.799999999999997,"heightBasis":"OSM高度或层数","facadeBasis":"按建筑类型推定","landmark":null},"geometry":{"type":"Polygon","coordinates":[[[108.2932263,22.8449363],[108.2932428,22.8448522],[108.2930832,22.8448256],[108.2930883,22.8447996],[108.2929592,22.8447781],[108.292953,22.8448095],[108.2927855,22.8447816],[108.29277,22.8448603],[108.2932263,22.8449363]]]}},{"type":"Feature","id":"way/759191481","properties":{"id":"way/759191481","name":"东校园学生宿舍10栋","kind":"buildings","osmVersion":2,"osmEditedAt":"2020-12-02T08:52:49Z","sourceUrl":"https://www.openstreetmap.org/way/759191481","insideCampus":true,"tags":{"building":"dormitory","building:levels":"6","name":"东校园学生宿舍10栋","ref":"东10"},"category":"living","height":19.799999999999997,"heightBasis":"OSM高度或层数","facadeBasis":"按建筑类型推定","landmark":null},"geometry":{"type":"Polygon","coordinates":[[[108.2932744,22.844725],[108.2932909,22.8446409],[108.2931313,22.8446143],[108.2931364,22.8445885],[108.2930072,22.8445669],[108.2930011,22.8445983],[108.2928335,22.8445704],[108.2928181,22.844649],[108.2932744,22.844725]]]}},{"type":"Feature","id":"way/759191482","properties":{"id":"way/759191482","name":"东校园学生宿舍11栋","kind":"buildings","osmVersion":2,"osmEditedAt":"2020-12-02T08:52:49Z","sourceUrl":"https://www.openstreetmap.org/way/759191482","insideCampus":true,"tags":{"building":"dormitory","building:levels":"6","name":"东校园学生宿舍11栋","ref":"东11"},"category":"living","height":19.799999999999997,"heightBasis":"OSM高度或层数","facadeBasis":"按建筑类型推定","landmark":null},"geometry":{"type":"Polygon","coordinates":[[[108.2933215,22.8445061],[108.293338,22.8444221],[108.2931783,22.8443956],[108.2931834,22.8443696],[108.2930543,22.8443481],[108.2930482,22.8443794],[108.2928805,22.8443516],[108.2928651,22.8444303],[108.2933215,22.8445061]]]}},{"type":"Feature","id":"way/759191483","properties":{"id":"way/759191483","name":"校内建筑 759191483","kind":"buildings","osmVersion":1,"osmEditedAt":"2019-12-28T17:22:38Z","sourceUrl":"https://www.openstreetmap.org/way/759191483","insideCampus":true,"tags":{"building":"school"},"category":"academic","height":16.5,"heightBasis":"按类型估算","facadeBasis":"按建筑类型推定","landmark":null},"geometry":{"type":"Polygon","coordinates":[[[108.2931862,22.8442463],[108.2931722,22.8442945],[108.2933292,22.8443334],[108.2933658,22.8442081],[108.2932234,22.8441728],[108.2932323,22.844142],[108.293063,22.8441001],[108.2930315,22.844208],[108.2931862,22.8442463]]]}},{"type":"Feature","id":"way/759191484","properties":{"id":"way/759191484","name":"","kind":"roads","osmVersion":2,"osmEditedAt":"2020-12-02T08:52:49Z","sourceUrl":"https://www.openstreetmap.org/way/759191484","insideCampus":true,"tags":{"highway":"service"}},"geometry":{"type":"LineString","coordinates":[[108.2937397,22.844526],[108.2933813,22.8444516],[108.2933881,22.8444038],[108.2933729,22.8443719],[108.2933397,22.8443579],[108.2928429,22.8442824]]}},{"type":"Feature","id":"way/759191485","properties":{"id":"way/759191485","name":"东苑餐厅","kind":"buildings","osmVersion":1,"osmEditedAt":"2019-12-28T17:22:38Z","sourceUrl":"https://www.openstreetmap.org/way/759191485","insideCampus":true,"tags":{"amenity":"restaurant","building":"yes","name":"东苑餐厅"},"category":"living","height":19.799999999999997,"heightBasis":"按类型估算","facadeBasis":"按建筑类型推定","landmark":null},"geometry":{"type":"Polygon","coordinates":[[[108.2936079,22.8448679],[108.293685,22.8445419],[108.2934189,22.8444885],[108.2933419,22.8448144],[108.2936079,22.8448679]]]}},{"type":"Feature","id":"way/759191486","properties":{"id":"way/759191486","name":"6栋","kind":"buildings","osmVersion":2,"osmEditedAt":"2020-12-02T08:52:49Z","sourceUrl":"https://www.openstreetmap.org/way/759191486","insideCampus":true,"tags":{"building":"dormitory","building:levels":"6","name":"6栋"},"category":"living","height":19.799999999999997,"heightBasis":"OSM高度或层数","facadeBasis":"按建筑类型推定","landmark":null},"geometry":{"type":"Polygon","coordinates":[[[108.2940862,22.8451758],[108.2940954,22.845051],[108.2933779,22.8450058],[108.2933687,22.8451305],[108.2940862,22.8451758]]]}},{"type":"Feature","id":"way/759191487","properties":{"id":"way/759191487","name":"","kind":"roads","osmVersion":2,"osmEditedAt":"2020-09-08T05:37:09Z","sourceUrl":"https://www.openstreetmap.org/way/759191487","insideCampus":true,"tags":{"highway":"footway"}},"geometry":{"type":"LineString","coordinates":[[108.2934799,22.8453921],[108.2934621,22.8454198],[108.2934457,22.845437],[108.2928595,22.8457522],[108.2928256,22.8457662],[108.2927883,22.8457673],[108.2927521,22.8457554],[108.2918993,22.8453471],[108.2918687,22.8453369],[108.2918206,22.8453328],[108.2917764,22.8455045],[108.2917975,22.8455284],[108.2918162,22.8455381],[108.2920299,22.8455844],[108.2920497,22.8456027],[108.2920544,22.845622],[108.2920672,22.8456296],[108.2921945,22.8456791],[108.2922575,22.8457115],[108.2923171,22.8457653],[108.2923661,22.8458277],[108.292393,22.8458933],[108.2924116,22.8459525],[108.292414,22.8460074],[108.2923941,22.846087],[108.2923731,22.8461408],[108.2923235,22.8461957],[108.2922523,22.8462581],[108.2921413,22.8463183],[108.2920351,22.8463667],[108.2919242,22.8464076],[108.2917888,22.8464237],[108.2914584,22.8464689],[108.2914032,22.8464738],[108.2913728,22.8464668]]}},{"type":"Feature","id":"way/759191488","properties":{"id":"way/759191488","name":"","kind":"roads","osmVersion":1,"osmEditedAt":"2019-12-28T17:22:38Z","sourceUrl":"https://www.openstreetmap.org/way/759191488","insideCampus":true,"tags":{"highway":"footway"}},"geometry":{"type":"LineString","coordinates":[[108.2918206,22.8453328],[108.2918491,22.845292],[108.2918715,22.8452751],[108.2919121,22.8452639],[108.2919731,22.8452854],[108.2920127,22.8453098],[108.292088,22.8453623],[108.2921185,22.8453782],[108.2921693,22.8453707],[108.2922089,22.8453454],[108.2922435,22.8453332],[108.2922851,22.8453351],[108.2924772,22.8454522],[108.2925159,22.8454896],[108.2925463,22.8455477],[108.2925646,22.8456226],[108.2925706,22.8456686]]}},{"type":"Feature","id":"way/759191489","properties":{"id":"way/759191489","name":"东校园学生宿舍5栋","kind":"buildings","osmVersion":2,"osmEditedAt":"2020-12-02T08:52:49Z","sourceUrl":"https://www.openstreetmap.org/way/759191489","insideCampus":true,"tags":{"building":"dormitory","building:levels":"6","name":"东校园学生宿舍5栋"},"category":"living","height":19.799999999999997,"heightBasis":"OSM高度或层数","facadeBasis":"按建筑类型推定","landmark":null},"geometry":{"type":"Polygon","coordinates":[[[108.2939262,22.8454115],[108.2939187,22.8455532],[108.2941537,22.8455637],[108.2941619,22.8454081],[108.2941088,22.8454057],[108.2941073,22.8454341],[108.2940168,22.84543],[108.2940244,22.8452855],[108.2937015,22.845271],[108.2936946,22.8454011],[108.2939262,22.8454115]]]}},{"type":"Feature","id":"way/759191490","properties":{"id":"way/759191490","name":"","kind":"roads","osmVersion":2,"osmEditedAt":"2021-06-23T06:09:07Z","sourceUrl":"https://www.openstreetmap.org/way/759191490","insideCampus":true,"tags":{"highway":"service"}},"geometry":{"type":"LineString","coordinates":[[108.2828191,22.8392992],[108.282811,22.8396675],[108.2828298,22.8397491],[108.282862,22.8398208],[108.2828915,22.8398974],[108.282859,22.8400401]]}},{"type":"Feature","id":"way/759191491","properties":{"id":"way/759191491","name":"东校园学生宿舍4栋","kind":"buildings","osmVersion":2,"osmEditedAt":"2020-12-02T08:52:49Z","sourceUrl":"https://www.openstreetmap.org/way/759191491","insideCampus":true,"tags":{"building":"dormitory","building:levels":"6","name":"东校园学生宿舍4栋"},"category":"living","height":19.799999999999997,"heightBasis":"OSM高度或层数","facadeBasis":"按建筑类型推定","landmark":null},"geometry":{"type":"Polygon","coordinates":[[[108.2947162,22.8457045],[108.2947201,22.845634],[108.2946913,22.8456326],[108.294693,22.8456015],[108.2942038,22.845578],[108.2941981,22.8456797],[108.2947162,22.8457045]]]}},{"type":"Feature","id":"way/759191492","properties":{"id":"way/759191492","name":"校内建筑 759191492","kind":"buildings","osmVersion":2,"osmEditedAt":"2020-12-02T08:52:49Z","sourceUrl":"https://www.openstreetmap.org/way/759191492","insideCampus":true,"tags":{"building":"dormitory","building:levels":"2"},"category":"living","height":6.6,"heightBasis":"OSM高度或层数","facadeBasis":"按建筑类型推定","landmark":null},"geometry":{"type":"Polygon","coordinates":[[[108.2944615,22.8465999],[108.2944672,22.8464318],[108.2940177,22.8464187],[108.2940233,22.846255],[108.294472,22.8462681],[108.2944707,22.8463078],[108.2945354,22.8463097],[108.2945406,22.8461572],[108.2940311,22.8461423],[108.2940373,22.8459592],[108.2944659,22.8459717],[108.2944639,22.846028],[108.2945514,22.8460306],[108.2945576,22.8458501],[108.293971,22.845833],[108.2939365,22.8468397],[108.2945368,22.8468572],[108.2945361,22.8468754],[108.2948005,22.8468831],[108.2948012,22.8468615],[108.2954082,22.8468792],[108.2954127,22.8467506],[108.2940181,22.84671],[108.2940237,22.8465458],[108.2943794,22.8465561],[108.294378,22.8465975],[108.2944615,22.8465999]]]}},{"type":"Feature","id":"way/759193118","properties":{"id":"way/759193118","name":"足球场","kind":"sports","osmVersion":1,"osmEditedAt":"2019-12-28T17:34:40Z","sourceUrl":"https://www.openstreetmap.org/way/759193118","insideCampus":true,"tags":{"leisure":"pitch","name":"足球场"}},"geometry":{"type":"Polygon","coordinates":[[[108.2951592,22.8487584],[108.2952153,22.84776],[108.2945031,22.8477256],[108.2944634,22.8487219],[108.2951592,22.8487584]]]}},{"type":"Feature","id":"way/759193119","properties":{"id":"way/759193119","name":"","kind":"sports","osmVersion":1,"osmEditedAt":"2019-12-28T17:34:40Z","sourceUrl":"https://www.openstreetmap.org/way/759193119","insideCampus":true,"tags":{"area":"yes","leisure":"track","sport":"running"}},"geometry":{"type":"Polygon","coordinates":[[[108.2952667,22.8489202],[108.2953236,22.8476107],[108.2952301,22.8476144],[108.2952098,22.8475882],[108.2951935,22.8475732],[108.2951712,22.8475488],[108.2951508,22.8475301],[108.2951264,22.8475133],[108.2950167,22.8474702],[108.2949781,22.8474608],[108.294911,22.8474496],[108.2948297,22.8474514],[108.2947545,22.8474571],[108.2946731,22.8474852],[108.2946447,22.8475001],[108.2945939,22.847532],[108.2945776,22.8475451],[108.2945431,22.8475676],[108.2944292,22.847562],[108.2943845,22.848888],[108.2944963,22.8488937],[108.2945044,22.8489086],[108.2945329,22.8489405],[108.2945532,22.8489536],[108.2945918,22.8489836],[108.294661,22.8490192],[108.2946894,22.8490285],[108.2947362,22.8490398],[108.2948175,22.8490435],[108.2948744,22.8490416],[108.2949089,22.849036],[108.2949659,22.8490248],[108.2950146,22.8490098],[108.2950756,22.8489742],[108.2950939,22.8489592],[108.2951122,22.848948],[108.2951264,22.848933],[108.2951508,22.8489184],[108.2952667,22.8489202]]]}},{"type":"Feature","id":"way/759193120","properties":{"id":"way/759193120","name":"东校园体育馆","kind":"buildings","osmVersion":4,"osmEditedAt":"2021-06-20T15:15:01Z","sourceUrl":"https://www.openstreetmap.org/way/759193120","insideCampus":true,"tags":{"building":"university","building:levels":"5","leisure":"sports_hall","name":"东校园体育馆"},"category":"culture","height":16.5,"heightBasis":"OSM高度或层数","facadeBasis":"按建筑类型推定","landmark":null},"geometry":{"type":"Polygon","coordinates":[[[108.294222,22.8494902],[108.2950936,22.8495221],[108.2951027,22.8493107],[108.2942311,22.8492788],[108.294222,22.8494902]]]}},{"type":"Feature","id":"way/759332838","properties":{"id":"way/759332838","name":"","kind":"roads","osmVersion":4,"osmEditedAt":"2026-04-23T02:17:07Z","sourceUrl":"https://www.openstreetmap.org/way/759332838","insideCampus":true,"tags":{"highway":"service"}},"geometry":{"type":"LineString","coordinates":[[108.2814547,22.8407683],[108.2814594,22.8405752],[108.2814944,22.8404434],[108.2818413,22.8404167],[108.2818477,22.8402534],[108.282009,22.8399601]]}},{"type":"Feature","id":"way/759332839","properties":{"id":"way/759332839","name":"","kind":"roads","osmVersion":5,"osmEditedAt":"2021-06-23T11:30:01Z","sourceUrl":"https://www.openstreetmap.org/way/759332839","insideCampus":true,"tags":{"highway":"residential"}},"geometry":{"type":"LineString","coordinates":[[108.28797,22.8453447],[108.2875829,22.84519],[108.2873957,22.8451278],[108.2872187,22.8450905],[108.2870584,22.8450853],[108.2868236,22.8450858]]}},{"type":"Feature","id":"way/759337783","properties":{"id":"way/759337783","name":"","kind":"roads","osmVersion":4,"osmEditedAt":"2021-06-23T06:09:07Z","sourceUrl":"https://www.openstreetmap.org/way/759337783","insideCampus":true,"tags":{"highway":"service"}},"geometry":{"type":"LineString","coordinates":[[108.284528,22.8395558],[108.2853097,22.8395549]]}},{"type":"Feature","id":"way/759337784","properties":{"id":"way/759337784","name":"","kind":"roads","osmVersion":4,"osmEditedAt":"2021-06-22T17:15:44Z","sourceUrl":"https://www.openstreetmap.org/way/759337784","insideCampus":true,"tags":{"highway":"service"}},"geometry":{"type":"LineString","coordinates":[[108.2852965,22.8405821],[108.2863928,22.840592]]}},{"type":"Feature","id":"way/759337785","properties":{"id":"way/759337785","name":"","kind":"roads","osmVersion":3,"osmEditedAt":"2026-07-25T03:46:04Z","sourceUrl":"https://www.openstreetmap.org/way/759337785","insideCampus":true,"tags":{"highway":"service"}},"geometry":{"type":"LineString","coordinates":[[108.2829078,22.842955],[108.282917,22.8426202],[108.2829219,22.8425018],[108.2829196,22.8422315],[108.2829219,22.8418158],[108.2829271,22.8415674]]}},{"type":"Feature","id":"way/759337787","properties":{"id":"way/759337787","name":"君武文化艺术教育中心","kind":"buildings","osmVersion":2,"osmEditedAt":"2021-06-23T11:30:01Z","sourceUrl":"https://www.openstreetmap.org/way/759337787","insideCampus":true,"tags":{"building":"university","name":"君武文化艺术教育中心"},"category":"academic","height":16.5,"heightBasis":"按类型估算","facadeBasis":"按建筑类型推定","landmark":null},"geometry":{"type":"Polygon","coordinates":[[[108.2834095,22.8417017],[108.2835554,22.8415771],[108.2835551,22.8413694],[108.2835748,22.8413694],[108.2835747,22.8412946],[108.2834158,22.8412948],[108.2834159,22.8413769],[108.283443,22.8413768],[108.2834432,22.8414955],[108.2833609,22.8415635],[108.2832155,22.8415636],[108.2832152,22.841297],[108.2830385,22.8412972],[108.2830389,22.841644],[108.2829756,22.8416441],[108.2829756,22.8417022],[108.2834095,22.8417017]]]}},{"type":"Feature","id":"way/759337788","properties":{"id":"way/759337788","name":"校内建筑 759337788","kind":"buildings","osmVersion":2,"osmEditedAt":"2021-06-23T11:30:01Z","sourceUrl":"https://www.openstreetmap.org/way/759337788","insideCampus":true,"tags":{"building":"school"},"category":"academic","height":16.5,"heightBasis":"按类型估算","facadeBasis":"按建筑类型推定","landmark":null},"geometry":{"type":"Polygon","coordinates":[[[108.2833461,22.8413681],[108.283346,22.841281],[108.2832504,22.8412811],[108.2832505,22.8413682],[108.2833461,22.8413681]]]}},{"type":"Feature","id":"way/759337790","properties":{"id":"way/759337790","name":"校内建筑 759337790","kind":"buildings","osmVersion":2,"osmEditedAt":"2021-06-23T11:30:01Z","sourceUrl":"https://www.openstreetmap.org/way/759337790","insideCampus":true,"tags":{"building":"hotel"},"category":"service","height":9.899999999999999,"heightBasis":"按类型估算","facadeBasis":"按建筑类型推定","landmark":null},"geometry":{"type":"Polygon","coordinates":[[[108.2829357,22.8414125],[108.2826293,22.8414129],[108.2826294,22.8414981],[108.2827276,22.841498],[108.2827277,22.8415817],[108.2828263,22.8415816],[108.2828262,22.8414979],[108.2829358,22.8414978],[108.2829357,22.8414125]]]}},{"type":"Feature","id":"way/759337791","properties":{"id":"way/759337791","name":"18号楼","kind":"buildings","osmVersion":2,"osmEditedAt":"2021-06-23T11:30:01Z","sourceUrl":"https://www.openstreetmap.org/way/759337791","insideCampus":true,"tags":{"building":"apartments","name":"18号楼"},"category":"living","height":19.799999999999997,"heightBasis":"按类型估算","facadeBasis":"按建筑类型推定","landmark":null},"geometry":{"type":"Polygon","coordinates":[[[108.2821848,22.8421405],[108.2821874,22.8420121],[108.2819758,22.8420084],[108.2819745,22.8420712],[108.2820318,22.8420722],[108.2820305,22.8421378],[108.2821848,22.8421405]]]}},{"type":"Feature","id":"way/759337792","properties":{"id":"way/759337792","name":"19号楼","kind":"buildings","osmVersion":2,"osmEditedAt":"2021-06-23T11:30:01Z","sourceUrl":"https://www.openstreetmap.org/way/759337792","insideCampus":true,"tags":{"building":"apartments","name":"19号楼"},"category":"living","height":19.799999999999997,"heightBasis":"按类型估算","facadeBasis":"按建筑类型推定","landmark":null},"geometry":{"type":"Polygon","coordinates":[[[108.2821821,22.8419076],[108.2821821,22.8418849],[108.28229,22.8418847],[108.2822898,22.841798],[108.2820908,22.8417982],[108.2820909,22.8419077],[108.2821821,22.8419076]]]}},{"type":"Feature","id":"way/759337793","properties":{"id":"way/759337793","name":"","kind":"roads","osmVersion":2,"osmEditedAt":"2021-06-23T11:30:01Z","sourceUrl":"https://www.openstreetmap.org/way/759337793","insideCampus":true,"tags":{"highway":"service"}},"geometry":{"type":"LineString","coordinates":[[108.2829196,22.8422315],[108.2822365,22.8422242]]}},{"type":"Feature","id":"way/759337794","properties":{"id":"way/759337794","name":"萃苑餐厅","kind":"buildings","osmVersion":2,"osmEditedAt":"2021-06-23T11:30:01Z","sourceUrl":"https://www.openstreetmap.org/way/759337794","insideCampus":true,"tags":{"amenity":"restaurant","building":"yes","name":"萃苑餐厅"},"category":"living","height":19.799999999999997,"heightBasis":"按类型估算","facadeBasis":"按建筑类型推定","landmark":null},"geometry":{"type":"Polygon","coordinates":[[[108.2825119,22.8419252],[108.2824277,22.8419253],[108.2824278,22.841953],[108.2823483,22.8419531],[108.2823486,22.8421759],[108.2828801,22.8421753],[108.2828798,22.8419621],[108.2828149,22.8419622],[108.2828149,22.8419361],[108.2827372,22.8419362],[108.2827371,22.8419029],[108.2825119,22.8419032],[108.2825119,22.8419252]]]}},{"type":"Feature","id":"way/759337795","properties":{"id":"way/759337795","name":"校内建筑 759337795","kind":"buildings","osmVersion":2,"osmEditedAt":"2021-06-23T11:30:01Z","sourceUrl":"https://www.openstreetmap.org/way/759337795","insideCampus":true,"tags":{"building":"apartments"},"category":"living","height":19.799999999999997,"heightBasis":"按类型估算","facadeBasis":"按建筑类型推定","landmark":null},"geometry":{"type":"Polygon","coordinates":[[[108.2828948,22.8424174],[108.2828947,22.8423152],[108.2823532,22.8423158],[108.2823534,22.842418],[108.2828948,22.8424174]]]}},{"type":"Feature","id":"way/759337796","properties":{"id":"way/759337796","name":"校内建筑 759337796","kind":"buildings","osmVersion":2,"osmEditedAt":"2021-06-23T11:30:01Z","sourceUrl":"https://www.openstreetmap.org/way/759337796","insideCampus":true,"tags":{"building":"apartments"},"category":"living","height":19.799999999999997,"heightBasis":"按类型估算","facadeBasis":"按建筑类型推定","landmark":null},"geometry":{"type":"Polygon","coordinates":[[[108.2828852,22.8426478],[108.2828851,22.8425455],[108.2823437,22.8425461],[108.2823438,22.8426484],[108.2828852,22.8426478]]]}},{"type":"Feature","id":"way/759337797","properties":{"id":"way/759337797","name":"西校园中区20栋","kind":"buildings","osmVersion":3,"osmEditedAt":"2026-02-06T17:22:04Z","sourceUrl":"https://www.openstreetmap.org/way/759337797","insideCampus":true,"tags":{"building":"apartments","name":"西校园中区20栋"},"category":"living","height":19.799999999999997,"heightBasis":"按类型估算","facadeBasis":"按建筑类型推定","landmark":null},"geometry":{"type":"Polygon","coordinates":[[[108.2828416,22.8428745],[108.2828415,22.8427723],[108.2823,22.8427729],[108.2823002,22.8428752],[108.2828416,22.8428745]]]}},{"type":"Feature","id":"way/759337798","properties":{"id":"way/759337798","name":"","kind":"roads","osmVersion":1,"osmEditedAt":"2019-12-29T07:45:02Z","sourceUrl":"https://www.openstreetmap.org/way/759337798","insideCampus":true,"tags":{"highway":"service"}},"geometry":{"type":"LineString","coordinates":[[108.2822168,22.8425078],[108.2829219,22.8425018]]}},{"type":"Feature","id":"way/759337799","properties":{"id":"way/759337799","name":"","kind":"roads","osmVersion":1,"osmEditedAt":"2019-12-29T07:45:02Z","sourceUrl":"https://www.openstreetmap.org/way/759337799","insideCampus":true,"tags":{"highway":"service"}},"geometry":{"type":"LineString","coordinates":[[108.282917,22.8426202],[108.2834307,22.8426205]]}},{"type":"Feature","id":"way/759337803","properties":{"id":"way/759337803","name":"","kind":"roads","osmVersion":2,"osmEditedAt":"2021-06-23T11:30:01Z","sourceUrl":"https://www.openstreetmap.org/way/759337803","insideCampus":true,"tags":{"highway":"service"}},"geometry":{"type":"LineString","coordinates":[[108.2828204,22.842955],[108.2828197,22.8431269],[108.2828084,22.843714],[108.282798,22.8439175]]}},{"type":"Feature","id":"way/759337804","properties":{"id":"way/759337804","name":"西校园中区14栋","kind":"buildings","osmVersion":2,"osmEditedAt":"2021-06-23T11:30:01Z","sourceUrl":"https://www.openstreetmap.org/way/759337804","insideCampus":true,"tags":{"building":"apartments","name":"西校园中区14栋"},"category":"living","height":19.799999999999997,"heightBasis":"按类型估算","facadeBasis":"按建筑类型推定","landmark":null},"geometry":{"type":"Polygon","coordinates":[[[108.2827845,22.8430935],[108.2827844,22.8429977],[108.2822661,22.8429983],[108.2822662,22.843094],[108.2827845,22.8430935]]]}},{"type":"Feature","id":"way/759337805","properties":{"id":"way/759337805","name":"12号楼","kind":"buildings","osmVersion":2,"osmEditedAt":"2021-06-23T11:30:01Z","sourceUrl":"https://www.openstreetmap.org/way/759337805","insideCampus":true,"tags":{"building":"apartments","name":"12号楼"},"category":"living","height":19.799999999999997,"heightBasis":"按类型估算","facadeBasis":"按建筑类型推定","landmark":null},"geometry":{"type":"Polygon","coordinates":[[[108.2824873,22.8433556],[108.2824872,22.8432898],[108.2825787,22.8432897],[108.2825788,22.8433571],[108.2827853,22.8433569],[108.2827851,22.8432317],[108.282265,22.8432323],[108.2822652,22.8433559],[108.2824873,22.8433556]]]}},{"type":"Feature","id":"way/759337806","properties":{"id":"way/759337806","name":"西校园中区10栋","kind":"buildings","osmVersion":2,"osmEditedAt":"2021-06-23T11:30:01Z","sourceUrl":"https://www.openstreetmap.org/way/759337806","insideCampus":true,"tags":{"building":"apartments","name":"西校园中区10栋"},"category":"living","height":19.799999999999997,"heightBasis":"按类型估算","facadeBasis":"按建筑类型推定","landmark":null},"geometry":{"type":"Polygon","coordinates":[[[108.2823618,22.8435621],[108.2823819,22.8435621],[108.2823819,22.843606],[108.2826696,22.8436057],[108.2826695,22.8435618],[108.2827092,22.8435618],[108.2827091,22.8434981],[108.2823617,22.8434985],[108.2823618,22.8435621]]]}},{"type":"Feature","id":"way/759337807","properties":{"id":"way/759337807","name":"校办新闻信息中心","kind":"buildings","osmVersion":3,"osmEditedAt":"2026-02-06T17:22:04Z","sourceUrl":"https://www.openstreetmap.org/way/759337807","insideCampus":true,"tags":{"building":"university","building:levels":"2","name":"校办新闻信息中心"},"category":"academic","height":6.6,"heightBasis":"OSM高度或层数","facadeBasis":"按建筑类型推定","landmark":null},"geometry":{"type":"Polygon","coordinates":[[[108.283888,22.8420591],[108.2840261,22.842059],[108.284026,22.8419675],[108.2838879,22.8419677],[108.283888,22.8420591]]]}},{"type":"Feature","id":"way/759337808","properties":{"id":"way/759337808","name":"","kind":"roads","osmVersion":1,"osmEditedAt":"2019-12-29T07:45:02Z","sourceUrl":"https://www.openstreetmap.org/way/759337808","insideCampus":true,"tags":{"highway":"service"}},"geometry":{"type":"LineString","coordinates":[[108.2822115,22.8431213],[108.2828197,22.8431269]]}},{"type":"Feature","id":"way/759337809","properties":{"id":"way/759337809","name":"8号楼","kind":"buildings","osmVersion":2,"osmEditedAt":"2021-06-23T11:30:01Z","sourceUrl":"https://www.openstreetmap.org/way/759337809","insideCampus":true,"tags":{"building":"apartments","name":"8号楼"},"category":"living","height":19.799999999999997,"heightBasis":"按类型估算","facadeBasis":"按建筑类型推定","landmark":null},"geometry":{"type":"Polygon","coordinates":[[[108.2826528,22.8438976],[108.2826527,22.8437729],[108.2822625,22.8437733],[108.2822627,22.8438981],[108.2826528,22.8438976]]]}},{"type":"Feature","id":"way/759337810","properties":{"id":"way/759337810","name":"","kind":"roads","osmVersion":1,"osmEditedAt":"2019-12-29T07:45:02Z","sourceUrl":"https://www.openstreetmap.org/way/759337810","insideCampus":true,"tags":{"highway":"service"}},"geometry":{"type":"LineString","coordinates":[[108.2821979,22.8437109],[108.2828084,22.843714]]}},{"type":"Feature","id":"way/759337811","properties":{"id":"way/759337811","name":"","kind":"roads","osmVersion":1,"osmEditedAt":"2019-12-29T07:45:02Z","sourceUrl":"https://www.openstreetmap.org/way/759337811","insideCampus":true,"tags":{"highway":"service"}},"geometry":{"type":"LineString","coordinates":[[108.2820179,22.8443919],[108.2827425,22.8444029],[108.2827693,22.8443997],[108.2827872,22.8443926],[108.2827927,22.8443758],[108.2827956,22.844351],[108.282798,22.8439175]]}},{"type":"Feature","id":"way/759337812","properties":{"id":"way/759337812","name":"","kind":"roads","osmVersion":1,"osmEditedAt":"2019-12-29T07:45:02Z","sourceUrl":"https://www.openstreetmap.org/way/759337812","insideCampus":true,"tags":{"highway":"service"}},"geometry":{"type":"LineString","coordinates":[[108.2821409,22.844185],[108.2827966,22.8441826]]}},{"type":"Feature","id":"way/759337813","properties":{"id":"way/759337813","name":"6号楼","kind":"buildings","osmVersion":2,"osmEditedAt":"2021-06-23T11:30:01Z","sourceUrl":"https://www.openstreetmap.org/way/759337813","insideCampus":true,"tags":{"building":"apartments","name":"6号楼"},"category":"living","height":19.799999999999997,"heightBasis":"按类型估算","facadeBasis":"按建筑类型推定","landmark":null},"geometry":{"type":"Polygon","coordinates":[[[108.2826797,22.8443778],[108.2826795,22.8442627],[108.2821496,22.8442633],[108.2821497,22.8443784],[108.2826797,22.8443778]]]}},{"type":"Feature","id":"way/759337814","properties":{"id":"way/759337814","name":"西校园中区6B栋","kind":"buildings","osmVersion":2,"osmEditedAt":"2021-06-23T11:30:01Z","sourceUrl":"https://www.openstreetmap.org/way/759337814","insideCampus":true,"tags":{"building":"apartments","name":"西校园中区6B栋"},"category":"living","height":19.799999999999997,"heightBasis":"按类型估算","facadeBasis":"按建筑类型推定","landmark":null},"geometry":{"type":"Polygon","coordinates":[[[108.282677,22.8441418],[108.2826769,22.844042],[108.2822567,22.8440425],[108.2822568,22.8441423],[108.282677,22.8441418]]]}},{"type":"Feature","id":"way/759337815","properties":{"id":"way/759337815","name":"校内建筑 759337815","kind":"buildings","osmVersion":2,"osmEditedAt":"2021-06-23T11:30:01Z","sourceUrl":"https://www.openstreetmap.org/way/759337815","insideCampus":true,"tags":{"building":"kindergarten"},"category":"service","height":9.899999999999999,"heightBasis":"按类型估算","facadeBasis":"按建筑类型推定","landmark":null},"geometry":{"type":"Polygon","coordinates":[[[108.2833039,22.8430898],[108.2833038,22.8430103],[108.2828313,22.8430108],[108.2828314,22.8430903],[108.2833039,22.8430898]]]}},{"type":"Feature","id":"way/759337816","properties":{"id":"way/759337816","name":"校内建筑 759337816","kind":"buildings","osmVersion":2,"osmEditedAt":"2021-06-23T11:30:01Z","sourceUrl":"https://www.openstreetmap.org/way/759337816","insideCampus":true,"tags":{"building":"kindergarten"},"category":"service","height":9.899999999999999,"heightBasis":"按类型估算","facadeBasis":"按建筑类型推定","landmark":null},"geometry":{"type":"Polygon","coordinates":[[[108.2833039,22.8430898],[108.2833687,22.8430897],[108.283369,22.8433124],[108.2833204,22.8433125],[108.2833205,22.8433821],[108.2835054,22.8433819],[108.2835049,22.8430101],[108.2833038,22.8430103],[108.2833039,22.8430898]]]}},{"type":"Feature","id":"way/759337817","properties":{"id":"way/759337817","name":"校内建筑 759337817","kind":"buildings","osmVersion":2,"osmEditedAt":"2021-06-23T11:30:01Z","sourceUrl":"https://www.openstreetmap.org/way/759337817","insideCampus":true,"tags":{"building":"kindergarten"},"category":"service","height":9.899999999999999,"heightBasis":"按类型估算","facadeBasis":"按建筑类型推定","landmark":null},"geometry":{"type":"Polygon","coordinates":[[[108.2834842,22.8438739],[108.2834841,22.8437689],[108.2833779,22.8437691],[108.2833778,22.843708],[108.2834847,22.8437078],[108.2834846,22.843616],[108.2831739,22.8436164],[108.283174,22.8437082],[108.2833116,22.843708],[108.2833116,22.8437691],[108.2832524,22.8437692],[108.2832526,22.8438742],[108.2834842,22.8438739]]]}},{"type":"Feature","id":"way/759337818","properties":{"id":"way/759337818","name":"西校园中区21号楼","kind":"buildings","osmVersion":2,"osmEditedAt":"2021-06-23T11:30:01Z","sourceUrl":"https://www.openstreetmap.org/way/759337818","insideCampus":true,"tags":{"building":"apartments","name":"西校园中区21号楼"},"category":"living","height":19.799999999999997,"heightBasis":"按类型估算","facadeBasis":"按建筑类型推定","landmark":null},"geometry":{"type":"Polygon","coordinates":[[[108.2830781,22.8439275],[108.2830774,22.8440479],[108.2836138,22.8440504],[108.2836145,22.84393],[108.2830781,22.8439275]]]}},{"type":"Feature","id":"way/759340884","properties":{"id":"way/759340884","name":"周边建筑 759340884","kind":"buildings","osmVersion":1,"osmEditedAt":"2019-12-29T08:35:30Z","sourceUrl":"https://www.openstreetmap.org/way/759340884","insideCampus":false,"tags":{"building":"school"},"category":"academic","height":16.5,"heightBasis":"按类型估算","facadeBasis":"按建筑类型推定","landmark":null},"geometry":{"type":"Polygon","coordinates":[[[108.2840368,22.8478141],[108.2840539,22.8477146],[108.2839261,22.847696],[108.283909,22.8477955],[108.2840368,22.8478141]]]}},{"type":"Feature","id":"way/759340885","properties":{"id":"way/759340885","name":"","kind":"sports","osmVersion":2,"osmEditedAt":"2021-06-23T11:30:01Z","sourceUrl":"https://www.openstreetmap.org/way/759340885","insideCampus":false,"tags":{"leisure":"pitch"}},"geometry":{"type":"Polygon","coordinates":[[[108.2834412,22.8474404],[108.2834736,22.8472989],[108.2832993,22.8472741],[108.2832352,22.8475518],[108.2835637,22.8476162],[108.2835973,22.847471],[108.2834412,22.8474404]]]}},{"type":"Feature","id":"way/759340886","properties":{"id":"way/759340886","name":"校内建筑 759340886","kind":"buildings","osmVersion":3,"osmEditedAt":"2026-07-25T03:46:04Z","sourceUrl":"https://www.openstreetmap.org/way/759340886","insideCampus":true,"tags":{"building":"yes"},"category":"service","height":9.899999999999999,"heightBasis":"按类型估算","facadeBasis":"按建筑类型推定","landmark":null},"geometry":{"type":"Polygon","coordinates":[[[108.2829533,22.8448826],[108.2829551,22.8446015],[108.2827429,22.8446004],[108.2827411,22.8448814],[108.2829533,22.8448826]]]}},{"type":"Feature","id":"way/759340888","properties":{"id":"way/759340888","name":"","kind":"roads","osmVersion":2,"osmEditedAt":"2021-06-23T11:30:01Z","sourceUrl":"https://www.openstreetmap.org/way/759340888","insideCampus":true,"tags":{"highway":"service"}},"geometry":{"type":"LineString","coordinates":[[108.2829137,22.8427286],[108.2822204,22.8427306],[108.2814832,22.8427141]]}},{"type":"Feature","id":"way/759340889","properties":{"id":"way/759340889","name":"","kind":"roads","osmVersion":2,"osmEditedAt":"2021-06-23T11:30:01Z","sourceUrl":"https://www.openstreetmap.org/way/759340889","insideCampus":true,"tags":{"highway":"service"}},"geometry":{"type":"LineString","coordinates":[[108.2815788,22.8423956],[108.281546,22.8426345],[108.2814832,22.8427141],[108.281345,22.8431225],[108.2813459,22.8432682]]}},{"type":"Feature","id":"way/759340890","properties":{"id":"way/759340890","name":"","kind":"roads","osmVersion":2,"osmEditedAt":"2021-06-23T11:30:01Z","sourceUrl":"https://www.openstreetmap.org/way/759340890","insideCampus":true,"tags":{"highway":"service"}},"geometry":{"type":"LineString","coordinates":[[108.2815788,22.8423956],[108.2816378,22.842362],[108.2822232,22.8423692]]}},{"type":"Feature","id":"way/759340891","properties":{"id":"way/759340891","name":"17号楼","kind":"buildings","osmVersion":2,"osmEditedAt":"2021-06-23T11:30:01Z","sourceUrl":"https://www.openstreetmap.org/way/759340891","insideCampus":true,"tags":{"building":"apartments","name":"17号楼"},"category":"living","height":19.799999999999997,"heightBasis":"按类型估算","facadeBasis":"按建筑类型推定","landmark":null},"geometry":{"type":"Polygon","coordinates":[[[108.2819171,22.8423075],[108.2819171,22.8422672],[108.2820606,22.842267],[108.2820606,22.8423128],[108.2821209,22.8423128],[108.2821209,22.8422727],[108.2821511,22.8422726],[108.282151,22.8422125],[108.2818107,22.8422128],[108.2818108,22.8422592],[108.2818542,22.8422592],[108.2818543,22.8423076],[108.2819171,22.8423075]]]}},{"type":"Feature","id":"way/759340892","properties":{"id":"way/759340892","name":"16号楼","kind":"buildings","osmVersion":2,"osmEditedAt":"2021-06-23T11:30:01Z","sourceUrl":"https://www.openstreetmap.org/way/759340892","insideCampus":true,"tags":{"building":"apartments","name":"16号楼"},"category":"living","height":19.799999999999997,"heightBasis":"按类型估算","facadeBasis":"按建筑类型推定","landmark":null},"geometry":{"type":"Polygon","coordinates":[[[108.2821427,22.8425988],[108.2821425,22.8424886],[108.2815953,22.8424893],[108.2815954,22.8425994],[108.2821427,22.8425988]]]}},{"type":"Feature","id":"way/759340893","properties":{"id":"way/759340893","name":"西校园中区13栋","kind":"buildings","osmVersion":2,"osmEditedAt":"2021-06-23T11:30:01Z","sourceUrl":"https://www.openstreetmap.org/way/759340893","insideCampus":true,"tags":{"building":"apartments","name":"西校园中区13栋"},"category":"living","height":19.799999999999997,"heightBasis":"按类型估算","facadeBasis":"按建筑类型推定","landmark":null},"geometry":{"type":"Polygon","coordinates":[[[108.2819763,22.8428839],[108.2820017,22.8428839],[108.2820017,22.8428521],[108.2820454,22.8428521],[108.2820454,22.8428575],[108.2820544,22.8428575],[108.2820545,22.8429014],[108.2821258,22.8429013],[108.2821256,22.8427722],[108.2819528,22.8427724],[108.2819529,22.8428453],[108.2819763,22.8428453],[108.2819763,22.8428839]]]}},{"type":"Feature","id":"way/759340894","properties":{"id":"way/759340894","name":"13号楼","kind":"buildings","osmVersion":2,"osmEditedAt":"2021-06-23T11:30:01Z","sourceUrl":"https://www.openstreetmap.org/way/759340894","insideCampus":true,"tags":{"building":"apartments","name":"13号楼"},"category":"living","height":19.799999999999997,"heightBasis":"按类型估算","facadeBasis":"按建筑类型推定","landmark":null},"geometry":{"type":"Polygon","coordinates":[[[108.2821176,22.8431384],[108.2821175,22.8430461],[108.2819376,22.8430463],[108.2819377,22.8431386],[108.2821176,22.8431384]]]}},{"type":"Feature","id":"way/759340895","properties":{"id":"way/759340895","name":"","kind":"roads","osmVersion":2,"osmEditedAt":"2021-06-23T11:30:01Z","sourceUrl":"https://www.openstreetmap.org/way/759340895","insideCampus":true,"tags":{"highway":"service"}},"geometry":{"type":"LineString","coordinates":[[108.2814819,22.8435106],[108.2813464,22.8433693],[108.2813459,22.8432682]]}},{"type":"Feature","id":"way/759340896","properties":{"id":"way/759340896","name":"11号楼","kind":"buildings","osmVersion":2,"osmEditedAt":"2021-06-23T11:30:01Z","sourceUrl":"https://www.openstreetmap.org/way/759340896","insideCampus":true,"tags":{"building":"apartments","name":"11号楼"},"category":"living","height":19.799999999999997,"heightBasis":"按类型估算","facadeBasis":"按建筑类型推定","landmark":null},"geometry":{"type":"Polygon","coordinates":[[[108.2812983,22.8430878],[108.2812982,22.8429884],[108.2808012,22.8429889],[108.2808013,22.8430883],[108.2812983,22.8430878]]]}},{"type":"Feature","id":"way/759340897","properties":{"id":"way/759340897","name":"12号楼","kind":"buildings","osmVersion":2,"osmEditedAt":"2021-06-23T11:30:01Z","sourceUrl":"https://www.openstreetmap.org/way/759340897","insideCampus":true,"tags":{"building":"apartments","name":"12号楼"},"category":"living","height":19.799999999999997,"heightBasis":"按类型估算","facadeBasis":"按建筑类型推定","landmark":null},"geometry":{"type":"Polygon","coordinates":[[[108.2812835,22.8427437],[108.2810917,22.8427439],[108.2810918,22.842831],[108.2812836,22.8428308],[108.2812835,22.8427437]]]}},{"type":"Feature","id":"way/759340898","properties":{"id":"way/759340898","name":"14号楼","kind":"buildings","osmVersion":2,"osmEditedAt":"2021-06-23T11:30:01Z","sourceUrl":"https://www.openstreetmap.org/way/759340898","insideCampus":true,"tags":{"building":"apartments","name":"14号楼"},"category":"living","height":19.799999999999997,"heightBasis":"按类型估算","facadeBasis":"按建筑类型推定","landmark":null},"geometry":{"type":"Polygon","coordinates":[[[108.2813292,22.8433228],[108.281329,22.8432221],[108.2807108,22.8432228],[108.280711,22.8433235],[108.2813292,22.8433228]]]}},{"type":"Feature","id":"way/759340899","properties":{"id":"way/759340899","name":"13号楼","kind":"buildings","osmVersion":2,"osmEditedAt":"2021-06-23T11:30:01Z","sourceUrl":"https://www.openstreetmap.org/way/759340899","insideCampus":true,"tags":{"building":"apartments","name":"13号楼"},"category":"living","height":19.799999999999997,"heightBasis":"按类型估算","facadeBasis":"按建筑类型推定","landmark":null},"geometry":{"type":"Polygon","coordinates":[[[108.2813207,22.8435573],[108.2813206,22.8434566],[108.2807108,22.8434573],[108.2807109,22.843558],[108.2813207,22.8435573]]]}},{"type":"Feature","id":"way/759340900","properties":{"id":"way/759340900","name":"","kind":"roads","osmVersion":1,"osmEditedAt":"2019-12-29T08:35:30Z","sourceUrl":"https://www.openstreetmap.org/way/759340900","insideCampus":true,"tags":{"highway":"service"}},"geometry":{"type":"LineString","coordinates":[[108.281345,22.8431225],[108.2808665,22.8431273]]}},{"type":"Feature","id":"way/759340901","properties":{"id":"way/759340901","name":"","kind":"roads","osmVersion":1,"osmEditedAt":"2019-12-29T08:35:30Z","sourceUrl":"https://www.openstreetmap.org/way/759340901","insideCampus":true,"tags":{"highway":"service"}},"geometry":{"type":"LineString","coordinates":[[108.2813464,22.8433693],[108.2807755,22.8433608]]}},{"type":"Feature","id":"way/759340902","properties":{"id":"way/759340902","name":"","kind":"roads","osmVersion":2,"osmEditedAt":"2021-06-23T11:30:01Z","sourceUrl":"https://www.openstreetmap.org/way/759340902","insideCampus":true,"tags":{"highway":"service"}},"geometry":{"type":"LineString","coordinates":[[108.280955,22.8450537],[108.28098,22.8444637],[108.2809871,22.8443813],[108.2810062,22.8442704],[108.2810465,22.8441257],[108.2811592,22.8438423],[108.2812592,22.8436996],[108.28133,22.8436116],[108.2814819,22.8435106],[108.2815702,22.8434814],[108.2822033,22.8434764],[108.2828137,22.8434767]]}},{"type":"Feature","id":"way/759342787","properties":{"id":"way/759342787","name":"6号楼","kind":"buildings","osmVersion":2,"osmEditedAt":"2021-06-23T11:30:01Z","sourceUrl":"https://www.openstreetmap.org/way/759342787","insideCampus":true,"tags":{"building":"apartments","name":"6号楼"},"category":"living","height":19.799999999999997,"heightBasis":"按类型估算","facadeBasis":"按建筑类型推定","landmark":null},"geometry":{"type":"Polygon","coordinates":[[[108.2810781,22.8438301],[108.281078,22.8437472],[108.2808733,22.8437475],[108.2808734,22.8438303],[108.2810781,22.8438301]]]}},{"type":"Feature","id":"way/759342788","properties":{"id":"way/759342788","name":"16号楼","kind":"buildings","osmVersion":2,"osmEditedAt":"2021-06-23T11:30:01Z","sourceUrl":"https://www.openstreetmap.org/way/759342788","insideCampus":true,"tags":{"building":"apartments","name":"16号楼"},"category":"living","height":19.799999999999997,"heightBasis":"按类型估算","facadeBasis":"按建筑类型推定","landmark":null},"geometry":{"type":"Polygon","coordinates":[[[108.2809991,22.8441708],[108.2809989,22.8440484],[108.2807188,22.8440487],[108.280719,22.8441712],[108.2809991,22.8441708]]]}},{"type":"Feature","id":"way/759342789","properties":{"id":"way/759342789","name":"17号楼","kind":"buildings","osmVersion":2,"osmEditedAt":"2021-06-23T11:30:01Z","sourceUrl":"https://www.openstreetmap.org/way/759342789","insideCampus":true,"tags":{"building":"apartments","name":"17号楼"},"category":"living","height":19.799999999999997,"heightBasis":"按类型估算","facadeBasis":"按建筑类型推定","landmark":null},"geometry":{"type":"Polygon","coordinates":[[[108.2809282,22.8444447],[108.280928,22.8443267],[108.2806582,22.844327],[108.2806583,22.844445],[108.2809282,22.8444447]]]}},{"type":"Feature","id":"way/759342790","properties":{"id":"way/759342790","name":"1号楼","kind":"buildings","osmVersion":2,"osmEditedAt":"2021-06-23T11:30:01Z","sourceUrl":"https://www.openstreetmap.org/way/759342790","insideCampus":true,"tags":{"building":"apartments","name":"1号楼"},"category":"living","height":19.799999999999997,"heightBasis":"按类型估算","facadeBasis":"按建筑类型推定","landmark":null},"geometry":{"type":"Polygon","coordinates":[[[108.2809376,22.8449162],[108.2809374,22.8448026],[108.2806495,22.8448029],[108.2806496,22.8449165],[108.2809376,22.8449162]]]}},{"type":"Feature","id":"way/759342791","properties":{"id":"way/759342791","name":"校内建筑 759342791","kind":"buildings","osmVersion":2,"osmEditedAt":"2021-06-23T11:30:01Z","sourceUrl":"https://www.openstreetmap.org/way/759342791","insideCampus":true,"tags":{"building":"apartments"},"category":"living","height":19.799999999999997,"heightBasis":"按类型估算","facadeBasis":"按建筑类型推定","landmark":null},"geometry":{"type":"Polygon","coordinates":[[[108.2809175,22.8446784],[108.2809173,22.8445647],[108.2806515,22.844565],[108.2806516,22.8446787],[108.2809175,22.8446784]]]}},{"type":"Feature","id":"way/759342792","properties":{"id":"way/759342792","name":"9号楼","kind":"buildings","osmVersion":2,"osmEditedAt":"2021-06-23T11:30:01Z","sourceUrl":"https://www.openstreetmap.org/way/759342792","insideCampus":true,"tags":{"building":"apartments","name":"9号楼"},"category":"living","height":19.799999999999997,"heightBasis":"按类型估算","facadeBasis":"按建筑类型推定","landmark":null},"geometry":{"type":"Polygon","coordinates":[[[108.2821275,22.8437758],[108.2821274,22.8436844],[108.2818712,22.8436847],[108.2818713,22.8437761],[108.2821275,22.8437758]]]}},{"type":"Feature","id":"way/759345894","properties":{"id":"way/759345894","name":"校内建筑 759345894","kind":"buildings","osmVersion":2,"osmEditedAt":"2021-06-23T11:30:01Z","sourceUrl":"https://www.openstreetmap.org/way/759345894","insideCampus":true,"tags":{"building":"apartments"},"category":"living","height":19.799999999999997,"heightBasis":"按类型估算","facadeBasis":"按建筑类型推定","landmark":null},"geometry":{"type":"Polygon","coordinates":[[[108.2816216,22.8449396],[108.2816214,22.8448041],[108.2810751,22.8448047],[108.2810753,22.8449402],[108.2816216,22.8449396]]]}},{"type":"Feature","id":"way/759345895","properties":{"id":"way/759345895","name":"3号楼","kind":"buildings","osmVersion":2,"osmEditedAt":"2021-06-23T11:30:01Z","sourceUrl":"https://www.openstreetmap.org/way/759345895","insideCampus":true,"tags":{"building":"apartments","name":"3号楼"},"category":"living","height":19.799999999999997,"heightBasis":"按类型估算","facadeBasis":"按建筑类型推定","landmark":null},"geometry":{"type":"Polygon","coordinates":[[[108.2813185,22.8443742],[108.2813183,22.8442712],[108.2810518,22.8442715],[108.2810519,22.8443745],[108.2813185,22.8443742]]]}},{"type":"Feature","id":"way/759345896","properties":{"id":"way/759345896","name":"校内建筑 759345896","kind":"buildings","osmVersion":2,"osmEditedAt":"2021-06-23T11:30:01Z","sourceUrl":"https://www.openstreetmap.org/way/759345896","insideCampus":true,"tags":{"building":"apartments"},"category":"living","height":19.799999999999997,"heightBasis":"按类型估算","facadeBasis":"按建筑类型推定","landmark":null},"geometry":{"type":"Polygon","coordinates":[[[108.2814422,22.8441517],[108.281442,22.8440417],[108.2811663,22.844042],[108.2811665,22.844152],[108.2814422,22.8441517]]]}},{"type":"Feature","id":"way/759345897","properties":{"id":"way/759345897","name":"职工宿舍西区15栋","kind":"buildings","osmVersion":2,"osmEditedAt":"2021-06-23T11:30:01Z","sourceUrl":"https://www.openstreetmap.org/way/759345897","insideCampus":true,"tags":{"building":"apartments","name":"职工宿舍西区15栋"},"category":"living","height":19.799999999999997,"heightBasis":"按类型估算","facadeBasis":"按建筑类型推定","landmark":null},"geometry":{"type":"Polygon","coordinates":[[[108.2815773,22.8439183],[108.2815771,22.8438151],[108.2811932,22.8438155],[108.2811933,22.8439187],[108.2815773,22.8439183]]]}},{"type":"Feature","id":"way/759345898","properties":{"id":"way/759345898","name":"2号楼","kind":"buildings","osmVersion":2,"osmEditedAt":"2021-06-23T11:30:01Z","sourceUrl":"https://www.openstreetmap.org/way/759345898","insideCampus":true,"tags":{"building":"apartments","name":"2号楼"},"category":"living","height":19.799999999999997,"heightBasis":"按类型估算","facadeBasis":"按建筑类型推定","landmark":null},"geometry":{"type":"Polygon","coordinates":[[[108.2810567,22.8446038],[108.2810567,22.8446444],[108.2810822,22.8446444],[108.2810821,22.8446054],[108.2811246,22.8446053],[108.2811246,22.8446272],[108.2811581,22.8446272],[108.2811581,22.8446064],[108.281188,22.8446064],[108.2811881,22.8446418],[108.2812166,22.8446418],[108.2812165,22.8446028],[108.2812368,22.8446027],[108.2812367,22.8445011],[108.281034,22.8445014],[108.2810341,22.8446039],[108.2810567,22.8446038]]]}},{"type":"Feature","id":"way/759345899","properties":{"id":"way/759345899","name":"校内建筑 759345899","kind":"buildings","osmVersion":2,"osmEditedAt":"2021-06-23T11:30:01Z","sourceUrl":"https://www.openstreetmap.org/way/759345899","insideCampus":true,"tags":{"building":"apartments"},"category":"living","height":19.799999999999997,"heightBasis":"按类型估算","facadeBasis":"按建筑类型推定","landmark":null},"geometry":{"type":"Polygon","coordinates":[[[108.2821192,22.8440553],[108.2821191,22.8439772],[108.281944,22.8439773],[108.2819441,22.8440554],[108.2821192,22.8440553]]]}},{"type":"Feature","id":"way/759345900","properties":{"id":"way/759345900","name":"5号楼","kind":"buildings","osmVersion":2,"osmEditedAt":"2021-06-23T11:30:01Z","sourceUrl":"https://www.openstreetmap.org/way/759345900","insideCampus":true,"tags":{"building":"apartments","name":"5号楼"},"category":"living","height":19.799999999999997,"heightBasis":"按类型估算","facadeBasis":"按建筑类型推定","landmark":null},"geometry":{"type":"Polygon","coordinates":[[[108.2820042,22.8443701],[108.2820042,22.8442976],[108.2817954,22.8442978],[108.2817954,22.8443704],[108.2820042,22.8443701]]]}},{"type":"Feature","id":"way/759345901","properties":{"id":"way/759345901","name":"校内建筑 759345901","kind":"buildings","osmVersion":2,"osmEditedAt":"2021-06-23T11:30:01Z","sourceUrl":"https://www.openstreetmap.org/way/759345901","insideCampus":true,"tags":{"building":"apartments"},"category":"living","height":19.799999999999997,"heightBasis":"按类型估算","facadeBasis":"按建筑类型推定","landmark":null},"geometry":{"type":"Polygon","coordinates":[[[108.2818282,22.8445996],[108.2818281,22.844519],[108.2816391,22.8445192],[108.2816392,22.8445998],[108.2818282,22.8445996]]]}},{"type":"Feature","id":"way/759345903","properties":{"id":"way/759345903","name":"西校园中区4栋","kind":"buildings","osmVersion":2,"osmEditedAt":"2021-06-23T11:30:01Z","sourceUrl":"https://www.openstreetmap.org/way/759345903","insideCampus":true,"tags":{"building":"apartments","name":"西校园中区4栋"},"category":"living","height":19.799999999999997,"heightBasis":"按类型估算","facadeBasis":"按建筑类型推定","landmark":null},"geometry":{"type":"Polygon","coordinates":[[[108.282272,22.844616],[108.2822719,22.8444966],[108.2820349,22.8444968],[108.2820351,22.8446162],[108.282272,22.844616]]]}},{"type":"Feature","id":"way/759345904","properties":{"id":"way/759345904","name":"校内建筑 759345904","kind":"buildings","osmVersion":2,"osmEditedAt":"2026-07-25T03:46:04Z","sourceUrl":"https://www.openstreetmap.org/way/759345904","insideCampus":true,"tags":{"building":"roof"},"category":"service","height":9.899999999999999,"heightBasis":"按类型估算","facadeBasis":"按建筑类型推定","landmark":null},"geometry":{"type":"Polygon","coordinates":[[[108.2827084,22.8448762],[108.2827082,22.8447477],[108.2825662,22.8447479],[108.2825664,22.8448764],[108.2827084,22.8448762]]]}},{"type":"Feature","id":"way/759345905","properties":{"id":"way/759345905","name":"","kind":"roads","osmVersion":1,"osmEditedAt":"2019-12-29T09:36:57Z","sourceUrl":"https://www.openstreetmap.org/way/759345905","insideCampus":true,"tags":{"highway":"service"}},"geometry":{"type":"LineString","coordinates":[[108.2824233,22.8474689],[108.2825041,22.8459479],[108.2824667,22.8457176],[108.2824718,22.8450659]]}},{"type":"Feature","id":"way/759345906","properties":{"id":"way/759345906","name":"","kind":"roads","osmVersion":1,"osmEditedAt":"2019-12-29T09:36:57Z","sourceUrl":"https://www.openstreetmap.org/way/759345906","insideCampus":true,"tags":{"highway":"service"}},"geometry":{"type":"LineString","coordinates":[[108.2803467,22.8474703],[108.2805895,22.8463428],[108.2809351,22.8453616],[108.280955,22.8450537]]}},{"type":"Feature","id":"way/759345907","properties":{"id":"way/759345907","name":"","kind":"roads","osmVersion":1,"osmEditedAt":"2019-12-29T09:36:57Z","sourceUrl":"https://www.openstreetmap.org/way/759345907","insideCampus":true,"tags":{"highway":"service"}},"geometry":{"type":"LineString","coordinates":[[108.2824233,22.8474689],[108.2804212,22.8471244]]}},{"type":"Feature","id":"way/759345908","properties":{"id":"way/759345908","name":"","kind":"roads","osmVersion":1,"osmEditedAt":"2019-12-29T09:36:57Z","sourceUrl":"https://www.openstreetmap.org/way/759345908","insideCampus":true,"tags":{"highway":"service"}},"geometry":{"type":"LineString","coordinates":[[108.2824351,22.8472476],[108.2813343,22.8470512],[108.2811866,22.8470199],[108.2804701,22.846897]]}},{"type":"Feature","id":"way/759345909","properties":{"id":"way/759345909","name":"","kind":"roads","osmVersion":1,"osmEditedAt":"2019-12-29T09:36:57Z","sourceUrl":"https://www.openstreetmap.org/way/759345909","insideCampus":true,"tags":{"highway":"service"}},"geometry":{"type":"LineString","coordinates":[[108.2812792,22.847272],[108.2813343,22.8470512]]}},{"type":"Feature","id":"way/759345910","properties":{"id":"way/759345910","name":"","kind":"roads","osmVersion":1,"osmEditedAt":"2019-12-29T09:36:57Z","sourceUrl":"https://www.openstreetmap.org/way/759345910","insideCampus":true,"tags":{"highway":"service"}},"geometry":{"type":"LineString","coordinates":[[108.2819197,22.8473822],[108.2819786,22.8471662]]}},{"type":"Feature","id":"way/759345911","properties":{"id":"way/759345911","name":"","kind":"roads","osmVersion":1,"osmEditedAt":"2019-12-29T09:36:57Z","sourceUrl":"https://www.openstreetmap.org/way/759345911","insideCampus":true,"tags":{"highway":"service"}},"geometry":{"type":"LineString","coordinates":[[108.2805223,22.8466549],[108.2812273,22.8467727],[108.2818045,22.8468768],[108.2824488,22.8469882]]}},{"type":"Feature","id":"way/759345912","properties":{"id":"way/759345912","name":"","kind":"roads","osmVersion":1,"osmEditedAt":"2019-12-29T09:36:57Z","sourceUrl":"https://www.openstreetmap.org/way/759345912","insideCampus":true,"tags":{"highway":"service"}},"geometry":{"type":"LineString","coordinates":[[108.2811866,22.8470199],[108.2812273,22.8467727]]}},{"type":"Feature","id":"way/759345913","properties":{"id":"way/759345913","name":"","kind":"roads","osmVersion":1,"osmEditedAt":"2019-12-29T09:36:57Z","sourceUrl":"https://www.openstreetmap.org/way/759345913","insideCampus":true,"tags":{"highway":"service"}},"geometry":{"type":"LineString","coordinates":[[108.2817443,22.8471252],[108.2818045,22.8468768]]}},{"type":"Feature","id":"way/759345914","properties":{"id":"way/759345914","name":"","kind":"roads","osmVersion":1,"osmEditedAt":"2019-12-29T09:36:57Z","sourceUrl":"https://www.openstreetmap.org/way/759345914","insideCampus":true,"tags":{"highway":"service"}},"geometry":{"type":"LineString","coordinates":[[108.2805895,22.8463428],[108.2812505,22.8464744],[108.281809,22.8465756],[108.2824641,22.8467006]]}},{"type":"Feature","id":"way/759345915","properties":{"id":"way/759345915","name":"","kind":"roads","osmVersion":1,"osmEditedAt":"2019-12-29T09:36:57Z","sourceUrl":"https://www.openstreetmap.org/way/759345915","insideCampus":true,"tags":{"highway":"service"}},"geometry":{"type":"LineString","coordinates":[[108.2806946,22.8460445],[108.2812577,22.8461532],[108.281821,22.846266],[108.2824806,22.8463895]]}},{"type":"Feature","id":"way/759345916","properties":{"id":"way/759345916","name":"","kind":"roads","osmVersion":1,"osmEditedAt":"2019-12-29T09:36:57Z","sourceUrl":"https://www.openstreetmap.org/way/759345916","insideCampus":true,"tags":{"highway":"service"}},"geometry":{"type":"LineString","coordinates":[[108.2812273,22.8467727],[108.2812505,22.8464744]]}},{"type":"Feature","id":"way/759345917","properties":{"id":"way/759345917","name":"","kind":"roads","osmVersion":1,"osmEditedAt":"2019-12-29T09:36:57Z","sourceUrl":"https://www.openstreetmap.org/way/759345917","insideCampus":true,"tags":{"highway":"service"}},"geometry":{"type":"LineString","coordinates":[[108.2818045,22.8468768],[108.281809,22.8465756]]}},{"type":"Feature","id":"way/759345918","properties":{"id":"way/759345918","name":"","kind":"roads","osmVersion":1,"osmEditedAt":"2019-12-29T09:36:57Z","sourceUrl":"https://www.openstreetmap.org/way/759345918","insideCampus":true,"tags":{"highway":"service"}},"geometry":{"type":"LineString","coordinates":[[108.2812505,22.8464744],[108.2812577,22.8461532]]}},{"type":"Feature","id":"way/759345919","properties":{"id":"way/759345919","name":"","kind":"roads","osmVersion":1,"osmEditedAt":"2019-12-29T09:36:57Z","sourceUrl":"https://www.openstreetmap.org/way/759345919","insideCampus":true,"tags":{"highway":"service"}},"geometry":{"type":"LineString","coordinates":[[108.281809,22.8465756],[108.281821,22.846266]]}},{"type":"Feature","id":"way/759345920","properties":{"id":"way/759345920","name":"","kind":"roads","osmVersion":1,"osmEditedAt":"2019-12-29T09:36:57Z","sourceUrl":"https://www.openstreetmap.org/way/759345920","insideCampus":true,"tags":{"highway":"service"}},"geometry":{"type":"LineString","coordinates":[[108.281821,22.846266],[108.2818252,22.8459959],[108.2818414,22.8459584],[108.2819349,22.8459209],[108.2825041,22.8459479]]}},{"type":"Feature","id":"way/759345921","properties":{"id":"way/759345921","name":"","kind":"roads","osmVersion":1,"osmEditedAt":"2019-12-29T09:36:57Z","sourceUrl":"https://www.openstreetmap.org/way/759345921","insideCampus":true,"tags":{"highway":"service"}},"geometry":{"type":"LineString","coordinates":[[108.2818242,22.8460595],[108.2824928,22.8461609]]}},{"type":"Feature","id":"way/759345922","properties":{"id":"way/759345922","name":"","kind":"roads","osmVersion":1,"osmEditedAt":"2019-12-29T09:36:57Z","sourceUrl":"https://www.openstreetmap.org/way/759345922","insideCampus":true,"tags":{"highway":"service"}},"geometry":{"type":"LineString","coordinates":[[108.2825041,22.8459479],[108.2832238,22.8460464],[108.2832472,22.8460464],[108.2832659,22.8460357],[108.2832799,22.8460184],[108.2832845,22.8459948],[108.2832963,22.8450728]]}},{"type":"Feature","id":"way/759345923","properties":{"id":"way/759345923","name":"","kind":"roads","osmVersion":1,"osmEditedAt":"2019-12-29T09:36:57Z","sourceUrl":"https://www.openstreetmap.org/way/759345923","insideCampus":true,"tags":{"highway":"service"}},"geometry":{"type":"LineString","coordinates":[[108.2824667,22.8457176],[108.2832879,22.8457306]]}},{"type":"Feature","id":"way/759345924","properties":{"id":"way/759345924","name":"","kind":"roads","osmVersion":2,"osmEditedAt":"2026-07-25T03:46:04Z","sourceUrl":"https://www.openstreetmap.org/way/759345924","insideCampus":true,"tags":{"highway":"service"}},"geometry":{"type":"LineString","coordinates":[[108.2809351,22.8453616],[108.2811124,22.8453299],[108.2824697,22.8453314],[108.2825468,22.8454208],[108.2832915,22.8454502]]}},{"type":"Feature","id":"way/759345925","properties":{"id":"way/759345925","name":"","kind":"roads","osmVersion":1,"osmEditedAt":"2019-12-29T09:36:57Z","sourceUrl":"https://www.openstreetmap.org/way/759345925","insideCampus":true,"tags":{"highway":"service"}},"geometry":{"type":"LineString","coordinates":[[108.2824672,22.8456455],[108.281762,22.8456344],[108.281143,22.8456131],[108.2811147,22.8455935],[108.2811094,22.8455658],[108.2811124,22.8453299],[108.2811182,22.8451989],[108.2811235,22.845163],[108.2811448,22.8451565],[108.2811678,22.8451499],[108.2817692,22.8451567],[108.282471,22.845171]]}},{"type":"Feature","id":"way/759345926","properties":{"id":"way/759345926","name":"","kind":"roads","osmVersion":1,"osmEditedAt":"2019-12-29T09:36:57Z","sourceUrl":"https://www.openstreetmap.org/way/759345926","insideCampus":true,"tags":{"highway":"service"}},"geometry":{"type":"LineString","coordinates":[[108.281762,22.8456344],[108.2817643,22.8453306],[108.2817692,22.8451567],[108.281842,22.8450607]]}},{"type":"Feature","id":"way/759345927","properties":{"id":"way/759345927","name":"","kind":"roads","osmVersion":1,"osmEditedAt":"2019-12-29T09:36:57Z","sourceUrl":"https://www.openstreetmap.org/way/759345927","insideCampus":true,"tags":{"highway":"service"}},"geometry":{"type":"LineString","coordinates":[[108.282471,22.845171],[108.2832949,22.8451847]]}},{"type":"Feature","id":"way/759345928","properties":{"id":"way/759345928","name":"","kind":"roads","osmVersion":1,"osmEditedAt":"2019-12-29T09:36:57Z","sourceUrl":"https://www.openstreetmap.org/way/759345928","insideCampus":true,"tags":{"highway":"service"}},"geometry":{"type":"LineString","coordinates":[[108.2824806,22.8463895],[108.2836427,22.8467809]]}},{"type":"Feature","id":"way/759345929","properties":{"id":"way/759345929","name":"","kind":"roads","osmVersion":1,"osmEditedAt":"2019-12-29T09:36:57Z","sourceUrl":"https://www.openstreetmap.org/way/759345929","insideCampus":true,"tags":{"highway":"service"}},"geometry":{"type":"LineString","coordinates":[[108.2831687,22.8466213],[108.283241,22.8464678],[108.283241,22.8464417],[108.2832357,22.8464091],[108.2832127,22.8463879],[108.2828233,22.8462265]]}},{"type":"Feature","id":"way/759348006","properties":{"id":"way/759348006","name":"36号楼","kind":"buildings","osmVersion":1,"osmEditedAt":"2019-12-29T09:55:17Z","sourceUrl":"https://www.openstreetmap.org/way/759348006","insideCampus":true,"tags":{"building":"school","name":"36号楼"},"category":"academic","height":16.5,"heightBasis":"按类型估算","facadeBasis":"按建筑类型推定","landmark":null},"geometry":{"type":"Polygon","coordinates":[[[108.2806019,22.8452313],[108.2808804,22.8452837],[108.2809054,22.8451708],[108.2806269,22.8451185],[108.2806019,22.8452313]]]}},{"type":"Feature","id":"way/759348007","properties":{"id":"way/759348007","name":"37号楼","kind":"buildings","osmVersion":1,"osmEditedAt":"2019-12-29T09:55:17Z","sourceUrl":"https://www.openstreetmap.org/way/759348007","insideCampus":true,"tags":{"building":"school","name":"37号楼"},"category":"academic","height":16.5,"heightBasis":"按类型估算","facadeBasis":"按建筑类型推定","landmark":null},"geometry":{"type":"Polygon","coordinates":[[[108.2806016,22.8454454],[108.2808801,22.8454977],[108.2809051,22.8453849],[108.2806266,22.8453325],[108.2806016,22.8454454]]]}},{"type":"Feature","id":"way/759348008","properties":{"id":"way/759348008","name":"广西大学西校园北区博士楼2","kind":"buildings","osmVersion":1,"osmEditedAt":"2019-12-29T09:55:17Z","sourceUrl":"https://www.openstreetmap.org/way/759348008","insideCampus":true,"tags":{"building":"school","name":"广西大学西校园北区博士楼2"},"category":"academic","height":16.5,"heightBasis":"按类型估算","facadeBasis":"按建筑类型推定","landmark":null},"geometry":{"type":"Polygon","coordinates":[[[108.2806239,22.8456609],[108.28079,22.8457003],[108.280819,22.8455966],[108.2806528,22.8455573],[108.2806239,22.8456609]]]}},{"type":"Feature","id":"way/759348009","properties":{"id":"way/759348009","name":"西校北区25栋","kind":"buildings","osmVersion":1,"osmEditedAt":"2019-12-29T09:55:17Z","sourceUrl":"https://www.openstreetmap.org/way/759348009","insideCampus":true,"tags":{"building":"school","name":"西校北区25栋"},"category":"academic","height":16.5,"heightBasis":"按类型估算","facadeBasis":"按建筑类型推定","landmark":null},"geometry":{"type":"Polygon","coordinates":[[[108.2805589,22.8458666],[108.2807217,22.8459009],[108.2807501,22.8458177],[108.2805872,22.8457786],[108.2805589,22.8458666]]]}},{"type":"Feature","id":"way/759348010","properties":{"id":"way/759348010","name":"西校北区27栋","kind":"buildings","osmVersion":2,"osmEditedAt":"2019-12-30T03:43:24Z","sourceUrl":"https://www.openstreetmap.org/way/759348010","insideCampus":true,"tags":{"building":"school","name":"西校北区27栋"},"category":"academic","height":16.5,"heightBasis":"按类型估算","facadeBasis":"按建筑类型推定","landmark":null},"geometry":{"type":"Polygon","coordinates":[[[108.2806428,22.8461304],[108.2806801,22.8460165],[108.2805171,22.8459711],[108.2804798,22.8460849],[108.2806428,22.8461304]]]}},{"type":"Feature","id":"way/759348011","properties":{"id":"way/759348011","name":"西校北区28栋","kind":"buildings","osmVersion":2,"osmEditedAt":"2019-12-30T03:43:24Z","sourceUrl":"https://www.openstreetmap.org/way/759348011","insideCampus":true,"tags":{"building":"school","name":"西校北区28栋"},"category":"academic","height":16.5,"heightBasis":"按类型估算","facadeBasis":"按建筑类型推定","landmark":null},"geometry":{"type":"Polygon","coordinates":[[[108.2805619,22.8463435],[108.2806009,22.8462329],[108.2804511,22.8461881],[108.2804121,22.8462987],[108.2805619,22.8463435]]]}},{"type":"Feature","id":"way/759348012","properties":{"id":"way/759348012","name":"西校北区29栋","kind":"buildings","osmVersion":2,"osmEditedAt":"2019-12-30T03:43:24Z","sourceUrl":"https://www.openstreetmap.org/way/759348012","insideCampus":true,"tags":{"building":"school","name":"西校北区29栋"},"category":"academic","height":16.5,"heightBasis":"按类型估算","facadeBasis":"按建筑类型推定","landmark":null},"geometry":{"type":"Polygon","coordinates":[[[108.2805234,22.8465301],[108.280544,22.8464427],[108.2802813,22.84639],[108.2802607,22.8464774],[108.2805234,22.8465301]]]}},{"type":"Feature","id":"way/759348013","properties":{"id":"way/759348013","name":"西校北区29栋","kind":"buildings","osmVersion":2,"osmEditedAt":"2019-12-30T03:43:24Z","sourceUrl":"https://www.openstreetmap.org/way/759348013","insideCampus":true,"tags":{"building":"school","name":"西校北区29栋"},"category":"academic","height":16.5,"heightBasis":"按类型估算","facadeBasis":"按建筑类型推定","landmark":null},"geometry":{"type":"Polygon","coordinates":[[[108.280481,22.8467318],[108.2805017,22.8466444],[108.280239,22.8465917],[108.2802184,22.846679],[108.280481,22.8467318]]]}},{"type":"Feature","id":"way/759348014","properties":{"id":"way/759348014","name":"30号楼","kind":"buildings","osmVersion":2,"osmEditedAt":"2019-12-30T03:43:24Z","sourceUrl":"https://www.openstreetmap.org/way/759348014","insideCampus":true,"tags":{"building":"school","name":"30号楼"},"category":"academic","height":16.5,"heightBasis":"按类型估算","facadeBasis":"按建筑类型推定","landmark":null},"geometry":{"type":"Polygon","coordinates":[[[108.2804221,22.8469515],[108.2804472,22.8468578],[108.2802499,22.8468129],[108.2802248,22.8469066],[108.2804221,22.8469515]]]}},{"type":"Feature","id":"way/759348015","properties":{"id":"way/759348015","name":"31号楼","kind":"buildings","osmVersion":1,"osmEditedAt":"2019-12-29T09:55:17Z","sourceUrl":"https://www.openstreetmap.org/way/759348015","insideCampus":true,"tags":{"building":"school","name":"31号楼"},"category":"academic","height":16.5,"heightBasis":"按类型估算","facadeBasis":"按建筑类型推定","landmark":null},"geometry":{"type":"Polygon","coordinates":[[[108.280391,22.8471569],[108.2804134,22.8470641],[108.2801038,22.8470006],[108.2800814,22.8470935],[108.280391,22.8471569]]]}},{"type":"Feature","id":"way/759348016","properties":{"id":"way/759348016","name":"西校北区35栋","kind":"buildings","osmVersion":2,"osmEditedAt":"2019-12-30T03:43:24Z","sourceUrl":"https://www.openstreetmap.org/way/759348016","insideCampus":true,"tags":{"building":"school","name":"西校北区35栋"},"category":"academic","height":16.5,"heightBasis":"按类型估算","facadeBasis":"按建筑类型推定","landmark":null},"geometry":{"type":"Polygon","coordinates":[[[108.2803427,22.8473751],[108.2803651,22.8472823],[108.2800555,22.8472189],[108.2800331,22.8473117],[108.2803427,22.8473751]]]}},{"type":"Feature","id":"way/759494018","properties":{"id":"way/759494018","name":"西校北区38栋","kind":"buildings","osmVersion":1,"osmEditedAt":"2019-12-30T03:43:24Z","sourceUrl":"https://www.openstreetmap.org/way/759494018","insideCampus":true,"tags":{"building":"school","name":"西校北区38栋"},"category":"academic","height":16.5,"heightBasis":"按类型估算","facadeBasis":"按建筑类型推定","landmark":null},"geometry":{"type":"Polygon","coordinates":[[[108.2807017,22.8475695],[108.2807188,22.8474838],[108.2804158,22.8474324],[108.2803986,22.8475181],[108.2807017,22.8475695]]]}},{"type":"Feature","id":"way/759494019","properties":{"id":"way/759494019","name":"26栋","kind":"buildings","osmVersion":1,"osmEditedAt":"2019-12-30T03:43:24Z","sourceUrl":"https://www.openstreetmap.org/way/759494019","insideCampus":true,"tags":{"building":"school","name":"26栋"},"category":"academic","height":16.5,"heightBasis":"按类型估算","facadeBasis":"按建筑类型推定","landmark":null},"geometry":{"type":"Polygon","coordinates":[[[108.280711,22.8472611],[108.2806866,22.8473686],[108.2812859,22.8474843],[108.2813103,22.8473766],[108.280711,22.8472611]]]}},{"type":"Feature","id":"way/759494020","properties":{"id":"way/759494020","name":"校内建筑 759494020","kind":"buildings","osmVersion":1,"osmEditedAt":"2019-12-30T03:43:24Z","sourceUrl":"https://www.openstreetmap.org/way/759494020","insideCampus":true,"tags":{"building":"school"},"category":"academic","height":16.5,"heightBasis":"按类型估算","facadeBasis":"按建筑类型推定","landmark":null},"geometry":{"type":"Polygon","coordinates":[[[108.2809988,22.8471788],[108.281023,22.8470703],[108.2804952,22.84697],[108.2804709,22.8470786],[108.2809988,22.8471788]]]}},{"type":"Feature","id":"way/759494021","properties":{"id":"way/759494021","name":"校内建筑 759494021","kind":"buildings","osmVersion":1,"osmEditedAt":"2019-12-30T03:43:24Z","sourceUrl":"https://www.openstreetmap.org/way/759494021","insideCampus":true,"tags":{"building":"school"},"category":"academic","height":16.5,"heightBasis":"按类型估算","facadeBasis":"按建筑类型推定","landmark":null},"geometry":{"type":"Polygon","coordinates":[[[108.2812811,22.8472243],[108.2813043,22.8471216],[108.2810721,22.8470769],[108.2810489,22.8471797],[108.2812811,22.8472243]]]}},{"type":"Feature","id":"way/759494022","properties":{"id":"way/759494022","name":"校内建筑 759494022","kind":"buildings","osmVersion":1,"osmEditedAt":"2019-12-30T03:43:24Z","sourceUrl":"https://www.openstreetmap.org/way/759494022","insideCampus":true,"tags":{"building":"school"},"category":"academic","height":16.5,"heightBasis":"按类型估算","facadeBasis":"按建筑类型推定","landmark":null},"geometry":{"type":"Polygon","coordinates":[[[108.2818719,22.8473428],[108.2818961,22.8472465],[108.2813538,22.847131],[108.2813297,22.8472274],[108.2818719,22.8473428]]]}},{"type":"Feature","id":"way/759494023","properties":{"id":"way/759494023","name":"21号楼","kind":"buildings","osmVersion":1,"osmEditedAt":"2019-12-30T03:43:24Z","sourceUrl":"https://www.openstreetmap.org/way/759494023","insideCampus":true,"tags":{"building":"school","name":"21号楼"},"category":"academic","height":16.5,"heightBasis":"按类型估算","facadeBasis":"按建筑类型推定","landmark":null},"geometry":{"type":"Polygon","coordinates":[[[108.2823706,22.8474344],[108.2823925,22.8473506],[108.2819738,22.8472574],[108.2819519,22.8473411],[108.2823706,22.8474344]]]}},{"type":"Feature","id":"way/759494024","properties":{"id":"way/759494024","name":"33号楼","kind":"buildings","osmVersion":1,"osmEditedAt":"2019-12-30T03:43:24Z","sourceUrl":"https://www.openstreetmap.org/way/759494024","insideCampus":true,"tags":{"building":"school","name":"33号楼"},"category":"academic","height":16.5,"heightBasis":"按类型估算","facadeBasis":"按建筑类型推定","landmark":null},"geometry":{"type":"Polygon","coordinates":[[[108.2811571,22.8469438],[108.2811815,22.8468368],[108.280544,22.8467136],[108.2805196,22.8468204],[108.2811571,22.8469438]]]}},{"type":"Feature","id":"way/759494025","properties":{"id":"way/759494025","name":"校内建筑 759494025","kind":"buildings","osmVersion":1,"osmEditedAt":"2019-12-30T03:43:24Z","sourceUrl":"https://www.openstreetmap.org/way/759494025","insideCampus":true,"tags":{"building":"school"},"category":"academic","height":16.5,"heightBasis":"按类型估算","facadeBasis":"按建筑类型推定","landmark":null},"geometry":{"type":"Polygon","coordinates":[[[108.2817639,22.8469334],[108.2812428,22.8468444],[108.2812228,22.8469437],[108.2817439,22.8470328],[108.2817639,22.8469334]]]}},{"type":"Feature","id":"way/759494026","properties":{"id":"way/759494026","name":"19栋","kind":"buildings","osmVersion":1,"osmEditedAt":"2019-12-30T03:43:24Z","sourceUrl":"https://www.openstreetmap.org/way/759494026","insideCampus":true,"tags":{"building":"school","name":"19栋"},"category":"academic","height":16.5,"heightBasis":"按类型估算","facadeBasis":"按建筑类型推定","landmark":null},"geometry":{"type":"Polygon","coordinates":[[[108.2823828,22.8471472],[108.2824096,22.8470458],[108.2818276,22.846947],[108.2818008,22.8470434],[108.2823828,22.8471472]]]}},{"type":"Feature","id":"way/759494027","properties":{"id":"way/759494027","name":"34号楼","kind":"buildings","osmVersion":1,"osmEditedAt":"2019-12-30T03:43:24Z","sourceUrl":"https://www.openstreetmap.org/way/759494027","insideCampus":true,"tags":{"building":"school","name":"34号楼"},"category":"academic","height":16.5,"heightBasis":"按类型估算","facadeBasis":"按建筑类型推定","landmark":null},"geometry":{"type":"Polygon","coordinates":[[[108.2811921,22.8466606],[108.281213,22.8465616],[108.2806016,22.8464523],[108.2805807,22.8465513],[108.2811921,22.8466606]]]}},{"type":"Feature","id":"way/759494028","properties":{"id":"way/759494028","name":"西校北区18栋","kind":"buildings","osmVersion":1,"osmEditedAt":"2019-12-30T03:43:24Z","sourceUrl":"https://www.openstreetmap.org/way/759494028","insideCampus":true,"tags":{"building":"school","name":"西校北区18栋"},"category":"academic","height":16.5,"heightBasis":"按类型估算","facadeBasis":"按建筑类型推定","landmark":null},"geometry":{"type":"Polygon","coordinates":[[[108.2817653,22.8467732],[108.2817884,22.8466759],[108.2812779,22.8465731],[108.2812548,22.8466702],[108.2817653,22.8467732]]]}},{"type":"Feature","id":"way/759494029","properties":{"id":"way/759494029","name":"20栋","kind":"buildings","osmVersion":1,"osmEditedAt":"2019-12-30T03:43:24Z","sourceUrl":"https://www.openstreetmap.org/way/759494029","insideCampus":true,"tags":{"building":"school","name":"20栋"},"category":"academic","height":16.5,"heightBasis":"按类型估算","facadeBasis":"按建筑类型推定","landmark":null},"geometry":{"type":"Polygon","coordinates":[[[108.2823606,22.8468791],[108.282385,22.8467742],[108.2818517,22.8466689],[108.2818273,22.8467737],[108.2823606,22.8468791]]]}},{"type":"Feature","id":"way/759494030","properties":{"id":"way/759494030","name":"西校北区14栋","kind":"buildings","osmVersion":1,"osmEditedAt":"2019-12-30T03:43:24Z","sourceUrl":"https://www.openstreetmap.org/way/759494030","insideCampus":true,"tags":{"building":"school","name":"西校北区14栋"},"category":"academic","height":16.5,"heightBasis":"按类型估算","facadeBasis":"按建筑类型推定","landmark":null},"geometry":{"type":"Polygon","coordinates":[[[108.2823546,22.8465944],[108.2823793,22.8464897],[108.2818614,22.846386],[108.2818367,22.8464909],[108.2823546,22.8465944]]]}},{"type":"Feature","id":"way/759494031","properties":{"id":"way/759494031","name":"西校北区15栋","kind":"buildings","osmVersion":1,"osmEditedAt":"2019-12-30T03:43:24Z","sourceUrl":"https://www.openstreetmap.org/way/759494031","insideCampus":true,"tags":{"building":"school","name":"西校北区15栋"},"category":"academic","height":16.5,"heightBasis":"按类型估算","facadeBasis":"按建筑类型推定","landmark":null},"geometry":{"type":"Polygon","coordinates":[[[108.2817483,22.8464796],[108.2817705,22.8463697],[108.2812898,22.8462873],[108.2812676,22.8463971],[108.2817483,22.8464796]]]}},{"type":"Feature","id":"way/759494032","properties":{"id":"way/759494032","name":"西校北区16栋","kind":"buildings","osmVersion":1,"osmEditedAt":"2019-12-30T03:43:24Z","sourceUrl":"https://www.openstreetmap.org/way/759494032","insideCampus":true,"tags":{"building":"school","name":"西校北区16栋"},"category":"academic","height":16.5,"heightBasis":"按类型估算","facadeBasis":"按建筑类型推定","landmark":null},"geometry":{"type":"Polygon","coordinates":[[[108.2811833,22.8463822],[108.2812084,22.8462715],[108.2807207,22.8461776],[108.2806957,22.8462882],[108.2811833,22.8463822]]]}},{"type":"Feature","id":"way/759494033","properties":{"id":"way/759494033","name":"5号楼","kind":"buildings","osmVersion":1,"osmEditedAt":"2019-12-30T03:43:24Z","sourceUrl":"https://www.openstreetmap.org/way/759494033","insideCampus":true,"tags":{"building":"school","name":"5号楼"},"category":"academic","height":16.5,"heightBasis":"按类型估算","facadeBasis":"按建筑类型推定","landmark":null},"geometry":{"type":"Polygon","coordinates":[[[108.2817781,22.8462368],[108.2818114,22.846098],[108.2815597,22.8460466],[108.281568,22.8460123],[108.281165,22.8459301],[108.2811825,22.8458572],[108.2811163,22.8458437],[108.2811347,22.8457669],[108.2810491,22.8457495],[108.2809946,22.8459767],[108.2811206,22.8460024],[108.2811118,22.8460393],[108.2815315,22.8461248],[108.2815238,22.8461568],[108.2816722,22.8461871],[108.2816657,22.8462139],[108.2817781,22.8462368]]]}},{"type":"Feature","id":"way/759494034","properties":{"id":"way/759494034","name":"4号楼","kind":"buildings","osmVersion":1,"osmEditedAt":"2019-12-30T03:43:24Z","sourceUrl":"https://www.openstreetmap.org/way/759494034","insideCampus":true,"tags":{"building":"school","name":"4号楼"},"category":"academic","height":16.5,"heightBasis":"按类型估算","facadeBasis":"按建筑类型推定","landmark":null},"geometry":{"type":"Polygon","coordinates":[[[108.2823976,22.8458602],[108.2824001,22.8457654],[108.2817158,22.8457503],[108.2817133,22.845845],[108.2823976,22.8458602]]]}},{"type":"Feature","id":"way/759494035","properties":{"id":"way/759494035","name":"6号楼","kind":"buildings","osmVersion":1,"osmEditedAt":"2019-12-30T03:43:24Z","sourceUrl":"https://www.openstreetmap.org/way/759494035","insideCampus":true,"tags":{"building":"school","name":"6号楼"},"category":"academic","height":16.5,"heightBasis":"按类型估算","facadeBasis":"按建筑类型推定","landmark":null},"geometry":{"type":"Polygon","coordinates":[[[108.2824211,22.8461289],[108.2824432,22.8460303],[108.2819777,22.8459415],[108.2819556,22.8460402],[108.2824211,22.8461289]]]}},{"type":"Feature","id":"way/759494036","properties":{"id":"way/759494036","name":"校内建筑 759494036","kind":"buildings","osmVersion":1,"osmEditedAt":"2019-12-30T03:43:24Z","sourceUrl":"https://www.openstreetmap.org/way/759494036","insideCampus":true,"tags":{"building":"school"},"category":"academic","height":16.5,"heightBasis":"按类型估算","facadeBasis":"按建筑类型推定","landmark":null},"geometry":{"type":"Polygon","coordinates":[[[108.2823963,22.8463531],[108.2824154,22.8462667],[108.2819033,22.8461703],[108.2818841,22.8462567],[108.2823963,22.8463531]]]}},{"type":"Feature","id":"way/759494037","properties":{"id":"way/759494037","name":"12号楼","kind":"buildings","osmVersion":1,"osmEditedAt":"2019-12-30T03:43:24Z","sourceUrl":"https://www.openstreetmap.org/way/759494037","insideCampus":true,"tags":{"building":"school","name":"12号楼"},"category":"academic","height":16.5,"heightBasis":"按类型估算","facadeBasis":"按建筑类型推定","landmark":null},"geometry":{"type":"Polygon","coordinates":[[[108.2828577,22.8461363],[108.2828814,22.8460468],[108.2826271,22.8459896],[108.2826034,22.846079],[108.2828577,22.8461363]]]}},{"type":"Feature","id":"way/759494038","properties":{"id":"way/759494038","name":"校内建筑 759494038","kind":"buildings","osmVersion":1,"osmEditedAt":"2019-12-30T03:43:24Z","sourceUrl":"https://www.openstreetmap.org/way/759494038","insideCampus":true,"tags":{"building":"school"},"category":"academic","height":16.5,"heightBasis":"按类型估算","facadeBasis":"按建筑类型推定","landmark":null},"geometry":{"type":"Polygon","coordinates":[[[108.2833169,22.8462723],[108.2833421,22.8461703],[108.2829044,22.8460785],[108.2828792,22.8461806],[108.2833169,22.8462723]]]}},{"type":"Feature","id":"way/759494039","properties":{"id":"way/759494039","name":"西校北区24栋","kind":"buildings","osmVersion":1,"osmEditedAt":"2019-12-30T03:43:24Z","sourceUrl":"https://www.openstreetmap.org/way/759494039","insideCampus":true,"tags":{"building":"school","name":"西校北区24栋"},"category":"academic","height":16.5,"heightBasis":"按类型估算","facadeBasis":"按建筑类型推定","landmark":null},"geometry":{"type":"Polygon","coordinates":[[[108.2831813,22.8465346],[108.2832093,22.8464461],[108.2826009,22.8462825],[108.2825729,22.8463709],[108.2831813,22.8465346]]]}},{"type":"Feature","id":"way/759494040","properties":{"id":"way/759494040","name":"校内建筑 759494040","kind":"buildings","osmVersion":1,"osmEditedAt":"2019-12-30T03:43:24Z","sourceUrl":"https://www.openstreetmap.org/way/759494040","insideCampus":true,"tags":{"building":"school"},"category":"academic","height":16.5,"heightBasis":"按类型估算","facadeBasis":"按建筑类型推定","landmark":null},"geometry":{"type":"Polygon","coordinates":[[[108.2833421,22.846628],[108.2833301,22.8466623],[108.283491,22.8467101],[108.2835126,22.8466803],[108.2835313,22.8466859],[108.2835191,22.8467206],[108.2836752,22.846767],[108.2837062,22.8466784],[108.2832447,22.8465411],[108.2832264,22.8465936],[108.2833421,22.846628]]]}},{"type":"Feature","id":"way/759494041","properties":{"id":"way/759494041","name":"13号楼","kind":"buildings","osmVersion":1,"osmEditedAt":"2019-12-30T03:43:24Z","sourceUrl":"https://www.openstreetmap.org/way/759494041","insideCampus":true,"tags":{"building":"school","name":"13号楼"},"category":"academic","height":16.5,"heightBasis":"按类型估算","facadeBasis":"按建筑类型推定","landmark":null},"geometry":{"type":"Polygon","coordinates":[[[108.2835449,22.8463524],[108.2835742,22.8462487],[108.283357,22.8462161],[108.2833339,22.8463098],[108.2835449,22.8463524]]]}},{"type":"Feature","id":"way/759494042","properties":{"id":"way/759494042","name":"校内建筑 759494042","kind":"buildings","osmVersion":1,"osmEditedAt":"2019-12-30T03:43:24Z","sourceUrl":"https://www.openstreetmap.org/way/759494042","insideCampus":true,"tags":{"building":"school"},"category":"academic","height":16.5,"heightBasis":"按类型估算","facadeBasis":"按建筑类型推定","landmark":null},"geometry":{"type":"Polygon","coordinates":[[[108.2837118,22.8465526],[108.2837315,22.8464555],[108.2834903,22.846414],[108.2834707,22.8465111],[108.2837118,22.8465526]]]}},{"type":"Feature","id":"way/759494043","properties":{"id":"way/759494043","name":"校内建筑 759494043","kind":"buildings","osmVersion":1,"osmEditedAt":"2019-12-30T03:43:24Z","sourceUrl":"https://www.openstreetmap.org/way/759494043","insideCampus":true,"tags":{"building":"school"},"category":"academic","height":16.5,"heightBasis":"按类型估算","facadeBasis":"按建筑类型推定","landmark":null},"geometry":{"type":"Polygon","coordinates":[[[108.2835517,22.8459795],[108.2835063,22.8459779],[108.2835053,22.8460005],[108.2835461,22.8460019],[108.2835451,22.8460265],[108.2835706,22.8460273],[108.2835716,22.8460016],[108.2836337,22.8460037],[108.2836326,22.8460307],[108.2836603,22.8460317],[108.2836614,22.8460038],[108.2836805,22.8460045],[108.2836814,22.8459837],[108.2836415,22.8459823],[108.2836426,22.8459565],[108.2835528,22.8459534],[108.2835517,22.8459795]]]}},{"type":"Feature","id":"way/759494044","properties":{"id":"way/759494044","name":"校内建筑 759494044","kind":"buildings","osmVersion":1,"osmEditedAt":"2019-12-30T03:43:24Z","sourceUrl":"https://www.openstreetmap.org/way/759494044","insideCampus":true,"tags":{"building":"school"},"category":"academic","height":16.5,"heightBasis":"按类型估算","facadeBasis":"按建筑类型推定","landmark":null},"geometry":{"type":"Polygon","coordinates":[[[108.2834839,22.8458507],[108.2834846,22.8457513],[108.2833599,22.8457505],[108.2833591,22.8458499],[108.2834839,22.8458507]]]}},{"type":"Feature","id":"way/759494045","properties":{"id":"way/759494045","name":"校内建筑 759494045","kind":"buildings","osmVersion":1,"osmEditedAt":"2019-12-30T03:43:24Z","sourceUrl":"https://www.openstreetmap.org/way/759494045","insideCampus":true,"tags":{"building":"school"},"category":"academic","height":16.5,"heightBasis":"按类型估算","facadeBasis":"按建筑类型推定","landmark":null},"geometry":{"type":"Polygon","coordinates":[[[108.283486,22.8455625],[108.2834883,22.8454876],[108.2833353,22.8454836],[108.283333,22.8455585],[108.283486,22.8455625]]]}},{"type":"Feature","id":"way/759494046","properties":{"id":"way/759494046","name":"北8","kind":"buildings","osmVersion":2,"osmEditedAt":"2020-09-06T10:15:06Z","sourceUrl":"https://www.openstreetmap.org/way/759494046","insideCampus":true,"tags":{"building":"school","building:levels":"6","height":"18","name":"北8"},"category":"academic","height":18.0,"heightBasis":"OSM高度或层数","facadeBasis":"按建筑类型推定","landmark":null},"geometry":{"type":"Polygon","coordinates":[[[108.2835127,22.845311],[108.2835173,22.8452313],[108.2833537,22.8452233],[108.2833492,22.845303],[108.2835127,22.845311]]]}},{"type":"Feature","id":"way/759494047","properties":{"id":"way/759494047","name":"校内建筑 759494047","kind":"buildings","osmVersion":1,"osmEditedAt":"2019-12-30T03:43:24Z","sourceUrl":"https://www.openstreetmap.org/way/759494047","insideCampus":true,"tags":{"building":"school"},"category":"academic","height":16.5,"heightBasis":"按类型估算","facadeBasis":"按建筑类型推定","landmark":null},"geometry":{"type":"Polygon","coordinates":[[[108.2832456,22.845878],[108.2832475,22.845774],[108.2825556,22.8457628],[108.2825536,22.8458666],[108.2832456,22.845878]]]}},{"type":"Feature","id":"way/759494048","properties":{"id":"way/759494048","name":"校内建筑 759494048","kind":"buildings","osmVersion":1,"osmEditedAt":"2019-12-30T03:43:24Z","sourceUrl":"https://www.openstreetmap.org/way/759494048","insideCampus":true,"tags":{"building":"school"},"category":"academic","height":16.5,"heightBasis":"按类型估算","facadeBasis":"按建筑类型推定","landmark":null},"geometry":{"type":"Polygon","coordinates":[[[108.2816771,22.8455867],[108.2816782,22.8454631],[108.2811469,22.8454594],[108.2811459,22.8455829],[108.2816771,22.8455867]]]}},{"type":"Feature","id":"way/759494049","properties":{"id":"way/759494049","name":"1号楼","kind":"buildings","osmVersion":1,"osmEditedAt":"2019-12-30T03:43:24Z","sourceUrl":"https://www.openstreetmap.org/way/759494049","insideCampus":true,"tags":{"building":"school","name":"1号楼"},"category":"academic","height":16.5,"heightBasis":"按类型估算","facadeBasis":"按建筑类型推定","landmark":null},"geometry":{"type":"Polygon","coordinates":[[[108.2816785,22.8453122],[108.2816796,22.8451886],[108.2811621,22.8451849],[108.2811611,22.8453085],[108.2816785,22.8453122]]]}},{"type":"Feature","id":"way/759494050","properties":{"id":"way/759494050","name":"西校北区1B","kind":"buildings","osmVersion":1,"osmEditedAt":"2019-12-30T03:43:24Z","sourceUrl":"https://www.openstreetmap.org/way/759494050","insideCampus":true,"tags":{"building":"school","name":"西校北区1B"},"category":"academic","height":16.5,"heightBasis":"按类型估算","facadeBasis":"按建筑类型推定","landmark":null},"geometry":{"type":"Polygon","coordinates":[[[108.2823865,22.8455971],[108.2823875,22.8454735],[108.2818451,22.8454697],[108.2818441,22.8455932],[108.2823865,22.8455971]]]}},{"type":"Feature","id":"way/759494051","properties":{"id":"way/759494051","name":"2号楼","kind":"buildings","osmVersion":1,"osmEditedAt":"2019-12-30T03:43:24Z","sourceUrl":"https://www.openstreetmap.org/way/759494051","insideCampus":true,"tags":{"building":"school","name":"2号楼"},"category":"academic","height":16.5,"heightBasis":"按类型估算","facadeBasis":"按建筑类型推定","landmark":null},"geometry":{"type":"Polygon","coordinates":[[[108.282385,22.8453159],[108.2823861,22.8451924],[108.2818675,22.8451887],[108.2818664,22.8453122],[108.282385,22.8453159]]]}},{"type":"Feature","id":"way/759494052","properties":{"id":"way/759494052","name":"教职工楼西校园北区7B","kind":"buildings","osmVersion":1,"osmEditedAt":"2019-12-30T03:43:24Z","sourceUrl":"https://www.openstreetmap.org/way/759494052","insideCampus":true,"tags":{"building":"school","name":"教职工楼西校园北区7B"},"category":"academic","height":16.5,"heightBasis":"按类型估算","facadeBasis":"按建筑类型推定","landmark":null},"geometry":{"type":"Polygon","coordinates":[[[108.2831254,22.8456328],[108.2831265,22.8455092],[108.2825566,22.8455052],[108.2825556,22.8456287],[108.2831254,22.8456328]]]}},{"type":"Feature","id":"way/759494053","properties":{"id":"way/759494053","name":"8B号楼","kind":"buildings","osmVersion":2,"osmEditedAt":"2020-09-06T10:15:06Z","sourceUrl":"https://www.openstreetmap.org/way/759494053","insideCampus":true,"tags":{"building":"school","name":"8B号楼"},"category":"academic","height":16.5,"heightBasis":"按类型估算","facadeBasis":"按建筑类型推定","landmark":null},"geometry":{"type":"Polygon","coordinates":[[[108.2830867,22.8453758],[108.2830877,22.8452521],[108.2825623,22.8452484],[108.2825612,22.845372],[108.2830867,22.8453758]]]}},{"type":"Feature","id":"way/759494054","properties":{"id":"way/759494054","name":"","kind":"roads","osmVersion":2,"osmEditedAt":"2021-06-23T11:30:01Z","sourceUrl":"https://www.openstreetmap.org/way/759494054","insideCampus":true,"tags":{"highway":"service"}},"geometry":{"type":"LineString","coordinates":[[108.2838355,22.8450261],[108.2839175,22.845265],[108.2839728,22.8455099],[108.2840254,22.8457255],[108.2840652,22.8461508],[108.2840592,22.8463578],[108.2840441,22.8465579],[108.2840121,22.8467756],[108.2839564,22.8470129],[108.283898,22.8471045],[108.2837935,22.847631]]}},{"type":"Feature","id":"way/759494055","properties":{"id":"way/759494055","name":"","kind":"roads","osmVersion":1,"osmEditedAt":"2019-12-30T03:43:24Z","sourceUrl":"https://www.openstreetmap.org/way/759494055","insideCampus":true,"tags":{"highway":"service"}},"geometry":{"type":"LineString","coordinates":[[108.2839728,22.8455099],[108.2842538,22.8455105],[108.2842912,22.8455061],[108.2843097,22.8454863],[108.2843189,22.8454494]]}},{"type":"Feature","id":"way/759494056","properties":{"id":"way/759494056","name":"","kind":"roads","osmVersion":1,"osmEditedAt":"2019-12-30T03:43:24Z","sourceUrl":"https://www.openstreetmap.org/way/759494056","insideCampus":true,"tags":{"highway":"service"}},"geometry":{"type":"LineString","coordinates":[[108.2843189,22.8454494],[108.2842927,22.8452645],[108.2842764,22.8450398]]}},{"type":"Feature","id":"way/759494057","properties":{"id":"way/759494057","name":"","kind":"roads","osmVersion":1,"osmEditedAt":"2019-12-30T03:43:24Z","sourceUrl":"https://www.openstreetmap.org/way/759494057","insideCampus":true,"tags":{"highway":"service"}},"geometry":{"type":"LineString","coordinates":[[108.2839175,22.845265],[108.2842927,22.8452645]]}},{"type":"Feature","id":"way/759494058","properties":{"id":"way/759494058","name":"","kind":"roads","osmVersion":1,"osmEditedAt":"2019-12-30T03:43:24Z","sourceUrl":"https://www.openstreetmap.org/way/759494058","insideCampus":true,"tags":{"highway":"service"}},"geometry":{"type":"LineString","coordinates":[[108.284311,22.8453937],[108.2852816,22.8453577],[108.2853169,22.8453479],[108.2853346,22.845299],[108.2853311,22.8452599],[108.2853236,22.8450588]]}},{"type":"Feature","id":"way/759494059","properties":{"id":"way/759494059","name":"校内建筑 759494059","kind":"buildings","osmVersion":2,"osmEditedAt":"2026-04-23T02:17:07Z","sourceUrl":"https://www.openstreetmap.org/way/759494059","insideCampus":true,"tags":{"building":"school"},"category":"academic","height":16.5,"heightBasis":"按类型估算","facadeBasis":"按建筑类型推定","landmark":null},"geometry":{"type":"Polygon","coordinates":[[[108.2856991,22.8454607],[108.2856976,22.8451845],[108.2854088,22.8451859],[108.2854103,22.8454621],[108.2856991,22.8454607]]]}},{"type":"Feature","id":"way/759494060","properties":{"id":"way/759494060","name":"11号楼","kind":"buildings","osmVersion":1,"osmEditedAt":"2019-12-30T03:43:24Z","sourceUrl":"https://www.openstreetmap.org/way/759494060","insideCampus":true,"tags":{"building":"school","name":"11号楼"},"category":"academic","height":16.5,"heightBasis":"按类型估算","facadeBasis":"按建筑类型推定","landmark":null},"geometry":{"type":"Polygon","coordinates":[[[108.2851601,22.8455366],[108.28516,22.845446],[108.2844098,22.8454469],[108.2844099,22.8455374],[108.2851601,22.8455366]]]}},{"type":"Feature","id":"way/759494061","properties":{"id":"way/759494061","name":"校内建筑 759494061","kind":"buildings","osmVersion":1,"osmEditedAt":"2019-12-30T03:43:24Z","sourceUrl":"https://www.openstreetmap.org/way/759494061","insideCampus":true,"tags":{"building":"school"},"category":"academic","height":16.5,"heightBasis":"按类型估算","facadeBasis":"按建筑类型推定","landmark":null},"geometry":{"type":"Polygon","coordinates":[[[108.2853907,22.8454744],[108.2853906,22.8453848],[108.2851933,22.845385],[108.2851934,22.8454746],[108.2853907,22.8454744]]]}},{"type":"Feature","id":"way/759494062","properties":{"id":"way/759494062","name":"校内建筑 759494062","kind":"buildings","osmVersion":1,"osmEditedAt":"2019-12-30T03:43:24Z","sourceUrl":"https://www.openstreetmap.org/way/759494062","insideCampus":true,"tags":{"building":"school"},"category":"academic","height":16.5,"heightBasis":"按类型估算","facadeBasis":"按建筑类型推定","landmark":null},"geometry":{"type":"Polygon","coordinates":[[[108.2849058,22.8452353],[108.2849057,22.8451522],[108.2843333,22.8451529],[108.2843334,22.8452359],[108.2849058,22.8452353]]]}},{"type":"Feature","id":"way/759494063","properties":{"id":"way/759494063","name":"西校园东区12栋","kind":"buildings","osmVersion":1,"osmEditedAt":"2019-12-30T03:43:24Z","sourceUrl":"https://www.openstreetmap.org/way/759494063","insideCampus":true,"tags":{"building":"school","name":"西校园东区12栋"},"category":"academic","height":16.5,"heightBasis":"按类型估算","facadeBasis":"按建筑类型推定","landmark":null},"geometry":{"type":"Polygon","coordinates":[[[108.2853006,22.8452345],[108.2853005,22.845148],[108.2849436,22.8451485],[108.2849438,22.845235],[108.2853006,22.8452345]]]}},{"type":"Feature","id":"way/759494064","properties":{"id":"way/759494064","name":"1号楼","kind":"buildings","osmVersion":1,"osmEditedAt":"2019-12-30T03:43:24Z","sourceUrl":"https://www.openstreetmap.org/way/759494064","insideCampus":true,"tags":{"building":"school","name":"1号楼"},"category":"academic","height":16.5,"heightBasis":"按类型估算","facadeBasis":"按建筑类型推定","landmark":null},"geometry":{"type":"Polygon","coordinates":[[[108.2839813,22.8451731],[108.2840027,22.845173],[108.2840031,22.8452216],[108.2840659,22.8452212],[108.2840657,22.8452031],[108.2840897,22.845203],[108.2840898,22.8452224],[108.2841237,22.8452222],[108.2841239,22.8452529],[108.2841689,22.8452526],[108.2841687,22.8452312],[108.2841951,22.845231],[108.2841947,22.8451884],[108.2842239,22.8451882],[108.2842235,22.845126],[108.283981,22.8451275],[108.2839813,22.8451731]]]}},{"type":"Feature","id":"way/759494065","properties":{"id":"way/759494065","name":"2号楼","kind":"buildings","osmVersion":1,"osmEditedAt":"2019-12-30T03:43:24Z","sourceUrl":"https://www.openstreetmap.org/way/759494065","insideCampus":true,"tags":{"building":"school","name":"2号楼"},"category":"academic","height":16.5,"heightBasis":"按类型估算","facadeBasis":"按建筑类型推定","landmark":null},"geometry":{"type":"Polygon","coordinates":[[[108.2843046,22.8453492],[108.2840566,22.8453563],[108.2840594,22.8454412],[108.2841032,22.8454399],[108.2841045,22.8454771],[108.2841781,22.845475],[108.2841768,22.8454366],[108.2843075,22.8454329],[108.2843046,22.8453492]]]}},{"type":"Feature","id":"way/759494066","properties":{"id":"way/759494066","name":"3号楼","kind":"buildings","osmVersion":1,"osmEditedAt":"2019-12-30T03:43:24Z","sourceUrl":"https://www.openstreetmap.org/way/759494066","insideCampus":true,"tags":{"building":"school","name":"3号楼"},"category":"academic","height":16.5,"heightBasis":"按类型估算","facadeBasis":"按建筑类型推定","landmark":null},"geometry":{"type":"Polygon","coordinates":[[[108.284318,22.8456668],[108.284324,22.8455789],[108.2840852,22.8455649],[108.2840791,22.8456529],[108.284318,22.8456668]]]}},{"type":"Feature","id":"way/759494067","properties":{"id":"way/759494067","name":"4号楼","kind":"buildings","osmVersion":1,"osmEditedAt":"2019-12-30T03:43:24Z","sourceUrl":"https://www.openstreetmap.org/way/759494067","insideCampus":true,"tags":{"building":"school","name":"4号楼"},"category":"academic","height":16.5,"heightBasis":"按类型估算","facadeBasis":"按建筑类型推定","landmark":null},"geometry":{"type":"Polygon","coordinates":[[[108.2843309,22.8458865],[108.2843349,22.8457914],[108.28412,22.8457838],[108.284116,22.8458789],[108.2843309,22.8458865]]]}},{"type":"Feature","id":"way/759494068","properties":{"id":"way/759494068","name":"5号楼","kind":"buildings","osmVersion":1,"osmEditedAt":"2019-12-30T03:43:24Z","sourceUrl":"https://www.openstreetmap.org/way/759494068","insideCampus":true,"tags":{"building":"school","name":"5号楼"},"category":"academic","height":16.5,"heightBasis":"按类型估算","facadeBasis":"按建筑类型推定","landmark":null},"geometry":{"type":"Polygon","coordinates":[[[108.2841761,22.8460478],[108.2841741,22.8461149],[108.2843333,22.8461189],[108.2843351,22.8460583],[108.2843699,22.8460592],[108.284372,22.8459896],[108.2841376,22.8459837],[108.2841357,22.8460468],[108.2841761,22.8460478]]]}},{"type":"Feature","id":"way/759494069","properties":{"id":"way/759494069","name":"6号楼","kind":"buildings","osmVersion":1,"osmEditedAt":"2019-12-30T03:43:24Z","sourceUrl":"https://www.openstreetmap.org/way/759494069","insideCampus":true,"tags":{"building":"school","name":"6号楼"},"category":"academic","height":16.5,"heightBasis":"按类型估算","facadeBasis":"按建筑类型推定","landmark":null},"geometry":{"type":"Polygon","coordinates":[[[108.2843512,22.8462825],[108.2843581,22.8462229],[108.2841472,22.8462024],[108.2841403,22.8462619],[108.2843512,22.8462825]]]}},{"type":"Feature","id":"way/759494070","properties":{"id":"way/759494070","name":"7号楼","kind":"buildings","osmVersion":1,"osmEditedAt":"2019-12-30T03:43:24Z","sourceUrl":"https://www.openstreetmap.org/way/759494070","insideCampus":true,"tags":{"building":"school","name":"7号楼"},"category":"academic","height":16.5,"heightBasis":"按类型估算","facadeBasis":"按建筑类型推定","landmark":null},"geometry":{"type":"Polygon","coordinates":[[[108.2843371,22.846528],[108.2843451,22.8464576],[108.2841343,22.8464371],[108.2841263,22.8465063],[108.2843371,22.846528]]]}},{"type":"Feature","id":"way/759494071","properties":{"id":"way/759494071","name":"8号楼","kind":"buildings","osmVersion":1,"osmEditedAt":"2019-12-30T03:43:24Z","sourceUrl":"https://www.openstreetmap.org/way/759494071","insideCampus":true,"tags":{"building":"school","name":"8号楼"},"category":"academic","height":16.5,"heightBasis":"按类型估算","facadeBasis":"按建筑类型推定","landmark":null},"geometry":{"type":"Polygon","coordinates":[[[108.2843091,22.846713],[108.284316,22.8466534],[108.2841051,22.8466329],[108.2840982,22.8466924],[108.2843091,22.846713]]]}},{"type":"Feature","id":"way/759494072","properties":{"id":"way/759494072","name":"","kind":"roads","osmVersion":1,"osmEditedAt":"2019-12-30T03:43:24Z","sourceUrl":"https://www.openstreetmap.org/way/759494072","insideCampus":false,"tags":{"highway":"service"}},"geometry":{"type":"LineString","coordinates":[[108.283898,22.8471045],[108.2842613,22.8471674]]}},{"type":"Feature","id":"way/759494073","properties":{"id":"way/759494073","name":"9号楼","kind":"buildings","osmVersion":1,"osmEditedAt":"2019-12-30T03:43:24Z","sourceUrl":"https://www.openstreetmap.org/way/759494073","insideCampus":true,"tags":{"building":"school","name":"9号楼"},"category":"academic","height":16.5,"heightBasis":"按类型估算","facadeBasis":"按建筑类型推定","landmark":null},"geometry":{"type":"Polygon","coordinates":[[[108.2840941,22.846943],[108.2840932,22.8470149],[108.2842166,22.8470163],[108.2842175,22.8469467],[108.284268,22.8469473],[108.2842688,22.8468874],[108.2840356,22.8468848],[108.2840349,22.8469424],[108.2840941,22.846943]]]}},{"type":"Feature","id":"way/759494074","properties":{"id":"way/759494074","name":"周边建筑 759494074","kind":"buildings","osmVersion":2,"osmEditedAt":"2021-06-23T11:30:01Z","sourceUrl":"https://www.openstreetmap.org/way/759494074","insideCampus":false,"tags":{"building":"school"},"category":"academic","height":16.5,"heightBasis":"按类型估算","facadeBasis":"按建筑类型推定","landmark":null},"geometry":{"type":"Polygon","coordinates":[[[108.2838465,22.8476216],[108.2840416,22.8476478],[108.2840888,22.8473487],[108.2838938,22.8473225],[108.2838465,22.8476216]]]}},{"type":"Feature","id":"way/759496715","properties":{"id":"way/759496715","name":"","kind":"roads","osmVersion":3,"osmEditedAt":"2026-04-23T02:17:07Z","sourceUrl":"https://www.openstreetmap.org/way/759496715","insideCampus":true,"tags":{"highway":"residential"}},"geometry":{"type":"LineString","coordinates":[[108.2860985,22.8455061],[108.286115,22.845073]]}},{"type":"Feature","id":"way/759496716","properties":{"id":"way/759496716","name":"","kind":"roads","osmVersion":4,"osmEditedAt":"2026-03-24T13:03:15Z","sourceUrl":"https://www.openstreetmap.org/way/759496716","insideCampus":true,"tags":{"highway":"service"}},"geometry":{"type":"LineString","coordinates":[[108.287647,22.8461957],[108.2873863,22.8461452],[108.2865297,22.8459671],[108.2861258,22.845864],[108.2861042,22.8458569],[108.2860796,22.8458399],[108.2860749,22.8458215],[108.2860734,22.8457973],[108.2860985,22.8455061]]}},{"type":"Feature","id":"way/759609659","properties":{"id":"way/759609659","name":"碧湖苑餐厅","kind":"buildings","osmVersion":2,"osmEditedAt":"2022-07-07T08:58:32Z","sourceUrl":"https://www.openstreetmap.org/way/759609659","insideCampus":true,"tags":{"amenity":"restaurant","building":"yes","name":"碧湖苑餐厅"},"category":"living","height":19.799999999999997,"heightBasis":"按类型估算","facadeBasis":"按建筑类型推定","landmark":null},"geometry":{"type":"Polygon","coordinates":[[[108.2933906,22.8475988],[108.2934071,22.8473407],[108.292953,22.8473161],[108.2929365,22.8475741],[108.2933906,22.8475988]]]}},{"type":"Feature","id":"way/759628239","properties":{"id":"way/759628239","name":"","kind":"roads","osmVersion":3,"osmEditedAt":"2026-02-06T17:22:04Z","sourceUrl":"https://www.openstreetmap.org/way/759628239","insideCampus":true,"tags":{"highway":"service"}},"geometry":{"type":"LineString","coordinates":[[108.2852883,22.8412589],[108.2858382,22.8412629],[108.2858428,22.8411178],[108.2852901,22.8411124]]}},{"type":"Feature","id":"way/759628240","properties":{"id":"way/759628240","name":"","kind":"roads","osmVersion":2,"osmEditedAt":"2021-06-23T11:30:01Z","sourceUrl":"https://www.openstreetmap.org/way/759628240","insideCampus":true,"tags":{"highway":"service"}},"geometry":{"type":"LineString","coordinates":[[108.2871375,22.8468122],[108.28667,22.8467161],[108.2866178,22.8466673],[108.2865776,22.8466337],[108.2865469,22.8465972],[108.2865178,22.8465543],[108.286497,22.8465092],[108.2864876,22.8464427],[108.2865297,22.8459671]]}},{"type":"Feature","id":"way/760093694","properties":{"id":"way/760093694","name":"1-2号宿舍楼","kind":"buildings","osmVersion":3,"osmEditedAt":"2023-04-12T14:02:04Z","sourceUrl":"https://www.openstreetmap.org/way/760093694","insideCampus":false,"tags":{"building":"school","name":"1-2号宿舍楼"},"category":"living","height":19.799999999999997,"heightBasis":"按类型估算","facadeBasis":"按建筑类型推定","landmark":null},"geometry":{"type":"Polygon","coordinates":[[[108.2856026,22.8464111],[108.2855893,22.8464791],[108.2856919,22.8464961],[108.2856759,22.8465782],[108.2857465,22.8465899],[108.2857403,22.8466218],[108.2859707,22.84666],[108.2859645,22.8466914],[108.2862506,22.8467388],[108.2862557,22.8467128],[108.2865232,22.8467572],[108.2865407,22.8466674],[108.2857088,22.8465294],[108.2857279,22.8464319],[108.2856026,22.8464111]]]}},{"type":"Feature","id":"way/760093695","properties":{"id":"way/760093695","name":"食堂","kind":"buildings","osmVersion":3,"osmEditedAt":"2023-04-12T14:02:04Z","sourceUrl":"https://www.openstreetmap.org/way/760093695","insideCampus":false,"tags":{"building":"school","name":"食堂"},"category":"academic","height":16.5,"heightBasis":"按类型估算","facadeBasis":"按建筑类型推定","landmark":null},"geometry":{"type":"Polygon","coordinates":[[[108.2858604,22.8469733],[108.2858986,22.8467648],[108.2855955,22.8467176],[108.2855573,22.8469261],[108.2858604,22.8469733]]]}},{"type":"Feature","id":"way/760093696","properties":{"id":"way/760093696","name":"3号宿舍楼","kind":"buildings","osmVersion":3,"osmEditedAt":"2023-04-12T14:02:04Z","sourceUrl":"https://www.openstreetmap.org/way/760093696","insideCampus":false,"tags":{"building":"school","name":"3号宿舍楼"},"category":"living","height":19.799999999999997,"heightBasis":"按类型估算","facadeBasis":"按建筑类型推定","landmark":null},"geometry":{"type":"Polygon","coordinates":[[[108.2863253,22.8470404],[108.2863169,22.8470822],[108.2864405,22.8471033],[108.2864813,22.8469003],[108.2863807,22.8468831],[108.2863697,22.8469381],[108.2859616,22.8468684],[108.2859485,22.8469335],[108.2860169,22.8469878],[108.2863253,22.8470404]]]}},{"type":"Feature","id":"way/760093697","properties":{"id":"way/760093697","name":"18号楼","kind":"buildings","osmVersion":1,"osmEditedAt":"2020-01-02T03:02:48Z","sourceUrl":"https://www.openstreetmap.org/way/760093697","insideCampus":true,"tags":{"building":"school","name":"18号楼"},"category":"academic","height":16.5,"heightBasis":"按类型估算","facadeBasis":"按建筑类型推定","landmark":null},"geometry":{"type":"Polygon","coordinates":[[[108.2865532,22.8462142],[108.2866985,22.8462479],[108.2867077,22.8462144],[108.286733,22.8462202],[108.2867496,22.8461596],[108.286557,22.8461148],[108.2865392,22.8461798],[108.2865611,22.8461849],[108.2865532,22.8462142]]]}},{"type":"Feature","id":"way/760093698","properties":{"id":"way/760093698","name":"东校园西区11栋","kind":"buildings","osmVersion":1,"osmEditedAt":"2020-01-02T03:02:48Z","sourceUrl":"https://www.openstreetmap.org/way/760093698","insideCampus":true,"tags":{"building":"school","name":"东校园西区11栋"},"category":"academic","height":16.5,"heightBasis":"按类型估算","facadeBasis":"按建筑类型推定","landmark":null},"geometry":{"type":"Polygon","coordinates":[[[108.2869775,22.8463319],[108.2869854,22.8463033],[108.2872772,22.8463721],[108.2873008,22.8462873],[108.2868613,22.8461837],[108.2868298,22.846297],[108.2869775,22.8463319]]]}},{"type":"Feature","id":"way/760093699","properties":{"id":"way/760093699","name":"21号楼","kind":"buildings","osmVersion":1,"osmEditedAt":"2020-01-02T03:02:48Z","sourceUrl":"https://www.openstreetmap.org/way/760093699","insideCampus":true,"tags":{"building":"school","name":"21号楼"},"category":"academic","height":16.5,"heightBasis":"按类型估算","facadeBasis":"按建筑类型推定","landmark":null},"geometry":{"type":"Polygon","coordinates":[[[108.2865425,22.8464845],[108.2865246,22.8465546],[108.28671,22.8465949],[108.286728,22.8465248],[108.2865425,22.8464845]]]}},{"type":"Feature","id":"way/760093700","properties":{"id":"way/760093700","name":"东校园西区12栋","kind":"buildings","osmVersion":1,"osmEditedAt":"2020-01-02T03:02:48Z","sourceUrl":"https://www.openstreetmap.org/way/760093700","insideCampus":true,"tags":{"building":"school","name":"东校园西区12栋"},"category":"academic","height":16.5,"heightBasis":"按类型估算","facadeBasis":"按建筑类型推定","landmark":null},"geometry":{"type":"Polygon","coordinates":[[[108.2871326,22.8466916],[108.2871514,22.8466194],[108.2867746,22.846536],[108.2867558,22.846608],[108.2871326,22.8466916]]]}},{"type":"Feature","id":"way/760093701","properties":{"id":"way/760093701","name":"校内建筑 760093701","kind":"buildings","osmVersion":1,"osmEditedAt":"2020-01-02T03:02:48Z","sourceUrl":"https://www.openstreetmap.org/way/760093701","insideCampus":true,"tags":{"building":"dormitory"},"category":"living","height":19.799999999999997,"heightBasis":"按类型估算","facadeBasis":"按建筑类型推定","landmark":null},"geometry":{"type":"Polygon","coordinates":[[[108.2870021,22.8470527],[108.2870276,22.8469594],[108.2866278,22.8468662],[108.2866022,22.8469593],[108.2870021,22.8470527]]]}},{"type":"Feature","id":"way/760093702","properties":{"id":"way/760093702","name":"教师宿舍","kind":"buildings","osmVersion":1,"osmEditedAt":"2020-01-02T03:02:48Z","sourceUrl":"https://www.openstreetmap.org/way/760093702","insideCampus":true,"tags":{"building":"dormitory","name":"教师宿舍"},"category":"living","height":19.799999999999997,"heightBasis":"按类型估算","facadeBasis":"按建筑类型推定","landmark":null},"geometry":{"type":"Polygon","coordinates":[[[108.2868981,22.8473213],[108.2869254,22.8472285],[108.2865489,22.8471344],[108.2865216,22.8472272],[108.2868981,22.8473213]]]}},{"type":"Feature","id":"way/760093703","properties":{"id":"way/760093703","name":"东校园西区15栋","kind":"buildings","osmVersion":1,"osmEditedAt":"2020-01-02T03:02:48Z","sourceUrl":"https://www.openstreetmap.org/way/760093703","insideCampus":true,"tags":{"building":"dormitory","name":"东校园西区15栋"},"category":"living","height":19.799999999999997,"heightBasis":"按类型估算","facadeBasis":"按建筑类型推定","landmark":null},"geometry":{"type":"Polygon","coordinates":[[[108.2868002,22.8475886],[108.2868236,22.8475081],[108.2864544,22.8474168],[108.2864309,22.8474972],[108.2868002,22.8475886]]]}},{"type":"Feature","id":"way/760093704","properties":{"id":"way/760093704","name":"22号楼","kind":"buildings","osmVersion":1,"osmEditedAt":"2020-01-02T03:02:48Z","sourceUrl":"https://www.openstreetmap.org/way/760093704","insideCampus":true,"tags":{"building":"dormitory","name":"22号楼"},"category":"living","height":19.799999999999997,"heightBasis":"按类型估算","facadeBasis":"按建筑类型推定","landmark":null},"geometry":{"type":"Polygon","coordinates":[[[108.2867223,22.847881],[108.2867459,22.8477876],[108.2863117,22.8476944],[108.2862882,22.8477877],[108.2867223,22.847881]]]}},{"type":"Feature","id":"way/760093705","properties":{"id":"way/760093705","name":"周边建筑 760093705","kind":"buildings","osmVersion":1,"osmEditedAt":"2020-01-02T03:02:48Z","sourceUrl":"https://www.openstreetmap.org/way/760093705","insideCampus":false,"tags":{"building":"school"},"category":"academic","height":16.5,"heightBasis":"按类型估算","facadeBasis":"按建筑类型推定","landmark":null},"geometry":{"type":"Polygon","coordinates":[[[108.2865811,22.8482611],[108.2866558,22.8480669],[108.2862569,22.8479366],[108.2861822,22.8481308],[108.2865811,22.8482611]]]}},{"type":"Feature","id":"way/760093706","properties":{"id":"way/760093706","name":"","kind":"roads","osmVersion":2,"osmEditedAt":"2021-06-22T17:15:44Z","sourceUrl":"https://www.openstreetmap.org/way/760093706","insideCampus":true,"tags":{"highway":"service"}},"geometry":{"type":"LineString","coordinates":[[108.2894826,22.8398883],[108.2902569,22.8398884]]}},{"type":"Feature","id":"way/760093707","properties":{"id":"way/760093707","name":"","kind":"roads","osmVersion":5,"osmEditedAt":"2026-04-23T02:17:07Z","sourceUrl":"https://www.openstreetmap.org/way/760093707","insideCampus":true,"tags":{"highway":"residential"}},"geometry":{"type":"LineString","coordinates":[[108.2876608,22.8525735],[108.2886412,22.8528488],[108.2891344,22.8529855],[108.2900765,22.8532519],[108.2914055,22.8536248]]}},{"type":"Feature","id":"way/760093710","properties":{"id":"way/760093710","name":"碧云湖","kind":"water","osmVersion":4,"osmEditedAt":"2021-06-22T17:15:44Z","sourceUrl":"https://www.openstreetmap.org/way/760093710","insideCampus":true,"tags":{"intermittent":"no","name":"碧云湖","natural":"water","salt":"no","tidal":"no","water":"lake"}},"geometry":{"type":"Polygon","coordinates":[[[108.289926,22.847472],[108.2900039,22.8474732],[108.2901289,22.847409],[108.2903136,22.8473755],[108.2910161,22.8470745],[108.2915399,22.8468928],[108.291771,22.8467508],[108.2919589,22.8467281],[108.2920852,22.8467622],[108.2921838,22.8468275],[108.2922485,22.8469013],[108.293253,22.8469723],[108.2932807,22.8469467],[108.2932807,22.8466458],[108.2932406,22.8466202],[108.2932006,22.8466543],[108.2931143,22.8466287],[108.2930619,22.8466231],[108.2930157,22.8465577],[108.2929664,22.8465152],[108.2929418,22.8464641],[108.2929171,22.8464271],[108.2929387,22.8463817],[108.2930065,22.8463704],[108.2930465,22.8463789],[108.2930989,22.8463448],[108.2931359,22.8463334],[108.2931759,22.8463476],[108.2931852,22.8463902],[108.2931605,22.846447],[108.2932129,22.8464782],[108.2932437,22.846501],[108.293253,22.8465634],[108.2932932,22.8465472],[108.2933469,22.8461319],[108.2933844,22.8460479],[108.2934542,22.8459639],[108.2935239,22.8458699],[108.2935561,22.8457809],[108.2935722,22.8456969],[108.2934113,22.8454646],[108.2928449,22.8457848],[108.2927679,22.8457848],[108.2925799,22.8456798],[108.292238,22.8455293],[108.2918805,22.8453674],[108.2918066,22.8455151],[108.2920623,22.8455747],[108.2920716,22.8456201],[108.2922349,22.8456826],[108.2923797,22.8458019],[108.2924382,22.8459751],[108.2923982,22.8461483],[108.2921887,22.8463357],[108.2919298,22.8464435],[108.2915386,22.8464719],[108.2913136,22.8465316],[108.2909655,22.8466338],[108.2903616,22.8469745],[108.2902034,22.8470305],[108.2901041,22.8470474],[108.2900231,22.8470235],[108.2899533,22.8469883],[108.2898784,22.8474226],[108.289926,22.847472]]]}},{"type":"Feature","id":"way/760093711","properties":{"id":"way/760093711","name":"","kind":"roads","osmVersion":2,"osmEditedAt":"2020-08-10T11:09:58Z","sourceUrl":"https://www.openstreetmap.org/way/760093711","insideCampus":true,"tags":{"highway":"service"}},"geometry":{"type":"LineString","coordinates":[[108.2897759,22.8476065],[108.2886635,22.8478481],[108.2886137,22.8478722]]}},{"type":"Feature","id":"way/760093712","properties":{"id":"way/760093712","name":"","kind":"roads","osmVersion":2,"osmEditedAt":"2021-06-23T06:09:07Z","sourceUrl":"https://www.openstreetmap.org/way/760093712","insideCampus":true,"tags":{"area":"yes","highway":"pedestrian"}},"geometry":{"type":"Polygon","coordinates":[[[108.2892309,22.847149],[108.2895065,22.8472309],[108.2896088,22.8469385],[108.289551,22.8469213],[108.2895323,22.8469746],[108.2893146,22.8469098],[108.2892309,22.847149]]]}},{"type":"Feature","id":"way/760093713","properties":{"id":"way/760093713","name":"","kind":"roads","osmVersion":2,"osmEditedAt":"2020-01-02T11:59:48Z","sourceUrl":"https://www.openstreetmap.org/way/760093713","insideCampus":true,"tags":{"highway":"service"}},"geometry":{"type":"LineString","coordinates":[[108.2893146,22.8487013],[108.289303,22.8486679],[108.2887646,22.8478251]]}},{"type":"Feature","id":"way/760093714","properties":{"id":"way/760093714","name":"","kind":"roads","osmVersion":1,"osmEditedAt":"2020-01-02T03:02:48Z","sourceUrl":"https://www.openstreetmap.org/way/760093714","insideCampus":true,"tags":{"highway":"service"}},"geometry":{"type":"LineString","coordinates":[[108.289616,22.8476411],[108.2895214,22.8472967],[108.2895,22.8472605],[108.2894907,22.8472494],[108.2894787,22.8472435],[108.2890531,22.8471269],[108.2890279,22.8471249],[108.2890031,22.8471318],[108.2888729,22.8472059],[108.2888407,22.84723],[108.2888151,22.847261],[108.2887567,22.8473562],[108.2887485,22.8473763],[108.28874,22.8474048],[108.2887282,22.8474756],[108.2887283,22.847491],[108.2887322,22.8475047],[108.288773,22.8475797],[108.2888497,22.8478067]]}},{"type":"Feature","id":"way/760093715","properties":{"id":"way/760093715","name":"24号楼","kind":"buildings","osmVersion":1,"osmEditedAt":"2020-01-02T03:02:48Z","sourceUrl":"https://www.openstreetmap.org/way/760093715","insideCampus":true,"tags":{"building":"dormitory","name":"24号楼"},"category":"living","height":19.799999999999997,"heightBasis":"按类型估算","facadeBasis":"按建筑类型推定","landmark":null},"geometry":{"type":"Polygon","coordinates":[[[108.2883256,22.8468972],[108.2883581,22.8467829],[108.2877368,22.8466329],[108.2877043,22.8467471],[108.2883256,22.8468972]]]}},{"type":"Feature","id":"way/760093716","properties":{"id":"way/760093716","name":"","kind":"roads","osmVersion":2,"osmEditedAt":"2026-03-24T13:03:15Z","sourceUrl":"https://www.openstreetmap.org/way/760093716","insideCampus":true,"tags":{"highway":"service"}},"geometry":{"type":"LineString","coordinates":[[108.2877157,22.8486012],[108.287772,22.8483646],[108.2878234,22.848186],[108.2879064,22.8481404],[108.2879569,22.8479789],[108.2879811,22.8478564],[108.2880205,22.8477397],[108.288246,22.8471687],[108.2882886,22.8471027],[108.288386,22.8469803],[108.2885015,22.8468528],[108.2886061,22.8467539],[108.2890135,22.8464611]]}},{"type":"Feature","id":"way/760093717","properties":{"id":"way/760093717","name":"","kind":"roads","osmVersion":3,"osmEditedAt":"2026-03-24T13:03:15Z","sourceUrl":"https://www.openstreetmap.org/way/760093717","insideCampus":true,"tags":{"highway":"service"}},"geometry":{"type":"LineString","coordinates":[[108.2885316,22.8480133],[108.2884582,22.848276],[108.2883906,22.8484943],[108.2883096,22.8487362],[108.2882573,22.8489836],[108.2882264,22.8492134],[108.2878737,22.8491457],[108.2876549,22.8490984],[108.287403,22.8490824],[108.2873735,22.8491245],[108.2873574,22.8491714],[108.287352,22.8492184],[108.2873643,22.849291],[108.287441,22.8496141],[108.2875085,22.8499213],[108.287584,22.8502101],[108.2876314,22.8504189],[108.287718,22.8507814],[108.2877758,22.8509222],[108.2878337,22.8510282],[108.2879015,22.8510737],[108.2880063,22.8510935],[108.2881449,22.8511077],[108.2882528,22.8510992]]}},{"type":"Feature","id":"way/760093718","properties":{"id":"way/760093718","name":"","kind":"roads","osmVersion":1,"osmEditedAt":"2020-01-02T03:02:48Z","sourceUrl":"https://www.openstreetmap.org/way/760093718","insideCampus":true,"tags":{"highway":"service"}},"geometry":{"type":"LineString","coordinates":[[108.2884582,22.848276],[108.2879064,22.8481404],[108.2874281,22.8480295]]}},{"type":"Feature","id":"way/760093719","properties":{"id":"way/760093719","name":"","kind":"roads","osmVersion":1,"osmEditedAt":"2020-01-02T03:02:48Z","sourceUrl":"https://www.openstreetmap.org/way/760093719","insideCampus":true,"tags":{"highway":"service"}},"geometry":{"type":"LineString","coordinates":[[108.2883906,22.8484943],[108.287772,22.8483646],[108.2873927,22.8482807]]}},{"type":"Feature","id":"way/760093720","properties":{"id":"way/760093720","name":"","kind":"roads","osmVersion":1,"osmEditedAt":"2020-01-02T03:02:48Z","sourceUrl":"https://www.openstreetmap.org/way/760093720","insideCampus":true,"tags":{"highway":"service"}},"geometry":{"type":"LineString","coordinates":[[108.2883096,22.8487362],[108.2877157,22.8486012],[108.2873325,22.8485188]]}},{"type":"Feature","id":"way/760093721","properties":{"id":"way/760093721","name":"","kind":"roads","osmVersion":2,"osmEditedAt":"2020-01-02T03:27:21Z","sourceUrl":"https://www.openstreetmap.org/way/760093721","insideCampus":true,"tags":{"highway":"service"}},"geometry":{"type":"LineString","coordinates":[[108.2882573,22.8489836],[108.2877328,22.8488619],[108.2870562,22.8487323]]}},{"type":"Feature","id":"way/760093723","properties":{"id":"way/760093723","name":"","kind":"roads","osmVersion":2,"osmEditedAt":"2020-01-02T03:27:21Z","sourceUrl":"https://www.openstreetmap.org/way/760093723","insideCampus":true,"tags":{"highway":"service"}},"geometry":{"type":"LineString","coordinates":[[108.2882264,22.8492134],[108.2883812,22.8495113],[108.2885242,22.8498709],[108.288655,22.8501695],[108.2886256,22.8504218],[108.2886223,22.8504382],[108.2886124,22.8507504]]}},{"type":"Feature","id":"way/760093724","properties":{"id":"way/760093724","name":"","kind":"roads","osmVersion":1,"osmEditedAt":"2020-01-02T03:02:48Z","sourceUrl":"https://www.openstreetmap.org/way/760093724","insideCampus":true,"tags":{"highway":"service"}},"geometry":{"type":"LineString","coordinates":[[108.2886223,22.8504382],[108.2888643,22.8505289]]}},{"type":"Feature","id":"way/760093725","properties":{"id":"way/760093725","name":"","kind":"roads","osmVersion":3,"osmEditedAt":"2026-03-24T13:03:15Z","sourceUrl":"https://www.openstreetmap.org/way/760093725","insideCampus":true,"tags":{"highway":"service"}},"geometry":{"type":"LineString","coordinates":[[108.2893146,22.8487013],[108.2893157,22.8487617],[108.2893052,22.8488374],[108.2892803,22.848887],[108.2892302,22.8489638],[108.2891508,22.8490565],[108.2890827,22.8491628],[108.2890542,22.8492285],[108.2890311,22.8493115],[108.2890148,22.8494124],[108.289044,22.8495125],[108.2891305,22.8497828],[108.2892594,22.8502912]]}},{"type":"Feature","id":"way/760093727","properties":{"id":"way/760093727","name":"","kind":"roads","osmVersion":3,"osmEditedAt":"2020-08-03T12:09:13Z","sourceUrl":"https://www.openstreetmap.org/way/760093727","insideCampus":true,"tags":{"highway":"service"}},"geometry":{"type":"LineString","coordinates":[[108.2908867,22.8497088],[108.2905515,22.848869],[108.2903436,22.8484638],[108.2903628,22.8484413]]}},{"type":"Feature","id":"way/760093728","properties":{"id":"way/760093728","name":"","kind":"roads","osmVersion":4,"osmEditedAt":"2022-07-07T08:58:32Z","sourceUrl":"https://www.openstreetmap.org/way/760093728","insideCampus":true,"tags":{"access":"delivery","highway":"service"}},"geometry":{"type":"LineString","coordinates":[[108.2845222,22.8430791],[108.2844928,22.8450437]]}},{"type":"Feature","id":"way/760093730","properties":{"id":"way/760093730","name":"","kind":"roads","osmVersion":1,"osmEditedAt":"2020-01-02T03:02:48Z","sourceUrl":"https://www.openstreetmap.org/way/760093730","insideCampus":true,"tags":{"highway":"service"}},"geometry":{"type":"LineString","coordinates":[[108.2928103,22.8497175],[108.2915928,22.8496715]]}},{"type":"Feature","id":"way/760093731","properties":{"id":"way/760093731","name":"","kind":"roads","osmVersion":1,"osmEditedAt":"2020-01-02T03:02:48Z","sourceUrl":"https://www.openstreetmap.org/way/760093731","insideCampus":true,"tags":{"highway":"service"}},"geometry":{"type":"LineString","coordinates":[[108.2927789,22.85077],[108.2927222,22.8508021],[108.2916015,22.8507601]]}},{"type":"Feature","id":"way/760093732","properties":{"id":"way/760093732","name":"","kind":"roads","osmVersion":3,"osmEditedAt":"2020-01-02T12:12:35Z","sourceUrl":"https://www.openstreetmap.org/way/760093732","insideCampus":true,"tags":{"highway":"service"}},"geometry":{"type":"LineString","coordinates":[[108.2927789,22.85077],[108.2928159,22.8507433],[108.2937617,22.8508257],[108.2941227,22.8508599],[108.2941396,22.8508671],[108.2941429,22.8508769],[108.2941167,22.8511451],[108.2941125,22.8513026],[108.2941068,22.8513113],[108.2940965,22.8513169],[108.2934769,22.8512959],[108.2927674,22.8512283]]}},{"type":"Feature","id":"way/760093733","properties":{"id":"way/760093733","name":"","kind":"roads","osmVersion":2,"osmEditedAt":"2020-01-02T12:12:35Z","sourceUrl":"https://www.openstreetmap.org/way/760093733","insideCampus":true,"tags":{"highway":"service"}},"geometry":{"type":"LineString","coordinates":[[108.2916059,22.8502677],[108.2927919,22.850305],[108.2929899,22.8502628],[108.2937704,22.8503345],[108.2937785,22.8503518],[108.2937617,22.8508257]]}},{"type":"Feature","id":"way/760093734","properties":{"id":"way/760093734","name":"","kind":"roads","osmVersion":3,"osmEditedAt":"2020-01-02T12:12:35Z","sourceUrl":"https://www.openstreetmap.org/way/760093734","insideCampus":true,"tags":{"highway":"service"}},"geometry":{"type":"LineString","coordinates":[[108.2922265,22.8502872],[108.2922695,22.8495635],[108.2922588,22.8495215],[108.2922132,22.8495017],[108.2921542,22.8494869],[108.2915248,22.8495533]]}},{"type":"Feature","id":"way/760093735","properties":{"id":"way/760093735","name":"","kind":"roads","osmVersion":2,"osmEditedAt":"2020-01-02T12:12:35Z","sourceUrl":"https://www.openstreetmap.org/way/760093735","insideCampus":true,"tags":{"highway":"service"}},"geometry":{"type":"LineString","coordinates":[[108.2922265,22.8502872],[108.2922016,22.8507826]]}},{"type":"Feature","id":"way/760095238","properties":{"id":"way/760095238","name":"","kind":"roads","osmVersion":2,"osmEditedAt":"2021-05-30T13:50:19Z","sourceUrl":"https://www.openstreetmap.org/way/760095238","insideCampus":true,"tags":{"highway":"service"}},"geometry":{"type":"LineString","coordinates":[[108.292869,22.8478508],[108.2921708,22.8478188]]}},{"type":"Feature","id":"way/760095239","properties":{"id":"way/760095239","name":"","kind":"roads","osmVersion":2,"osmEditedAt":"2020-01-02T15:00:02Z","sourceUrl":"https://www.openstreetmap.org/way/760095239","insideCampus":true,"tags":{"highway":"service"}},"geometry":{"type":"LineString","coordinates":[[108.2921708,22.8478188],[108.2921614,22.8480833],[108.2921336,22.8482594],[108.2919519,22.8489266],[108.2919272,22.8490061],[108.2919393,22.8495096]]}},{"type":"Feature","id":"way/760095240","properties":{"id":"way/760095240","name":"","kind":"roads","osmVersion":1,"osmEditedAt":"2020-01-02T03:19:35Z","sourceUrl":"https://www.openstreetmap.org/way/760095240","insideCampus":true,"tags":{"highway":"service"}},"geometry":{"type":"LineString","coordinates":[[108.2919901,22.8487862],[108.2928376,22.8488496]]}},{"type":"Feature","id":"way/760095241","properties":{"id":"way/760095241","name":"","kind":"roads","osmVersion":1,"osmEditedAt":"2020-01-02T03:19:35Z","sourceUrl":"https://www.openstreetmap.org/way/760095241","insideCampus":true,"tags":{"highway":"service"}},"geometry":{"type":"LineString","coordinates":[[108.2919323,22.8492175],[108.2924266,22.8492197],[108.2924686,22.8492046],[108.2924943,22.8491745],[108.2925176,22.8491573],[108.29259,22.8491444],[108.2928282,22.8491468]]}},{"type":"Feature","id":"way/760095242","properties":{"id":"way/760095242","name":"","kind":"roads","osmVersion":2,"osmEditedAt":"2021-05-30T13:50:19Z","sourceUrl":"https://www.openstreetmap.org/way/760095242","insideCampus":true,"tags":{"highway":"service"}},"geometry":{"type":"LineString","coordinates":[[108.2914738,22.8469999],[108.2915255,22.8471028],[108.2915497,22.8472536],[108.2915685,22.8474316],[108.2915577,22.8475552],[108.2915309,22.8476639],[108.2914842,22.847803],[108.2914537,22.847982],[108.2913689,22.8488803],[108.2913101,22.8492415]]}},{"type":"Feature","id":"way/760095243","properties":{"id":"way/760095243","name":"","kind":"roads","osmVersion":1,"osmEditedAt":"2020-01-02T03:19:35Z","sourceUrl":"https://www.openstreetmap.org/way/760095243","insideCampus":true,"tags":{"highway":"service"}},"geometry":{"type":"LineString","coordinates":[[108.2913689,22.8488803],[108.2919582,22.8489032]]}},{"type":"Feature","id":"way/760095244","properties":{"id":"way/760095244","name":"","kind":"roads","osmVersion":2,"osmEditedAt":"2021-05-30T13:50:19Z","sourceUrl":"https://www.openstreetmap.org/way/760095244","insideCampus":true,"tags":{"highway":"service"}},"geometry":{"type":"LineString","coordinates":[[108.2921634,22.8480273],[108.2905246,22.8479226]]}},{"type":"Feature","id":"way/760095245","properties":{"id":"way/760095245","name":"","kind":"roads","osmVersion":1,"osmEditedAt":"2020-01-02T03:19:35Z","sourceUrl":"https://www.openstreetmap.org/way/760095245","insideCampus":true,"tags":{"highway":"service"}},"geometry":{"type":"LineString","coordinates":[[108.2928546,22.8483094],[108.2921367,22.8482399],[108.2914366,22.8481631],[108.2909067,22.8481214]]}},{"type":"Feature","id":"way/760095246","properties":{"id":"way/760095246","name":"","kind":"roads","osmVersion":1,"osmEditedAt":"2020-01-02T03:19:35Z","sourceUrl":"https://www.openstreetmap.org/way/760095246","insideCampus":true,"tags":{"highway":"service"}},"geometry":{"type":"LineString","coordinates":[[108.2914081,22.8484654],[108.2920614,22.8485246]]}},{"type":"Feature","id":"way/760095247","properties":{"id":"way/760095247","name":"","kind":"roads","osmVersion":2,"osmEditedAt":"2020-01-02T12:12:35Z","sourceUrl":"https://www.openstreetmap.org/way/760095247","insideCampus":true,"tags":{"highway":"service"}},"geometry":{"type":"LineString","coordinates":[[108.2935651,22.8508086],[108.2935486,22.8512982],[108.2935462,22.8518224],[108.2935403,22.851844],[108.2935215,22.8518528],[108.292809,22.8517809]]}},{"type":"Feature","id":"way/760095248","properties":{"id":"way/760095248","name":"","kind":"roads","osmVersion":2,"osmEditedAt":"2020-01-02T15:00:02Z","sourceUrl":"https://www.openstreetmap.org/way/760095248","insideCampus":true,"tags":{"highway":"service"}},"geometry":{"type":"LineString","coordinates":[[108.293728,22.8471336],[108.2936898,22.8490665],[108.2952774,22.849147]]}},{"type":"Feature","id":"way/760096015","properties":{"id":"way/760096015","name":"","kind":"roads","osmVersion":1,"osmEditedAt":"2020-01-02T03:27:21Z","sourceUrl":"https://www.openstreetmap.org/way/760096015","insideCampus":true,"tags":{"highway":"service"}},"geometry":{"type":"LineString","coordinates":[[108.2876549,22.8490984],[108.2877328,22.8488619]]}},{"type":"Feature","id":"way/760096016","properties":{"id":"way/760096016","name":"","kind":"roads","osmVersion":1,"osmEditedAt":"2020-01-02T03:27:21Z","sourceUrl":"https://www.openstreetmap.org/way/760096016","insideCampus":true,"tags":{"highway":"service"}},"geometry":{"type":"LineString","coordinates":[[108.2873765,22.8493425],[108.2878095,22.8494111],[108.2880094,22.8494509],[108.2883812,22.8495113]]}},{"type":"Feature","id":"way/760096017","properties":{"id":"way/760096017","name":"","kind":"roads","osmVersion":1,"osmEditedAt":"2020-01-02T03:27:21Z","sourceUrl":"https://www.openstreetmap.org/way/760096017","insideCampus":true,"tags":{"highway":"service"}},"geometry":{"type":"LineString","coordinates":[[108.287441,22.8496141],[108.287948,22.8497088],[108.2884985,22.8498063]]}},{"type":"Feature","id":"way/760096018","properties":{"id":"way/760096018","name":"","kind":"roads","osmVersion":1,"osmEditedAt":"2020-01-02T03:27:21Z","sourceUrl":"https://www.openstreetmap.org/way/760096018","insideCampus":true,"tags":{"highway":"service"}},"geometry":{"type":"LineString","coordinates":[[108.2886223,22.8504382],[108.287584,22.8502101]]}},{"type":"Feature","id":"way/760096019","properties":{"id":"way/760096019","name":"","kind":"roads","osmVersion":1,"osmEditedAt":"2020-01-02T03:27:21Z","sourceUrl":"https://www.openstreetmap.org/way/760096019","insideCampus":true,"tags":{"highway":"service"}},"geometry":{"type":"LineString","coordinates":[[108.288655,22.8501695],[108.2875085,22.8499213]]}},{"type":"Feature","id":"way/760096020","properties":{"id":"way/760096020","name":"","kind":"roads","osmVersion":1,"osmEditedAt":"2020-01-02T03:27:21Z","sourceUrl":"https://www.openstreetmap.org/way/760096020","insideCampus":true,"tags":{"highway":"service"}},"geometry":{"type":"LineString","coordinates":[[108.2886124,22.8507504],[108.2876576,22.8505269]]}},{"type":"Feature","id":"way/760096021","properties":{"id":"way/760096021","name":"","kind":"roads","osmVersion":1,"osmEditedAt":"2020-01-02T03:27:21Z","sourceUrl":"https://www.openstreetmap.org/way/760096021","insideCampus":true,"tags":{"highway":"service"}},"geometry":{"type":"LineString","coordinates":[[108.2881179,22.8506346],[108.2881355,22.8505312],[108.2881824,22.8503416],[108.2882519,22.8500822]]}},{"type":"Feature","id":"way/760096022","properties":{"id":"way/760096022","name":"","kind":"roads","osmVersion":1,"osmEditedAt":"2020-01-02T03:27:21Z","sourceUrl":"https://www.openstreetmap.org/way/760096022","insideCampus":true,"tags":{"highway":"service"}},"geometry":{"type":"LineString","coordinates":[[108.287718,22.8507814],[108.288408,22.8509456]]}},{"type":"Feature","id":"way/760096023","properties":{"id":"way/760096023","name":"","kind":"roads","osmVersion":1,"osmEditedAt":"2020-01-02T03:27:21Z","sourceUrl":"https://www.openstreetmap.org/way/760096023","insideCampus":true,"tags":{"highway":"service"}},"geometry":{"type":"LineString","coordinates":[[108.2881355,22.8505312],[108.2876314,22.8504189]]}},{"type":"Feature","id":"way/760096024","properties":{"id":"way/760096024","name":"","kind":"roads","osmVersion":1,"osmEditedAt":"2020-01-02T03:27:21Z","sourceUrl":"https://www.openstreetmap.org/way/760096024","insideCampus":true,"tags":{"highway":"service"}},"geometry":{"type":"LineString","coordinates":[[108.2881015,22.8500497],[108.2881847,22.8497507]]}},{"type":"Feature","id":"way/760096025","properties":{"id":"way/760096025","name":"","kind":"roads","osmVersion":1,"osmEditedAt":"2020-01-02T03:27:21Z","sourceUrl":"https://www.openstreetmap.org/way/760096025","insideCampus":true,"tags":{"highway":"service"}},"geometry":{"type":"LineString","coordinates":[[108.287948,22.8497088],[108.2880094,22.8494509]]}},{"type":"Feature","id":"way/760096026","properties":{"id":"way/760096026","name":"","kind":"roads","osmVersion":1,"osmEditedAt":"2020-01-02T03:27:21Z","sourceUrl":"https://www.openstreetmap.org/way/760096026","insideCampus":true,"tags":{"highway":"service"}},"geometry":{"type":"LineString","coordinates":[[108.2878095,22.8494111],[108.2878737,22.8491457]]}},{"type":"Feature","id":"way/760144445","properties":{"id":"way/760144445","name":"西校园学生宿舍23栋","kind":"buildings","osmVersion":1,"osmEditedAt":"2020-01-02T10:27:09Z","sourceUrl":"https://www.openstreetmap.org/way/760144445","insideCampus":true,"tags":{"building":"dormitory","name":"西校园学生宿舍23栋"},"category":"living","height":19.799999999999997,"heightBasis":"按类型估算","facadeBasis":"按建筑类型推定","landmark":null},"geometry":{"type":"Polygon","coordinates":[[[108.2884951,22.8466893],[108.2885391,22.8465428],[108.2879777,22.8463995],[108.2879336,22.8465458],[108.2884951,22.8466893]]]}},{"type":"Feature","id":"way/760144446","properties":{"id":"way/760144446","name":"4号楼","kind":"buildings","osmVersion":1,"osmEditedAt":"2020-01-02T10:27:09Z","sourceUrl":"https://www.openstreetmap.org/way/760144446","insideCampus":true,"tags":{"building":"dormitory","name":"4号楼"},"category":"living","height":19.799999999999997,"heightBasis":"按类型估算","facadeBasis":"按建筑类型推定","landmark":null},"geometry":{"type":"Polygon","coordinates":[[[108.288182,22.847096],[108.2882118,22.8469882],[108.2877206,22.8468727],[108.2876907,22.8469804],[108.288182,22.847096]]]}},{"type":"Feature","id":"way/760144447","properties":{"id":"way/760144447","name":"东校园西区3栋","kind":"buildings","osmVersion":1,"osmEditedAt":"2020-01-02T10:27:09Z","sourceUrl":"https://www.openstreetmap.org/way/760144447","insideCampus":true,"tags":{"building":"dormitory","name":"东校园西区3栋"},"category":"living","height":19.799999999999997,"heightBasis":"按类型估算","facadeBasis":"按建筑类型推定","landmark":null},"geometry":{"type":"Polygon","coordinates":[[[108.2880641,22.847327],[108.2880974,22.8472145],[108.2876192,22.8470946],[108.287586,22.8472069],[108.2880641,22.847327]]]}},{"type":"Feature","id":"way/760144448","properties":{"id":"way/760144448","name":"2号楼","kind":"buildings","osmVersion":1,"osmEditedAt":"2020-01-02T10:27:09Z","sourceUrl":"https://www.openstreetmap.org/way/760144448","insideCampus":true,"tags":{"building":"dormitory","name":"2号楼"},"category":"living","height":19.799999999999997,"heightBasis":"按类型估算","facadeBasis":"按建筑类型推定","landmark":null},"geometry":{"type":"Polygon","coordinates":[[[108.2879701,22.8475426],[108.2879945,22.8474514],[108.2875484,22.8473502],[108.2875241,22.8474413],[108.2879701,22.8475426]]]}},{"type":"Feature","id":"way/760144449","properties":{"id":"way/760144449","name":"1号楼","kind":"buildings","osmVersion":1,"osmEditedAt":"2020-01-02T10:27:09Z","sourceUrl":"https://www.openstreetmap.org/way/760144449","insideCampus":true,"tags":{"building":"dormitory","name":"1号楼"},"category":"living","height":19.799999999999997,"heightBasis":"按类型估算","facadeBasis":"按建筑类型推定","landmark":null},"geometry":{"type":"Polygon","coordinates":[[[108.2879653,22.8477999],[108.2879913,22.8477054],[108.2874159,22.8475713],[108.28739,22.8476657],[108.2879653,22.8477999]]]}},{"type":"Feature","id":"way/760144450","properties":{"id":"way/760144450","name":"校内建筑 760144450","kind":"buildings","osmVersion":1,"osmEditedAt":"2020-01-02T10:27:09Z","sourceUrl":"https://www.openstreetmap.org/way/760144450","insideCampus":true,"tags":{"building":"dormitory"},"category":"living","height":19.799999999999997,"heightBasis":"按类型估算","facadeBasis":"按建筑类型推定","landmark":null},"geometry":{"type":"Polygon","coordinates":[[[108.28842,22.8482144],[108.2884551,22.8480972],[108.2880125,22.8479844],[108.2879773,22.8481017],[108.28842,22.8482144]]]}},{"type":"Feature","id":"way/760144451","properties":{"id":"way/760144451","name":"2号楼","kind":"buildings","osmVersion":1,"osmEditedAt":"2020-01-02T10:27:09Z","sourceUrl":"https://www.openstreetmap.org/way/760144451","insideCampus":true,"tags":{"building":"dormitory","name":"2号楼"},"category":"living","height":19.799999999999997,"heightBasis":"按类型估算","facadeBasis":"按建筑类型推定","landmark":null},"geometry":{"type":"Polygon","coordinates":[[[108.2878938,22.8480585],[108.2879282,22.8479549],[108.2876658,22.8478807],[108.2876313,22.8479844],[108.2878938,22.8480585]]]}},{"type":"Feature","id":"way/760144452","properties":{"id":"way/760144452","name":"3号楼","kind":"buildings","osmVersion":1,"osmEditedAt":"2020-01-02T10:27:09Z","sourceUrl":"https://www.openstreetmap.org/way/760144452","insideCampus":true,"tags":{"building":"dormitory","name":"3号楼"},"category":"living","height":19.799999999999997,"heightBasis":"按类型估算","facadeBasis":"按建筑类型推定","landmark":null},"geometry":{"type":"Polygon","coordinates":[[[108.2876024,22.8479771],[108.2876287,22.8478773],[108.2873754,22.8478204],[108.287349,22.8479203],[108.2876024,22.8479771]]]}},{"type":"Feature","id":"way/760144453","properties":{"id":"way/760144453","name":"东校园中区6栋","kind":"buildings","osmVersion":1,"osmEditedAt":"2020-01-02T10:27:09Z","sourceUrl":"https://www.openstreetmap.org/way/760144453","insideCampus":true,"tags":{"building":"dormitory","name":"东校园中区6栋"},"category":"living","height":19.799999999999997,"heightBasis":"按类型估算","facadeBasis":"按建筑类型推定","landmark":null},"geometry":{"type":"Polygon","coordinates":[[[108.2877508,22.8482934],[108.2877806,22.848168],[108.2872763,22.8480662],[108.2872465,22.8481916],[108.2877508,22.8482934]]]}},{"type":"Feature","id":"way/760144454","properties":{"id":"way/760144454","name":"5号楼","kind":"buildings","osmVersion":1,"osmEditedAt":"2020-01-02T10:27:09Z","sourceUrl":"https://www.openstreetmap.org/way/760144454","insideCampus":true,"tags":{"building":"dormitory","name":"5号楼"},"category":"living","height":19.799999999999997,"heightBasis":"按类型估算","facadeBasis":"按建筑类型推定","landmark":null},"geometry":{"type":"Polygon","coordinates":[[[108.2883303,22.848418],[108.2883601,22.8482927],[108.2878559,22.8481908],[108.2878261,22.8483162],[108.2883303,22.848418]]]}},{"type":"Feature","id":"way/760144455","properties":{"id":"way/760144455","name":"8号楼","kind":"buildings","osmVersion":1,"osmEditedAt":"2020-01-02T10:27:09Z","sourceUrl":"https://www.openstreetmap.org/way/760144455","insideCampus":true,"tags":{"building":"dormitory","name":"8号楼"},"category":"living","height":19.799999999999997,"heightBasis":"按类型估算","facadeBasis":"按建筑类型推定","landmark":null},"geometry":{"type":"Polygon","coordinates":[[[108.2876745,22.8485477],[108.2877043,22.8484224],[108.2872,22.8483205],[108.2871702,22.8484459],[108.2876745,22.8485477]]]}},{"type":"Feature","id":"way/760144456","properties":{"id":"way/760144456","name":"东校园中区8栋","kind":"buildings","osmVersion":1,"osmEditedAt":"2020-01-02T10:27:09Z","sourceUrl":"https://www.openstreetmap.org/way/760144456","insideCampus":true,"tags":{"building":"dormitory","name":"东校园中区8栋"},"category":"living","height":19.799999999999997,"heightBasis":"按类型估算","facadeBasis":"按建筑类型推定","landmark":null},"geometry":{"type":"Polygon","coordinates":[[[108.2882714,22.848672],[108.2883012,22.8485467],[108.287797,22.8484449],[108.2877671,22.8485703],[108.2882714,22.848672]]]}},{"type":"Feature","id":"way/760144457","properties":{"id":"way/760144457","name":"校内建筑 760144457","kind":"buildings","osmVersion":1,"osmEditedAt":"2020-01-02T10:27:09Z","sourceUrl":"https://www.openstreetmap.org/way/760144457","insideCampus":true,"tags":{"building":"dormitory"},"category":"living","height":19.799999999999997,"heightBasis":"按类型估算","facadeBasis":"按建筑类型推定","landmark":null},"geometry":{"type":"Polygon","coordinates":[[[108.2874152,22.8486483],[108.2872824,22.8486185],[108.2872622,22.8486951],[108.287395,22.8487249],[108.2874152,22.8486483]]]}},{"type":"Feature","id":"way/760144458","properties":{"id":"way/760144458","name":"17号楼","kind":"buildings","osmVersion":1,"osmEditedAt":"2020-01-02T10:27:09Z","sourceUrl":"https://www.openstreetmap.org/way/760144458","insideCampus":true,"tags":{"building":"dormitory","name":"17号楼"},"category":"living","height":19.799999999999997,"heightBasis":"按类型估算","facadeBasis":"按建筑类型推定","landmark":null},"geometry":{"type":"Polygon","coordinates":[[[108.2876845,22.8488058],[108.2876919,22.8487732],[108.2877783,22.84879],[108.2877933,22.8487245],[108.2874862,22.8486648],[108.287471,22.848731],[108.2875649,22.8487492],[108.2875576,22.8487811],[108.2876845,22.8488058]]]}},{"type":"Feature","id":"way/760144459","properties":{"id":"way/760144459","name":"9号楼","kind":"buildings","osmVersion":1,"osmEditedAt":"2020-01-02T10:27:09Z","sourceUrl":"https://www.openstreetmap.org/way/760144459","insideCampus":true,"tags":{"building":"dormitory","name":"9号楼"},"category":"living","height":19.799999999999997,"heightBasis":"按类型估算","facadeBasis":"按建筑类型推定","landmark":null},"geometry":{"type":"Polygon","coordinates":[[[108.2880899,22.8489006],[108.2880973,22.848868],[108.2881837,22.8488848],[108.2881987,22.8488193],[108.2878916,22.8487596],[108.2878765,22.8488258],[108.2879703,22.848844],[108.287963,22.8488759],[108.2880899,22.8489006]]]}},{"type":"Feature","id":"way/760144460","properties":{"id":"way/760144460","name":"15号楼","kind":"buildings","osmVersion":1,"osmEditedAt":"2020-01-02T10:27:09Z","sourceUrl":"https://www.openstreetmap.org/way/760144460","insideCampus":true,"tags":{"building":"dormitory","name":"15号楼"},"category":"living","height":19.799999999999997,"heightBasis":"按类型估算","facadeBasis":"按建筑类型推定","landmark":null},"geometry":{"type":"Polygon","coordinates":[[[108.2873248,22.848942],[108.287346,22.8488597],[108.287199,22.8488275],[108.2871777,22.8489099],[108.2873248,22.848942]]]}},{"type":"Feature","id":"way/760144461","properties":{"id":"way/760144461","name":"16号楼","kind":"buildings","osmVersion":1,"osmEditedAt":"2020-01-02T10:27:09Z","sourceUrl":"https://www.openstreetmap.org/way/760144461","insideCampus":true,"tags":{"building":"dormitory","name":"16号楼"},"category":"living","height":19.799999999999997,"heightBasis":"按类型估算","facadeBasis":"按建筑类型推定","landmark":null},"geometry":{"type":"Polygon","coordinates":[[[108.2875802,22.8489951],[108.2876006,22.8489146],[108.2873993,22.8488711],[108.2873788,22.8489516],[108.2875802,22.8489951]]]}},{"type":"Feature","id":"way/760144462","properties":{"id":"way/760144462","name":"18号楼","kind":"buildings","osmVersion":1,"osmEditedAt":"2020-01-02T10:27:09Z","sourceUrl":"https://www.openstreetmap.org/way/760144462","insideCampus":true,"tags":{"building":"dormitory","name":"18号楼"},"category":"living","height":19.799999999999997,"heightBasis":"按类型估算","facadeBasis":"按建筑类型推定","landmark":null},"geometry":{"type":"Polygon","coordinates":[[[108.2881577,22.8491557],[108.2881885,22.8490365],[108.2877755,22.8489456],[108.2877446,22.8490649],[108.2881577,22.8491557]]]}},{"type":"Feature","id":"way/760144463","properties":{"id":"way/760144463","name":"东校园中区10栋","kind":"buildings","osmVersion":1,"osmEditedAt":"2020-01-02T10:27:09Z","sourceUrl":"https://www.openstreetmap.org/way/760144463","insideCampus":true,"tags":{"building":"dormitory","name":"东校园中区10栋"},"category":"living","height":19.799999999999997,"heightBasis":"按类型估算","facadeBasis":"按建筑类型推定","landmark":null},"geometry":{"type":"Polygon","coordinates":[[[108.2877789,22.8493291],[108.2878082,22.8492112],[108.2874018,22.8491256],[108.2873726,22.8492436],[108.2877789,22.8493291]]]}},{"type":"Feature","id":"way/760144464","properties":{"id":"way/760144464","name":"12号楼","kind":"buildings","osmVersion":1,"osmEditedAt":"2020-01-02T10:27:09Z","sourceUrl":"https://www.openstreetmap.org/way/760144464","insideCampus":true,"tags":{"building":"dormitory","name":"12号楼"},"category":"living","height":19.799999999999997,"heightBasis":"按类型估算","facadeBasis":"按建筑类型推定","landmark":null},"geometry":{"type":"Polygon","coordinates":[[[108.2878823,22.8496332],[108.2879116,22.8495153],[108.2875052,22.8494297],[108.287476,22.8495477],[108.2878823,22.8496332]]]}},{"type":"Feature","id":"way/760144465","properties":{"id":"way/760144465","name":"东校园中区14B栋","kind":"buildings","osmVersion":1,"osmEditedAt":"2020-01-02T10:27:09Z","sourceUrl":"https://www.openstreetmap.org/way/760144465","insideCampus":true,"tags":{"building":"dormitory","name":"东校园中区14B栋"},"category":"living","height":19.799999999999997,"heightBasis":"按类型估算","facadeBasis":"按建筑类型推定","landmark":null},"geometry":{"type":"Polygon","coordinates":[[[108.288041,22.8499326],[108.2880703,22.8498147],[108.2876639,22.8497291],[108.2876347,22.8498471],[108.288041,22.8499326]]]}},{"type":"Feature","id":"way/760144466","properties":{"id":"way/760144466","name":"东校园中区16B栋","kind":"buildings","osmVersion":1,"osmEditedAt":"2020-01-02T10:27:09Z","sourceUrl":"https://www.openstreetmap.org/way/760144466","insideCampus":true,"tags":{"building":"dormitory","name":"东校园中区16B栋"},"category":"living","height":19.799999999999997,"heightBasis":"按类型估算","facadeBasis":"按建筑类型推定","landmark":null},"geometry":{"type":"Polygon","coordinates":[[[108.2881702,22.8502424],[108.2881995,22.8501246],[108.2877931,22.850039],[108.2877639,22.8501569],[108.2881702,22.8502424]]]}},{"type":"Feature","id":"way/760144467","properties":{"id":"way/760144467","name":"东校园中区18B栋","kind":"buildings","osmVersion":1,"osmEditedAt":"2020-01-02T10:27:09Z","sourceUrl":"https://www.openstreetmap.org/way/760144467","insideCampus":true,"tags":{"building":"dormitory","name":"东校园中区18B栋"},"category":"living","height":19.799999999999997,"heightBasis":"按类型估算","facadeBasis":"按建筑类型推定","landmark":null},"geometry":{"type":"Polygon","coordinates":[[[108.2880959,22.8504854],[108.2881251,22.8503675],[108.2877188,22.8502819],[108.2876895,22.8503999],[108.2880959,22.8504854]]]}},{"type":"Feature","id":"way/760144468","properties":{"id":"way/760144468","name":"东校园中区20栋","kind":"buildings","osmVersion":1,"osmEditedAt":"2020-01-02T10:27:09Z","sourceUrl":"https://www.openstreetmap.org/way/760144468","insideCampus":true,"tags":{"building":"dormitory","name":"东校园中区20栋"},"category":"living","height":19.799999999999997,"heightBasis":"按类型估算","facadeBasis":"按建筑类型推定","landmark":null},"geometry":{"type":"Polygon","coordinates":[[[108.2883781,22.850829],[108.2884033,22.8507319],[108.2877761,22.8505938],[108.287751,22.8506907],[108.2883781,22.850829]]]}},{"type":"Feature","id":"way/760144469","properties":{"id":"way/760144469","name":"东校园中区21","kind":"buildings","osmVersion":1,"osmEditedAt":"2020-01-02T10:27:09Z","sourceUrl":"https://www.openstreetmap.org/way/760144469","insideCampus":true,"tags":{"building":"dormitory","name":"东校园中区21"},"category":"living","height":19.799999999999997,"heightBasis":"按类型估算","facadeBasis":"按建筑类型推定","landmark":null},"geometry":{"type":"Polygon","coordinates":[[[108.2881566,22.8510555],[108.2881681,22.8510138],[108.2882072,22.8510229],[108.2882238,22.8509626],[108.2878387,22.8508723],[108.2878224,22.8509312],[108.2878596,22.8509399],[108.2878477,22.8509832],[108.2881566,22.8510555]]]}},{"type":"Feature","id":"way/760144470","properties":{"id":"way/760144470","name":"11号楼","kind":"buildings","osmVersion":1,"osmEditedAt":"2020-01-02T10:27:09Z","sourceUrl":"https://www.openstreetmap.org/way/760144470","insideCampus":true,"tags":{"building":"dormitory","name":"11号楼"},"category":"living","height":19.799999999999997,"heightBasis":"按类型估算","facadeBasis":"按建筑类型推定","landmark":null},"geometry":{"type":"Polygon","coordinates":[[[108.2881484,22.8494058],[108.2881742,22.8493039],[108.2878951,22.849244],[108.2878693,22.8493458],[108.2881484,22.8494058]]]}},{"type":"Feature","id":"way/760144471","properties":{"id":"way/760144471","name":"东校园中区13栋","kind":"buildings","osmVersion":1,"osmEditedAt":"2020-01-02T10:27:09Z","sourceUrl":"https://www.openstreetmap.org/way/760144471","insideCampus":true,"tags":{"building":"dormitory","name":"东校园中区13栋"},"category":"living","height":19.799999999999997,"heightBasis":"按类型估算","facadeBasis":"按建筑类型推定","landmark":null},"geometry":{"type":"Polygon","coordinates":[[[108.2882563,22.849698],[108.2882821,22.8495961],[108.288003,22.8495362],[108.2879772,22.849638],[108.2882563,22.849698]]]}},{"type":"Feature","id":"way/760144472","properties":{"id":"way/760144472","name":"东校园中区15B","kind":"buildings","osmVersion":1,"osmEditedAt":"2020-01-02T10:27:09Z","sourceUrl":"https://www.openstreetmap.org/way/760144472","insideCampus":true,"tags":{"building":"dormitory","name":"东校园中区15B"},"category":"living","height":19.799999999999997,"heightBasis":"按类型估算","facadeBasis":"按建筑类型推定","landmark":null},"geometry":{"type":"Polygon","coordinates":[[[108.2884188,22.8500073],[108.2884445,22.8499054],[108.2881654,22.8498455],[108.2881396,22.8499473],[108.2884188,22.8500073]]]}},{"type":"Feature","id":"way/760144473","properties":{"id":"way/760144473","name":"东校园中区17B栋","kind":"buildings","osmVersion":2,"osmEditedAt":"2026-03-24T13:03:15Z","sourceUrl":"https://www.openstreetmap.org/way/760144473","insideCampus":true,"tags":{"building":"dormitory","name":"东校园中区17B栋"},"category":"living","height":19.799999999999997,"heightBasis":"按类型估算","facadeBasis":"按建筑类型推定","landmark":null},"geometry":{"type":"Polygon","coordinates":[[[108.2885409,22.8503058],[108.2885666,22.8502039],[108.2882875,22.8501439],[108.2882617,22.8502458],[108.2885409,22.8503058]]]}},{"type":"Feature","id":"way/760144474","properties":{"id":"way/760144474","name":"教职工楼东校园中区19B","kind":"buildings","osmVersion":1,"osmEditedAt":"2020-01-02T10:27:09Z","sourceUrl":"https://www.openstreetmap.org/way/760144474","insideCampus":true,"tags":{"building":"dormitory","name":"教职工楼东校园中区19B"},"category":"living","height":19.799999999999997,"heightBasis":"按类型估算","facadeBasis":"按建筑类型推定","landmark":null},"geometry":{"type":"Polygon","coordinates":[[[108.2884789,22.8505732],[108.2885047,22.8504713],[108.2882256,22.8504113],[108.2881998,22.8505132],[108.2884789,22.8505732]]]}},{"type":"Feature","id":"way/760160332","properties":{"id":"way/760160332","name":"","kind":"roads","osmVersion":1,"osmEditedAt":"2020-01-02T11:59:48Z","sourceUrl":"https://www.openstreetmap.org/way/760160332","insideCampus":true,"tags":{"highway":"service"}},"geometry":{"type":"LineString","coordinates":[[108.2882457,22.8490696],[108.2890542,22.8492285],[108.2894157,22.8493298],[108.2908338,22.8495763]]}},{"type":"Feature","id":"way/760160333","properties":{"id":"way/760160333","name":"","kind":"roads","osmVersion":1,"osmEditedAt":"2020-01-02T11:59:48Z","sourceUrl":"https://www.openstreetmap.org/way/760160333","insideCampus":true,"tags":{"highway":"service"}},"geometry":{"type":"LineString","coordinates":[[108.2906855,22.8495499],[108.2906246,22.8498182]]}},{"type":"Feature","id":"way/760160334","properties":{"id":"way/760160334","name":"","kind":"roads","osmVersion":1,"osmEditedAt":"2020-01-02T11:59:48Z","sourceUrl":"https://www.openstreetmap.org/way/760160334","insideCampus":true,"tags":{"highway":"service"}},"geometry":{"type":"LineString","coordinates":[[108.2905281,22.8498584],[108.2895527,22.8496238],[108.2894628,22.8496053],[108.289044,22.8495125]]}},{"type":"Feature","id":"way/760160335","properties":{"id":"way/760160335","name":"","kind":"roads","osmVersion":1,"osmEditedAt":"2020-01-02T11:59:48Z","sourceUrl":"https://www.openstreetmap.org/way/760160335","insideCampus":true,"tags":{"highway":"service"}},"geometry":{"type":"LineString","coordinates":[[108.2902514,22.8497927],[108.2902162,22.8499604]]}},{"type":"Feature","id":"way/760160336","properties":{"id":"way/760160336","name":"","kind":"roads","osmVersion":1,"osmEditedAt":"2020-01-02T11:59:48Z","sourceUrl":"https://www.openstreetmap.org/way/760160336","insideCampus":true,"tags":{"highway":"service"}},"geometry":{"type":"LineString","coordinates":[[108.2895527,22.8496238],[108.2894932,22.8498428],[108.2891305,22.8497828]]}},{"type":"Feature","id":"way/760160337","properties":{"id":"way/760160337","name":"","kind":"roads","osmVersion":1,"osmEditedAt":"2020-01-02T11:59:48Z","sourceUrl":"https://www.openstreetmap.org/way/760160337","insideCampus":true,"tags":{"highway":"service"}},"geometry":{"type":"LineString","coordinates":[[108.2894932,22.8498428],[108.2896128,22.8498808],[108.2896712,22.8499085],[108.2896942,22.8499297],[108.2897243,22.8499639],[108.289785,22.8500989]]}},{"type":"Feature","id":"way/760160338","properties":{"id":"way/760160338","name":"","kind":"roads","osmVersion":1,"osmEditedAt":"2020-01-02T11:59:48Z","sourceUrl":"https://www.openstreetmap.org/way/760160338","insideCampus":true,"tags":{"highway":"service"}},"geometry":{"type":"LineString","coordinates":[[108.2882744,22.8489023],[108.2907378,22.8493357]]}},{"type":"Feature","id":"way/760160339","properties":{"id":"way/760160339","name":"","kind":"roads","osmVersion":1,"osmEditedAt":"2020-01-02T11:59:48Z","sourceUrl":"https://www.openstreetmap.org/way/760160339","insideCampus":true,"tags":{"highway":"service"}},"geometry":{"type":"LineString","coordinates":[[108.2894628,22.8496053],[108.2895711,22.8491305]]}},{"type":"Feature","id":"way/760160340","properties":{"id":"way/760160340","name":"","kind":"roads","osmVersion":1,"osmEditedAt":"2020-01-02T11:59:48Z","sourceUrl":"https://www.openstreetmap.org/way/760160340","insideCampus":true,"tags":{"highway":"service"}},"geometry":{"type":"LineString","coordinates":[[108.2900067,22.8497329],[108.2900638,22.8494423],[108.2901191,22.8492269]]}},{"type":"Feature","id":"way/760160341","properties":{"id":"way/760160341","name":"","kind":"roads","osmVersion":1,"osmEditedAt":"2020-01-02T11:59:48Z","sourceUrl":"https://www.openstreetmap.org/way/760160341","insideCampus":true,"tags":{"highway":"service"}},"geometry":{"type":"LineString","coordinates":[[108.2886678,22.8491535],[108.2887022,22.8489776],[108.2887539,22.8487747],[108.2887773,22.8486381],[108.2887865,22.8486212],[108.2888342,22.8486053],[108.289303,22.8486679]]}},{"type":"Feature","id":"way/760160342","properties":{"id":"way/760160342","name":"","kind":"roads","osmVersion":1,"osmEditedAt":"2020-01-02T11:59:48Z","sourceUrl":"https://www.openstreetmap.org/way/760160342","insideCampus":true,"tags":{"highway":"service"}},"geometry":{"type":"LineString","coordinates":[[108.2887539,22.8487747],[108.2892803,22.848887]]}},{"type":"Feature","id":"way/760160343","properties":{"id":"way/760160343","name":"","kind":"roads","osmVersion":1,"osmEditedAt":"2020-01-02T11:59:48Z","sourceUrl":"https://www.openstreetmap.org/way/760160343","insideCampus":true,"tags":{"highway":"service"}},"geometry":{"type":"LineString","coordinates":[[108.2893157,22.8487617],[108.2906097,22.8490148]]}},{"type":"Feature","id":"way/760160344","properties":{"id":"way/760160344","name":"","kind":"roads","osmVersion":1,"osmEditedAt":"2020-01-02T11:59:48Z","sourceUrl":"https://www.openstreetmap.org/way/760160344","insideCampus":true,"tags":{"highway":"service"}},"geometry":{"type":"LineString","coordinates":[[108.2902245,22.8492454],[108.2902868,22.8489516]]}},{"type":"Feature","id":"way/760160345","properties":{"id":"way/760160345","name":"","kind":"roads","osmVersion":1,"osmEditedAt":"2020-01-02T11:59:48Z","sourceUrl":"https://www.openstreetmap.org/way/760160345","insideCampus":true,"tags":{"highway":"service"}},"geometry":{"type":"LineString","coordinates":[[108.2903436,22.8484638],[108.2902201,22.8487269],[108.2901733,22.8489294]]}},{"type":"Feature","id":"way/760160346","properties":{"id":"way/760160346","name":"","kind":"roads","osmVersion":1,"osmEditedAt":"2020-01-02T11:59:48Z","sourceUrl":"https://www.openstreetmap.org/way/760160346","insideCampus":true,"tags":{"highway":"service"}},"geometry":{"type":"LineString","coordinates":[[108.2902201,22.8487269],[108.2897783,22.8486324],[108.2892071,22.8485177]]}},{"type":"Feature","id":"way/760160347","properties":{"id":"way/760160347","name":"","kind":"roads","osmVersion":2,"osmEditedAt":"2026-03-24T13:03:15Z","sourceUrl":"https://www.openstreetmap.org/way/760160347","insideCampus":true,"tags":{"highway":"service"}},"geometry":{"type":"LineString","coordinates":[[108.2903436,22.8484638],[108.2897631,22.8483806],[108.2894214,22.8483284],[108.2890667,22.848298]]}},{"type":"Feature","id":"way/760160348","properties":{"id":"way/760160348","name":"","kind":"roads","osmVersion":1,"osmEditedAt":"2020-01-02T11:59:48Z","sourceUrl":"https://www.openstreetmap.org/way/760160348","insideCampus":true,"tags":{"highway":"service"}},"geometry":{"type":"LineString","coordinates":[[108.2894214,22.8483284],[108.2894771,22.8480397],[108.2895172,22.8478764]]}},{"type":"Feature","id":"way/760160349","properties":{"id":"way/760160349","name":"","kind":"roads","osmVersion":1,"osmEditedAt":"2020-01-02T11:59:48Z","sourceUrl":"https://www.openstreetmap.org/way/760160349","insideCampus":true,"tags":{"highway":"service"}},"geometry":{"type":"LineString","coordinates":[[108.2897631,22.8483806],[108.2898394,22.8479052],[108.2897759,22.8476065],[108.2895172,22.8478764]]}},{"type":"Feature","id":"way/760160350","properties":{"id":"way/760160350","name":"","kind":"roads","osmVersion":1,"osmEditedAt":"2020-01-02T11:59:48Z","sourceUrl":"https://www.openstreetmap.org/way/760160350","insideCampus":true,"tags":{"highway":"service"}},"geometry":{"type":"LineString","coordinates":[[108.2894771,22.8480397],[108.2898083,22.8480925]]}},{"type":"Feature","id":"way/760160351","properties":{"id":"way/760160351","name":"","kind":"roads","osmVersion":2,"osmEditedAt":"2026-03-24T13:03:15Z","sourceUrl":"https://www.openstreetmap.org/way/760160351","insideCampus":true,"tags":{"highway":"service"}},"geometry":{"type":"LineString","coordinates":[[108.289842,22.8483919],[108.2897232,22.8488414]]}},{"type":"Feature","id":"way/760162125","properties":{"id":"way/760162125","name":"","kind":"roads","osmVersion":1,"osmEditedAt":"2020-01-02T12:12:35Z","sourceUrl":"https://www.openstreetmap.org/way/760162125","insideCampus":true,"tags":{"highway":"service"}},"geometry":{"type":"LineString","coordinates":[[108.2928103,22.8497175],[108.2937979,22.8497954]]}},{"type":"Feature","id":"way/760162126","properties":{"id":"way/760162126","name":"","kind":"roads","osmVersion":1,"osmEditedAt":"2020-01-02T12:12:35Z","sourceUrl":"https://www.openstreetmap.org/way/760162126","insideCampus":true,"tags":{"highway":"service"}},"geometry":{"type":"LineString","coordinates":[[108.2928036,22.849931],[108.2937824,22.8499876]]}},{"type":"Feature","id":"way/760162127","properties":{"id":"way/760162127","name":"","kind":"roads","osmVersion":1,"osmEditedAt":"2020-01-02T12:12:35Z","sourceUrl":"https://www.openstreetmap.org/way/760162127","insideCampus":true,"tags":{"highway":"service"}},"geometry":{"type":"LineString","coordinates":[[108.2916082,22.8500159],[108.2922411,22.8500415],[108.2927987,22.8500873]]}},{"type":"Feature","id":"way/760162128","properties":{"id":"way/760162128","name":"","kind":"roads","osmVersion":1,"osmEditedAt":"2020-01-02T12:12:35Z","sourceUrl":"https://www.openstreetmap.org/way/760162128","insideCampus":true,"tags":{"highway":"service"}},"geometry":{"type":"LineString","coordinates":[[108.2937698,22.8505976],[108.2927852,22.8505166]]}},{"type":"Feature","id":"way/760162129","properties":{"id":"way/760162129","name":"","kind":"roads","osmVersion":1,"osmEditedAt":"2020-01-02T12:12:35Z","sourceUrl":"https://www.openstreetmap.org/way/760162129","insideCampus":true,"tags":{"highway":"service"}},"geometry":{"type":"LineString","coordinates":[[108.2927833,22.8505945],[108.2916035,22.8505404]]}},{"type":"Feature","id":"way/760162130","properties":{"id":"way/760162130","name":"","kind":"roads","osmVersion":1,"osmEditedAt":"2020-01-02T12:12:35Z","sourceUrl":"https://www.openstreetmap.org/way/760162130","insideCampus":true,"tags":{"highway":"service"}},"geometry":{"type":"LineString","coordinates":[[108.2933543,22.8507902],[108.2934025,22.8503007]]}},{"type":"Feature","id":"way/760162131","properties":{"id":"way/760162131","name":"","kind":"roads","osmVersion":1,"osmEditedAt":"2020-01-02T12:12:35Z","sourceUrl":"https://www.openstreetmap.org/way/760162131","insideCampus":true,"tags":{"highway":"service"}},"geometry":{"type":"LineString","coordinates":[[108.2941254,22.8510459],[108.2935584,22.8510067],[108.2927742,22.8509576]]}},{"type":"Feature","id":"way/760162132","properties":{"id":"way/760162132","name":"","kind":"roads","osmVersion":1,"osmEditedAt":"2020-01-02T12:12:35Z","sourceUrl":"https://www.openstreetmap.org/way/760162132","insideCampus":true,"tags":{"highway":"service"}},"geometry":{"type":"LineString","coordinates":[[108.2927718,22.8510513],[108.293555,22.8511086],[108.2941167,22.8511451]]}},{"type":"Feature","id":"way/760162133","properties":{"id":"way/760162133","name":"","kind":"roads","osmVersion":1,"osmEditedAt":"2020-01-02T12:12:35Z","sourceUrl":"https://www.openstreetmap.org/way/760162133","insideCampus":true,"tags":{"highway":"service"}},"geometry":{"type":"LineString","coordinates":[[108.2935475,22.8515455],[108.292794,22.8514604]]}},{"type":"Feature","id":"way/760162134","properties":{"id":"way/760162134","name":"","kind":"roads","osmVersion":1,"osmEditedAt":"2020-01-02T12:12:35Z","sourceUrl":"https://www.openstreetmap.org/way/760162134","insideCampus":true,"tags":{"highway":"service"}},"geometry":{"type":"LineString","coordinates":[[108.2932439,22.8518244],[108.293263,22.8515134]]}},{"type":"Feature","id":"way/760167432","properties":{"id":"way/760167432","name":"19号楼","kind":"buildings","osmVersion":1,"osmEditedAt":"2020-01-02T12:47:27Z","sourceUrl":"https://www.openstreetmap.org/way/760167432","insideCampus":true,"tags":{"building":"school","name":"19号楼"},"category":"academic","height":16.5,"heightBasis":"按类型估算","facadeBasis":"按建筑类型推定","landmark":null},"geometry":{"type":"Polygon","coordinates":[[[108.2886387,22.8491268],[108.2886605,22.8490272],[108.2884265,22.8489838],[108.2884048,22.8490834],[108.2886387,22.8491268]]]}},{"type":"Feature","id":"way/760167433","properties":{"id":"way/760167433","name":"","kind":"roads","osmVersion":1,"osmEditedAt":"2020-01-02T12:47:27Z","sourceUrl":"https://www.openstreetmap.org/way/760167433","insideCampus":true,"tags":{"highway":"service"}},"geometry":{"type":"MultiLineString","coordinates":[[[108.2876608,22.8525735],[108.2875239,22.852504],[108.2874119,22.852405]],[[108.2874119,22.852405],[108.2874025,22.8523146],[108.2874072,22.8521898],[108.2873745,22.8520694],[108.2872951,22.8520134],[108.2859806,22.8514058],[108.2857167,22.8512904],[108.2856793,22.8513076],[108.2853475,22.8518277],[108.2853351,22.8518674],[108.2853382,22.8518958],[108.2853629,22.8519242],[108.2854029,22.8519412],[108.2857055,22.8520407],[108.2859152,22.8521138],[108.2859491,22.8521167],[108.285983,22.8521082],[108.2860323,22.8521053],[108.2861062,22.8521138],[108.2865006,22.852253],[108.286667,22.8523438],[108.2867348,22.8523892],[108.2867841,22.8524148],[108.2869073,22.8524517],[108.2870213,22.8524773],[108.28716,22.8524773],[108.287274,22.8524489],[108.2874119,22.852405]]]}},{"type":"Feature","id":"way/760167434","properties":{"id":"way/760167434","name":"","kind":"roads","osmVersion":1,"osmEditedAt":"2020-01-02T12:47:27Z","sourceUrl":"https://www.openstreetmap.org/way/760167434","insideCampus":true,"tags":{"highway":"service"}},"geometry":{"type":"LineString","coordinates":[[108.2857055,22.8520407],[108.2853099,22.8531018],[108.2850367,22.8532545]]}},{"type":"Feature","id":"way/760167435","properties":{"id":"way/760167435","name":"","kind":"roads","osmVersion":3,"osmEditedAt":"2026-04-23T02:17:07Z","sourceUrl":"https://www.openstreetmap.org/way/760167435","insideCampus":true,"tags":{"highway":"service"}},"geometry":{"type":"LineString","coordinates":[[108.2891344,22.8529855],[108.2888718,22.8538355],[108.2883734,22.8536952],[108.2878407,22.8535422]]}},{"type":"Feature","id":"way/760167436","properties":{"id":"way/760167436","name":"","kind":"roads","osmVersion":1,"osmEditedAt":"2020-01-02T12:47:27Z","sourceUrl":"https://www.openstreetmap.org/way/760167436","insideCampus":true,"tags":{"highway":"service"}},"geometry":{"type":"LineString","coordinates":[[108.2888718,22.8538355],[108.2898888,22.8541309],[108.2900988,22.8535487],[108.2900765,22.8532519]]}},{"type":"Feature","id":"way/760167437","properties":{"id":"way/760167437","name":"","kind":"roads","osmVersion":3,"osmEditedAt":"2026-04-23T02:17:07Z","sourceUrl":"https://www.openstreetmap.org/way/760167437","insideCampus":true,"tags":{"highway":"service"}},"geometry":{"type":"LineString","coordinates":[[108.2868563,22.8542159],[108.2875613,22.8544],[108.2881082,22.8545569],[108.2896465,22.8549831]]}},{"type":"Feature","id":"way/760167438","properties":{"id":"way/760167438","name":"","kind":"roads","osmVersion":2,"osmEditedAt":"2021-05-30T13:50:19Z","sourceUrl":"https://www.openstreetmap.org/way/760167438","insideCampus":true,"tags":{"highway":"service"}},"geometry":{"type":"LineString","coordinates":[[108.2898724,22.8557202],[108.2898957,22.8559164],[108.2906582,22.8559999],[108.2907511,22.8560186],[108.2908104,22.8560733],[108.2908426,22.856137]]}},{"type":"Feature","id":"way/760167439","properties":{"id":"way/760167439","name":"","kind":"roads","osmVersion":2,"osmEditedAt":"2021-08-18T05:08:15Z","sourceUrl":"https://www.openstreetmap.org/way/760167439","insideCampus":true,"tags":{"highway":"service"}},"geometry":{"type":"LineString","coordinates":[[108.2860719,22.856093],[108.2860064,22.8560994],[108.2852588,22.8561893],[108.285066,22.8562107]]}},{"type":"Feature","id":"way/760167440","properties":{"id":"way/760167440","name":"","kind":"roads","osmVersion":1,"osmEditedAt":"2020-01-02T12:47:27Z","sourceUrl":"https://www.openstreetmap.org/way/760167440","insideCampus":true,"tags":{"highway":"service"}},"geometry":{"type":"LineString","coordinates":[[108.2860064,22.8560994],[108.286076,22.8567174],[108.2853473,22.8567914],[108.2852588,22.8561893]]}},{"type":"Feature","id":"way/760167441","properties":{"id":"way/760167441","name":"","kind":"roads","osmVersion":2,"osmEditedAt":"2020-08-22T23:54:47Z","sourceUrl":"https://www.openstreetmap.org/way/760167441","insideCampus":true,"tags":{"highway":"service"}},"geometry":{"type":"LineString","coordinates":[[108.2859816,22.856948],[108.286076,22.8567174]]}},{"type":"Feature","id":"way/760167442","properties":{"id":"way/760167442","name":"","kind":"roads","osmVersion":1,"osmEditedAt":"2020-01-02T12:47:27Z","sourceUrl":"https://www.openstreetmap.org/way/760167442","insideCampus":true,"tags":{"highway":"service"}},"geometry":{"type":"LineString","coordinates":[[108.2859816,22.856948],[108.2858297,22.8567425]]}},{"type":"Feature","id":"way/760167443","properties":{"id":"way/760167443","name":"","kind":"roads","osmVersion":2,"osmEditedAt":"2021-08-18T05:08:15Z","sourceUrl":"https://www.openstreetmap.org/way/760167443","insideCampus":true,"tags":{"highway":"service"}},"geometry":{"type":"LineString","coordinates":[[108.286145,22.8567109],[108.2878309,22.8565242]]}},{"type":"Feature","id":"way/760167444","properties":{"id":"way/760167444","name":"","kind":"roads","osmVersion":1,"osmEditedAt":"2020-01-02T12:47:27Z","sourceUrl":"https://www.openstreetmap.org/way/760167444","insideCampus":true,"tags":{"highway":"service"}},"geometry":{"type":"LineString","coordinates":[[108.2862532,22.8566979],[108.2862641,22.8566791],[108.2862735,22.8566576],[108.2862097,22.8560772]]}},{"type":"Feature","id":"way/760167445","properties":{"id":"way/760167445","name":"","kind":"roads","osmVersion":2,"osmEditedAt":"2021-06-22T17:39:11Z","sourceUrl":"https://www.openstreetmap.org/way/760167445","insideCampus":true,"tags":{"highway":"service"}},"geometry":{"type":"LineString","coordinates":[[108.2853473,22.8567914],[108.2828699,22.8570584],[108.2829015,22.857423],[108.2829186,22.8575554]]}},{"type":"Feature","id":"way/760167446","properties":{"id":"way/760167446","name":"","kind":"roads","osmVersion":1,"osmEditedAt":"2020-01-02T12:47:27Z","sourceUrl":"https://www.openstreetmap.org/way/760167446","insideCampus":true,"tags":{"highway":"service"}},"geometry":{"type":"LineString","coordinates":[[108.285066,22.8562107],[108.2827354,22.8559169],[108.2828699,22.8570584]]}},{"type":"Feature","id":"way/760167447","properties":{"id":"way/760167447","name":"","kind":"roads","osmVersion":4,"osmEditedAt":"2025-02-07T09:15:21Z","sourceUrl":"https://www.openstreetmap.org/way/760167447","insideCampus":true,"tags":{"highway":"service"}},"geometry":{"type":"MultiLineString","coordinates":[[[108.2827354,22.8559169],[108.2825006,22.8558996],[108.2824396,22.8558883],[108.282401,22.855864],[108.2823766,22.8558303],[108.2823583,22.8557853],[108.2822751,22.8554545],[108.2822456,22.8554396],[108.2822054,22.8554298],[108.281677,22.8553581],[108.2807324,22.8552345],[108.2806842,22.8552147],[108.2806412,22.8551875],[108.2806144,22.8551505],[108.2806037,22.8551035],[108.2805956,22.8550294],[108.280711,22.8542582],[108.280711,22.8542187],[108.2806922,22.8541668],[108.280652,22.8541396],[108.280224,22.8538934],[108.2801811,22.8538638],[108.2801408,22.8538217],[108.2800764,22.8537328],[108.2799596,22.8536127],[108.2799336,22.8535951],[108.2799046,22.8535808],[108.2798726,22.8535721]],[[108.2798726,22.8535721],[108.2797734,22.8535647],[108.2797036,22.8535845],[108.279658,22.8536413],[108.2796419,22.8537229],[108.2796312,22.8540912],[108.2796339,22.8541183],[108.2796446,22.8541455],[108.2796661,22.8541579],[108.2797251,22.8541653],[108.279819,22.8541851],[108.2798458,22.8541801],[108.2798619,22.8541554],[108.2798726,22.8535721]]]}},{"type":"Feature","id":"way/760167448","properties":{"id":"way/760167448","name":"","kind":"roads","osmVersion":1,"osmEditedAt":"2020-01-02T12:47:27Z","sourceUrl":"https://www.openstreetmap.org/way/760167448","insideCampus":true,"tags":{"highway":"service"}},"geometry":{"type":"LineString","coordinates":[[108.2796326,22.8540419],[108.2791562,22.8540565]]}},{"type":"Feature","id":"way/760167449","properties":{"id":"way/760167449","name":"","kind":"roads","osmVersion":1,"osmEditedAt":"2020-01-02T12:47:27Z","sourceUrl":"https://www.openstreetmap.org/way/760167449","insideCampus":true,"tags":{"highway":"service"}},"geometry":{"type":"LineString","coordinates":[[108.2810483,22.856506],[108.2812341,22.8553001]]}},{"type":"Feature","id":"way/760167450","properties":{"id":"way/760167450","name":"","kind":"roads","osmVersion":1,"osmEditedAt":"2020-01-02T12:47:27Z","sourceUrl":"https://www.openstreetmap.org/way/760167450","insideCampus":true,"tags":{"highway":"service"}},"geometry":{"type":"LineString","coordinates":[[108.285066,22.8562107],[108.2844136,22.8562929],[108.2843648,22.8563192],[108.2828046,22.8565043]]}},{"type":"Feature","id":"way/760167451","properties":{"id":"way/760167451","name":"","kind":"roads","osmVersion":1,"osmEditedAt":"2020-01-02T12:47:27Z","sourceUrl":"https://www.openstreetmap.org/way/760167451","insideCampus":true,"tags":{"highway":"service"}},"geometry":{"type":"LineString","coordinates":[[108.2843931,22.8561259],[108.2844851,22.8568843]]}},{"type":"Feature","id":"way/760167452","properties":{"id":"way/760167452","name":"","kind":"roads","osmVersion":1,"osmEditedAt":"2020-01-02T12:47:27Z","sourceUrl":"https://www.openstreetmap.org/way/760167452","insideCampus":true,"tags":{"highway":"service"}},"geometry":{"type":"LineString","coordinates":[[108.2827681,22.8561946],[108.2815149,22.8562405]]}},{"type":"Feature","id":"way/760167453","properties":{"id":"way/760167453","name":"","kind":"roads","osmVersion":1,"osmEditedAt":"2020-01-02T12:47:27Z","sourceUrl":"https://www.openstreetmap.org/way/760167453","insideCampus":true,"tags":{"highway":"service"}},"geometry":{"type":"LineString","coordinates":[[108.282873,22.8570998],[108.2815554,22.8571367],[108.2815274,22.8571475],[108.2815128,22.8571616],[108.2814994,22.8571862],[108.2815011,22.8572163],[108.2815167,22.8572394],[108.2815387,22.8572526],[108.2815681,22.8572631],[108.2816045,22.8572701],[108.2826599,22.8572379]]}},{"type":"Feature","id":"way/760167454","properties":{"id":"way/760167454","name":"","kind":"roads","osmVersion":2,"osmEditedAt":"2021-05-30T13:50:19Z","sourceUrl":"https://www.openstreetmap.org/way/760167454","insideCampus":true,"tags":{"highway":"service"}},"geometry":{"type":"LineString","coordinates":[[108.2882098,22.8555229],[108.288157,22.8555117],[108.2865755,22.8556878]]}},{"type":"Feature","id":"way/760167455","properties":{"id":"way/760167455","name":"","kind":"roads","osmVersion":1,"osmEditedAt":"2020-01-02T12:47:27Z","sourceUrl":"https://www.openstreetmap.org/way/760167455","insideCampus":true,"tags":{"highway":"service"}},"geometry":{"type":"LineString","coordinates":[[108.2875613,22.8544],[108.287248,22.855265],[108.2872753,22.8553721],[108.2872965,22.8556075]]}},{"type":"Feature","id":"way/760167456","properties":{"id":"way/760167456","name":"","kind":"roads","osmVersion":1,"osmEditedAt":"2020-01-02T12:47:27Z","sourceUrl":"https://www.openstreetmap.org/way/760167456","insideCampus":true,"tags":{"highway":"service"}},"geometry":{"type":"LineString","coordinates":[[108.2892594,22.8502912],[108.2896165,22.8511146]]}},{"type":"Feature","id":"way/760170117","properties":{"id":"way/760170117","name":"校内建筑 760170117","kind":"buildings","osmVersion":1,"osmEditedAt":"2020-01-02T13:02:49Z","sourceUrl":"https://www.openstreetmap.org/way/760170117","insideCampus":true,"tags":{"building":"school"},"category":"academic","height":16.5,"heightBasis":"按类型估算","facadeBasis":"按建筑类型推定","landmark":null},"geometry":{"type":"Polygon","coordinates":[[[108.288921,22.8491718],[108.2889443,22.849074],[108.2887348,22.8490316],[108.2887115,22.8491294],[108.288921,22.8491718]]]}},{"type":"Feature","id":"way/760170118","properties":{"id":"way/760170118","name":"校内建筑 760170118","kind":"buildings","osmVersion":1,"osmEditedAt":"2020-01-02T13:02:49Z","sourceUrl":"https://www.openstreetmap.org/way/760170118","insideCampus":true,"tags":{"building":"school"},"category":"academic","height":16.5,"heightBasis":"按类型估算","facadeBasis":"按建筑类型推定","landmark":null},"geometry":{"type":"Polygon","coordinates":[[[108.2889651,22.848948],[108.2889586,22.8489741],[108.2889981,22.8489824],[108.2890254,22.8488725],[108.2888714,22.84884],[108.2888433,22.8489535],[108.2888868,22.8489626],[108.2888942,22.8489331],[108.2889651,22.848948]]]}},{"type":"Feature","id":"way/760170119","properties":{"id":"way/760170119","name":"校内建筑 760170119","kind":"buildings","osmVersion":1,"osmEditedAt":"2020-01-02T13:02:49Z","sourceUrl":"https://www.openstreetmap.org/way/760170119","insideCampus":true,"tags":{"building":"school"},"category":"academic","height":16.5,"heightBasis":"按类型估算","facadeBasis":"按建筑类型推定","landmark":null},"geometry":{"type":"Polygon","coordinates":[[[108.2890005,22.8487823],[108.2890261,22.8486787],[108.2888088,22.8486331],[108.2887832,22.8487367],[108.2890005,22.8487823]]]}},{"type":"Feature","id":"way/760170120","properties":{"id":"way/760170120","name":"校内建筑 760170120","kind":"buildings","osmVersion":1,"osmEditedAt":"2020-01-02T13:02:49Z","sourceUrl":"https://www.openstreetmap.org/way/760170120","insideCampus":true,"tags":{"building":"school"},"category":"academic","height":16.5,"heightBasis":"按类型估算","facadeBasis":"按建筑类型推定","landmark":null},"geometry":{"type":"Polygon","coordinates":[[[108.2892567,22.8488331],[108.2892809,22.8487335],[108.2890601,22.8486881],[108.2890359,22.8487877],[108.2892567,22.8488331]]]}},{"type":"Feature","id":"way/760170121","properties":{"id":"way/760170121","name":"校内建筑 760170121","kind":"buildings","osmVersion":1,"osmEditedAt":"2020-01-02T13:02:49Z","sourceUrl":"https://www.openstreetmap.org/way/760170121","insideCampus":true,"tags":{"building":"school"},"category":"academic","height":16.5,"heightBasis":"按类型估算","facadeBasis":"按建筑类型推定","landmark":null},"geometry":{"type":"Polygon","coordinates":[[[108.2894541,22.8479867],[108.2894722,22.8478917],[108.2892297,22.8478528],[108.2892117,22.8479476],[108.2894541,22.8479867]]]}},{"type":"Feature","id":"way/760170122","properties":{"id":"way/760170122","name":"26号楼","kind":"buildings","osmVersion":1,"osmEditedAt":"2020-01-02T13:02:49Z","sourceUrl":"https://www.openstreetmap.org/way/760170122","insideCampus":true,"tags":{"building":"school","name":"26号楼"},"category":"academic","height":16.5,"heightBasis":"按类型估算","facadeBasis":"按建筑类型推定","landmark":null},"geometry":{"type":"Polygon","coordinates":[[[108.2893918,22.8482217],[108.2894121,22.8481271],[108.2891706,22.8480832],[108.2891503,22.8481778],[108.2893918,22.8482217]]]}},{"type":"Feature","id":"way/760170123","properties":{"id":"way/760170123","name":"25号楼","kind":"buildings","osmVersion":1,"osmEditedAt":"2020-01-02T13:02:49Z","sourceUrl":"https://www.openstreetmap.org/way/760170123","insideCampus":true,"tags":{"building":"school","name":"25号楼"},"category":"academic","height":16.5,"heightBasis":"按类型估算","facadeBasis":"按建筑类型推定","landmark":null},"geometry":{"type":"Polygon","coordinates":[[[108.2897118,22.8482825],[108.289732,22.8481879],[108.2894906,22.848144],[108.2894702,22.8482385],[108.2897118,22.8482825]]]}},{"type":"Feature","id":"way/760170124","properties":{"id":"way/760170124","name":"23号楼","kind":"buildings","osmVersion":1,"osmEditedAt":"2020-01-02T13:02:49Z","sourceUrl":"https://www.openstreetmap.org/way/760170124","insideCampus":true,"tags":{"building":"school","name":"23号楼"},"category":"academic","height":16.5,"heightBasis":"按类型估算","facadeBasis":"按建筑类型推定","landmark":null},"geometry":{"type":"Polygon","coordinates":[[[108.2897707,22.8480363],[108.2897887,22.8479414],[108.2895463,22.8479023],[108.2895282,22.8479973],[108.2897707,22.8480363]]]}},{"type":"Feature","id":"way/760170125","properties":{"id":"way/760170125","name":"校内建筑 760170125","kind":"buildings","osmVersion":1,"osmEditedAt":"2020-01-02T13:02:49Z","sourceUrl":"https://www.openstreetmap.org/way/760170125","insideCampus":true,"tags":{"building":"school"},"category":"academic","height":16.5,"heightBasis":"按类型估算","facadeBasis":"按建筑类型推定","landmark":null},"geometry":{"type":"Polygon","coordinates":[[[108.2901321,22.8483652],[108.2901534,22.8482708],[108.2899124,22.8482246],[108.289891,22.848319],[108.2901321,22.8483652]]]}},{"type":"Feature","id":"way/760170126","properties":{"id":"way/760170126","name":"27号楼","kind":"buildings","osmVersion":1,"osmEditedAt":"2020-01-02T13:02:49Z","sourceUrl":"https://www.openstreetmap.org/way/760170126","insideCampus":true,"tags":{"building":"school","name":"27号楼"},"category":"academic","height":16.5,"heightBasis":"按类型估算","facadeBasis":"按建筑类型推定","landmark":null},"geometry":{"type":"Polygon","coordinates":[[[108.2902002,22.8486966],[108.2902283,22.8485785],[108.2898606,22.8485042],[108.2898325,22.8486223],[108.2902002,22.8486966]]]}},{"type":"Feature","id":"way/760170127","properties":{"id":"way/760170127","name":"校内建筑 760170127","kind":"buildings","osmVersion":1,"osmEditedAt":"2020-01-02T13:02:49Z","sourceUrl":"https://www.openstreetmap.org/way/760170127","insideCampus":true,"tags":{"building":"school"},"category":"academic","height":16.5,"heightBasis":"按类型估算","facadeBasis":"按建筑类型推定","landmark":null},"geometry":{"type":"Polygon","coordinates":[[[108.290132,22.8489031],[108.2901601,22.848785],[108.2897923,22.8487107],[108.2897642,22.8488288],[108.290132,22.8489031]]]}},{"type":"Feature","id":"way/760170128","properties":{"id":"way/760170128","name":"29号楼","kind":"buildings","osmVersion":1,"osmEditedAt":"2020-01-02T13:02:49Z","sourceUrl":"https://www.openstreetmap.org/way/760170128","insideCampus":true,"tags":{"building":"school","name":"29号楼"},"category":"academic","height":16.5,"heightBasis":"按类型估算","facadeBasis":"按建筑类型推定","landmark":null},"geometry":{"type":"Polygon","coordinates":[[[108.2897064,22.848813],[108.2897345,22.8486948],[108.2893668,22.8486206],[108.2893387,22.8487387],[108.2897064,22.848813]]]}},{"type":"Feature","id":"way/760170129","properties":{"id":"way/760170129","name":"东校园中区28栋","kind":"buildings","osmVersion":1,"osmEditedAt":"2020-01-02T13:02:49Z","sourceUrl":"https://www.openstreetmap.org/way/760170129","insideCampus":true,"tags":{"building":"school","name":"东校园中区28栋"},"category":"academic","height":16.5,"heightBasis":"按类型估算","facadeBasis":"按建筑类型推定","landmark":null},"geometry":{"type":"Polygon","coordinates":[[[108.2897586,22.8486091],[108.2897861,22.8484938],[108.2892353,22.8483821],[108.2892078,22.8484975],[108.2897586,22.8486091]]]}},{"type":"Feature","id":"way/760170130","properties":{"id":"way/760170130","name":"东校园中区33栋","kind":"buildings","osmVersion":2,"osmEditedAt":"2026-03-24T13:03:15Z","sourceUrl":"https://www.openstreetmap.org/way/760170130","insideCampus":true,"tags":{"building":"school","name":"东校园中区33栋"},"category":"academic","height":16.5,"heightBasis":"按类型估算","facadeBasis":"按建筑类型推定","landmark":null},"geometry":{"type":"Polygon","coordinates":[[[108.2901815,22.8491696],[108.290209,22.8490527],[108.289662,22.8489495],[108.2896345,22.8490649],[108.2901815,22.8491696]]]}},{"type":"Feature","id":"way/760170131","properties":{"id":"way/760170131","name":"校内建筑 760170131","kind":"buildings","osmVersion":1,"osmEditedAt":"2020-01-02T13:02:49Z","sourceUrl":"https://www.openstreetmap.org/way/760170131","insideCampus":true,"tags":{"building":"school"},"category":"academic","height":16.5,"heightBasis":"按类型估算","facadeBasis":"按建筑类型推定","landmark":null},"geometry":{"type":"Polygon","coordinates":[[[108.2896071,22.849024],[108.2896202,22.8489606],[108.2893743,22.8489174],[108.2893611,22.8489807],[108.2896071,22.849024]]]}},{"type":"Feature","id":"way/760170132","properties":{"id":"way/760170132","name":"36号楼","kind":"buildings","osmVersion":1,"osmEditedAt":"2020-01-02T13:02:49Z","sourceUrl":"https://www.openstreetmap.org/way/760170132","insideCampus":true,"tags":{"building":"school","name":"36号楼"},"category":"academic","height":16.5,"heightBasis":"按类型估算","facadeBasis":"按建筑类型推定","landmark":null},"geometry":{"type":"Polygon","coordinates":[[[108.2905019,22.8492218],[108.2905244,22.8491041],[108.2903107,22.8490694],[108.2902882,22.8491871],[108.2905019,22.8492218]]]}},{"type":"Feature","id":"way/760170133","properties":{"id":"way/760170133","name":"32号楼","kind":"buildings","osmVersion":1,"osmEditedAt":"2020-01-02T13:02:49Z","sourceUrl":"https://www.openstreetmap.org/way/760170133","insideCampus":true,"tags":{"building":"school","name":"32号楼"},"category":"academic","height":16.5,"heightBasis":"按类型估算","facadeBasis":"按建筑类型推定","landmark":null},"geometry":{"type":"Polygon","coordinates":[[[108.2904011,22.8489001],[108.2904099,22.8488615],[108.2904476,22.8488688],[108.2904563,22.8488302],[108.2902491,22.8487902],[108.2902315,22.8488673],[108.2904011,22.8489001]]]}},{"type":"Feature","id":"way/760170134","properties":{"id":"way/760170134","name":"东校园中区37栋","kind":"buildings","osmVersion":1,"osmEditedAt":"2020-01-02T13:02:49Z","sourceUrl":"https://www.openstreetmap.org/way/760170134","insideCampus":true,"tags":{"building":"school","name":"东校园中区37栋"},"category":"academic","height":16.5,"heightBasis":"按类型估算","facadeBasis":"按建筑类型推定","landmark":null},"geometry":{"type":"Polygon","coordinates":[[[108.2894114,22.8492773],[108.2894367,22.8491679],[108.2891345,22.8491087],[108.2891093,22.8492181],[108.2894114,22.8492773]]]}},{"type":"Feature","id":"way/760170135","properties":{"id":"way/760170135","name":"校内建筑 760170135","kind":"buildings","osmVersion":1,"osmEditedAt":"2020-01-02T13:02:49Z","sourceUrl":"https://www.openstreetmap.org/way/760170135","insideCampus":true,"tags":{"building":"school"},"category":"academic","height":16.5,"heightBasis":"按类型估算","facadeBasis":"按建筑类型推定","landmark":null},"geometry":{"type":"Polygon","coordinates":[[[108.2893695,22.8495212],[108.2893912,22.8494156],[108.2890858,22.8493624],[108.2890641,22.849468],[108.2893695,22.8495212]]]}},{"type":"Feature","id":"way/760170136","properties":{"id":"way/760170136","name":"校内建筑 760170136","kind":"buildings","osmVersion":1,"osmEditedAt":"2020-01-02T13:02:49Z","sourceUrl":"https://www.openstreetmap.org/way/760170136","insideCampus":true,"tags":{"building":"school"},"category":"academic","height":16.5,"heightBasis":"按类型估算","facadeBasis":"按建筑类型推定","landmark":null},"geometry":{"type":"Polygon","coordinates":[[[108.2899515,22.8496457],[108.2899773,22.8495248],[108.2895038,22.8494388],[108.2894779,22.8495598],[108.2899515,22.8496457]]]}},{"type":"Feature","id":"way/760170137","properties":{"id":"way/760170137","name":"校内建筑 760170137","kind":"buildings","osmVersion":1,"osmEditedAt":"2020-01-02T13:02:49Z","sourceUrl":"https://www.openstreetmap.org/way/760170137","insideCampus":true,"tags":{"building":"school"},"category":"academic","height":16.5,"heightBasis":"按类型估算","facadeBasis":"按建筑类型推定","landmark":null},"geometry":{"type":"Polygon","coordinates":[[[108.2900269,22.8493975],[108.2900545,22.8492747],[108.2895637,22.8491809],[108.2895361,22.8493038],[108.2900269,22.8493975]]]}},{"type":"Feature","id":"way/760170138","properties":{"id":"way/760170138","name":"","kind":"roads","osmVersion":1,"osmEditedAt":"2020-01-02T13:02:49Z","sourceUrl":"https://www.openstreetmap.org/way/760170138","insideCampus":true,"tags":{"highway":"service"}},"geometry":{"type":"LineString","coordinates":[[108.2906855,22.8495499],[108.2907378,22.8493357]]}},{"type":"Feature","id":"way/760170139","properties":{"id":"way/760170139","name":"东校园中区42栋","kind":"buildings","osmVersion":1,"osmEditedAt":"2020-01-02T13:02:49Z","sourceUrl":"https://www.openstreetmap.org/way/760170139","insideCampus":true,"tags":{"building":"school","name":"东校园中区42栋"},"category":"academic","height":16.5,"heightBasis":"按类型估算","facadeBasis":"按建筑类型推定","landmark":null},"geometry":{"type":"Polygon","coordinates":[[[108.290534,22.8497521],[108.2905589,22.8496348],[108.2900945,22.8495512],[108.2900696,22.8496686],[108.290534,22.8497521]]]}},{"type":"Feature","id":"way/760170140","properties":{"id":"way/760170140","name":"东校园中区39栋","kind":"buildings","osmVersion":1,"osmEditedAt":"2020-01-02T13:02:49Z","sourceUrl":"https://www.openstreetmap.org/way/760170140","insideCampus":true,"tags":{"building":"school","name":"东校园中区39栋"},"category":"academic","height":16.5,"heightBasis":"按类型估算","facadeBasis":"按建筑类型推定","landmark":null},"geometry":{"type":"Polygon","coordinates":[[[108.290601,22.8495092],[108.2906266,22.8493923],[108.2901671,22.8493067],[108.2901415,22.8494236],[108.290601,22.8495092]]]}},{"type":"Feature","id":"way/760170141","properties":{"id":"way/760170141","name":"校内建筑 760170141","kind":"buildings","osmVersion":1,"osmEditedAt":"2020-01-02T13:02:49Z","sourceUrl":"https://www.openstreetmap.org/way/760170141","insideCampus":true,"tags":{"building":"school"},"category":"academic","height":16.5,"heightBasis":"按类型估算","facadeBasis":"按建筑类型推定","landmark":null},"geometry":{"type":"Polygon","coordinates":[[[108.2894466,22.849791],[108.2894675,22.8496818],[108.2891635,22.8496322],[108.2891425,22.8497415],[108.2894466,22.849791]]]}},{"type":"Feature","id":"way/760170142","properties":{"id":"way/760170142","name":"43号楼","kind":"buildings","osmVersion":1,"osmEditedAt":"2020-01-02T13:02:49Z","sourceUrl":"https://www.openstreetmap.org/way/760170142","insideCampus":true,"tags":{"building":"school","name":"43号楼"},"category":"academic","height":16.5,"heightBasis":"按类型估算","facadeBasis":"按建筑类型推定","landmark":null},"geometry":{"type":"Polygon","coordinates":[[[108.290023,22.8499149],[108.2900484,22.849795],[108.2895851,22.849712],[108.2895598,22.8498318],[108.290023,22.8499149]]]}},{"type":"Feature","id":"way/760170143","properties":{"id":"way/760170143","name":"校内建筑 760170143","kind":"buildings","osmVersion":1,"osmEditedAt":"2020-01-02T13:02:49Z","sourceUrl":"https://www.openstreetmap.org/way/760170143","insideCampus":true,"tags":{"building":"school"},"category":"academic","height":16.5,"heightBasis":"按类型估算","facadeBasis":"按建筑类型推定","landmark":null},"geometry":{"type":"Polygon","coordinates":[[[108.2894796,22.8500734],[108.2895008,22.8499666],[108.2892697,22.8499277],[108.2892486,22.8500344],[108.2894796,22.8500734]]]}},{"type":"Feature","id":"way/760176656","properties":{"id":"way/760176656","name":"校内建筑 760176656","kind":"buildings","osmVersion":1,"osmEditedAt":"2020-01-02T13:34:03Z","sourceUrl":"https://www.openstreetmap.org/way/760176656","insideCampus":true,"tags":{"building":"school"},"category":"academic","height":16.5,"heightBasis":"按类型估算","facadeBasis":"按建筑类型推定","landmark":null},"geometry":{"type":"Polygon","coordinates":[[[108.2889418,22.850614],[108.2887651,22.850681],[108.2888558,22.850884],[108.2890325,22.850817],[108.2889418,22.850614]]]}},{"type":"Feature","id":"way/760176657","properties":{"id":"way/760176657","name":"校内建筑 760176657","kind":"buildings","osmVersion":1,"osmEditedAt":"2020-01-02T13:34:03Z","sourceUrl":"https://www.openstreetmap.org/way/760176657","insideCampus":true,"tags":{"building":"school"},"category":"academic","height":16.5,"heightBasis":"按类型估算","facadeBasis":"按建筑类型推定","landmark":null},"geometry":{"type":"Polygon","coordinates":[[[108.2893916,22.8507918],[108.2893152,22.8506197],[108.2890712,22.8507117],[108.2891476,22.8508839],[108.2893916,22.8507918]]]}},{"type":"Feature","id":"way/760176658","properties":{"id":"way/760176658","name":"校内建筑 760176658","kind":"buildings","osmVersion":1,"osmEditedAt":"2020-01-02T13:34:03Z","sourceUrl":"https://www.openstreetmap.org/way/760176658","insideCampus":true,"tags":{"building":"school"},"category":"academic","height":16.5,"heightBasis":"按类型估算","facadeBasis":"按建筑类型推定","landmark":null},"geometry":{"type":"Polygon","coordinates":[[[108.2896042,22.8505232],[108.2895351,22.8503769],[108.2893425,22.8504542],[108.2894115,22.8506004],[108.2896042,22.8505232]]]}},{"type":"Feature","id":"way/760176659","properties":{"id":"way/760176659","name":"校内建筑 760176659","kind":"buildings","osmVersion":2,"osmEditedAt":"2021-06-20T15:15:01Z","sourceUrl":"https://www.openstreetmap.org/way/760176659","insideCampus":true,"tags":{"building":"yes","leisure":"sports_hall"},"category":"culture","height":6.6,"heightBasis":"按类型估算","facadeBasis":"按建筑类型推定","landmark":null},"geometry":{"type":"Polygon","coordinates":[[[108.2913964,22.8505654],[108.2914036,22.8500802],[108.2910116,22.8500752],[108.2910043,22.8505605],[108.2913964,22.8505654]]]}},{"type":"Feature","id":"way/760176660","properties":{"id":"way/760176660","name":"校内建筑 760176660","kind":"buildings","osmVersion":1,"osmEditedAt":"2020-01-02T13:34:03Z","sourceUrl":"https://www.openstreetmap.org/way/760176660","insideCampus":true,"tags":{"building":"school"},"category":"academic","height":16.5,"heightBasis":"按类型估算","facadeBasis":"按建筑类型推定","landmark":null},"geometry":{"type":"Polygon","coordinates":[[[108.291421,22.8523433],[108.29142,22.8521849],[108.2908621,22.8521879],[108.2908631,22.8523462],[108.291421,22.8523433]]]}},{"type":"Feature","id":"way/760176661","properties":{"id":"way/760176661","name":"校内建筑 760176661","kind":"buildings","osmVersion":1,"osmEditedAt":"2020-01-02T13:34:03Z","sourceUrl":"https://www.openstreetmap.org/way/760176661","insideCampus":true,"tags":{"building":"school"},"category":"academic","height":16.5,"heightBasis":"按类型估算","facadeBasis":"按建筑类型推定","landmark":null},"geometry":{"type":"Polygon","coordinates":[[[108.2908885,22.8527545],[108.2909053,22.8526265],[108.2905905,22.8525915],[108.2905737,22.8527195],[108.2908885,22.8527545]]]}},{"type":"Feature","id":"way/760176662","properties":{"id":"way/760176662","name":"校内建筑 760176662","kind":"buildings","osmVersion":1,"osmEditedAt":"2020-01-02T13:34:03Z","sourceUrl":"https://www.openstreetmap.org/way/760176662","insideCampus":true,"tags":{"building":"school"},"category":"academic","height":16.5,"heightBasis":"按类型估算","facadeBasis":"按建筑类型推定","landmark":null},"geometry":{"type":"Polygon","coordinates":[[[108.2904484,22.8530422],[108.2904857,22.8527646],[108.2903503,22.8527474],[108.2903106,22.8530293],[108.2904484,22.8530422]]]}},{"type":"Feature","id":"way/760176663","properties":{"id":"way/760176663","name":"校内建筑 760176663","kind":"buildings","osmVersion":1,"osmEditedAt":"2020-01-02T13:34:03Z","sourceUrl":"https://www.openstreetmap.org/way/760176663","insideCampus":true,"tags":{"building":"school"},"category":"academic","height":16.5,"heightBasis":"按类型估算","facadeBasis":"按建筑类型推定","landmark":null},"geometry":{"type":"Polygon","coordinates":[[[108.2906153,22.8530584],[108.2906527,22.8527808],[108.2905173,22.8527636],[108.2904776,22.8530454],[108.2906153,22.8530584]]]}},{"type":"Feature","id":"way/760176664","properties":{"id":"way/760176664","name":"校内建筑 760176664","kind":"buildings","osmVersion":1,"osmEditedAt":"2020-01-02T13:34:03Z","sourceUrl":"https://www.openstreetmap.org/way/760176664","insideCampus":true,"tags":{"building":"school"},"category":"academic","height":16.5,"heightBasis":"按类型估算","facadeBasis":"按建筑类型推定","landmark":null},"geometry":{"type":"Polygon","coordinates":[[[108.2907928,22.8530842],[108.2908302,22.8528066],[108.2906947,22.8527894],[108.290655,22.8530713],[108.2907928,22.8530842]]]}},{"type":"Feature","id":"way/760176668","properties":{"id":"way/760176668","name":"校内建筑 760176668","kind":"buildings","osmVersion":2,"osmEditedAt":"2021-06-23T06:09:07Z","sourceUrl":"https://www.openstreetmap.org/way/760176668","insideCampus":true,"tags":{"building":"dormitory"},"category":"living","height":19.799999999999997,"heightBasis":"按类型估算","facadeBasis":"按建筑类型推定","landmark":null},"geometry":{"type":"Polygon","coordinates":[[[108.2921958,22.847705],[108.2922026,22.8476219],[108.2921326,22.847617],[108.2921365,22.8475684],[108.2920189,22.8475628],[108.2920139,22.8476148],[108.2919258,22.8476088],[108.2919196,22.8476859],[108.2921958,22.847705]]]}},{"type":"Feature","id":"way/760176669","properties":{"id":"way/760176669","name":"","kind":"roads","osmVersion":1,"osmEditedAt":"2020-01-02T13:34:03Z","sourceUrl":"https://www.openstreetmap.org/way/760176669","insideCampus":true,"tags":{"highway":"service"}},"geometry":{"type":"LineString","coordinates":[[108.2923152,22.8470635],[108.2922756,22.8475167]]}},{"type":"Feature","id":"way/760176670","properties":{"id":"way/760176670","name":"13栋","kind":"buildings","osmVersion":1,"osmEditedAt":"2020-01-02T13:34:03Z","sourceUrl":"https://www.openstreetmap.org/way/760176670","insideCampus":true,"tags":{"building":"dormitory","layer":"1","name":"13栋"},"category":"living","height":19.799999999999997,"heightBasis":"按类型估算","facadeBasis":"按建筑类型推定","landmark":null},"geometry":{"type":"Polygon","coordinates":[[[108.2920605,22.8472097],[108.2917753,22.847196],[108.2917651,22.8473754],[108.2920512,22.8473892],[108.2920526,22.8473645],[108.2925684,22.8473893],[108.2925669,22.8474151],[108.2928212,22.8474273],[108.2928308,22.8472568],[108.2925528,22.8472435],[108.2925549,22.8472062],[108.2920621,22.8471826],[108.2920605,22.8472097]]]}},{"type":"Feature","id":"way/760176671","properties":{"id":"way/760176671","name":"14栋","kind":"buildings","osmVersion":1,"osmEditedAt":"2020-01-02T13:34:03Z","sourceUrl":"https://www.openstreetmap.org/way/760176671","insideCampus":true,"tags":{"building":"dormitory","name":"14栋"},"category":"living","height":19.799999999999997,"heightBasis":"按类型估算","facadeBasis":"按建筑类型推定","landmark":null},"geometry":{"type":"Polygon","coordinates":[[[108.2928267,22.8477221],[108.2928308,22.8475831],[108.2927478,22.847583],[108.2927456,22.8476229],[108.2924212,22.8476124],[108.2924229,22.8475701],[108.2923184,22.8475667],[108.292313,22.8477053],[108.2928267,22.8477221]]]}},{"type":"Feature","id":"way/760176673","properties":{"id":"way/760176673","name":"11号楼","kind":"buildings","osmVersion":1,"osmEditedAt":"2020-01-02T13:34:03Z","sourceUrl":"https://www.openstreetmap.org/way/760176673","insideCampus":true,"tags":{"building":"school","name":"11号楼"},"category":"academic","height":16.5,"heightBasis":"按类型估算","facadeBasis":"按建筑类型推定","landmark":null},"geometry":{"type":"Polygon","coordinates":[[[108.2914106,22.8481233],[108.2914202,22.8480124],[108.2907802,22.8479655],[108.2907706,22.8480762],[108.2914106,22.8481233]]]}},{"type":"Feature","id":"way/760176674","properties":{"id":"way/760176674","name":"东校园东区12栋","kind":"buildings","osmVersion":1,"osmEditedAt":"2020-01-02T13:34:03Z","sourceUrl":"https://www.openstreetmap.org/way/760176674","insideCampus":true,"tags":{"building":"school","name":"东校园东区12栋"},"category":"academic","height":16.5,"heightBasis":"按类型估算","facadeBasis":"按建筑类型推定","landmark":null},"geometry":{"type":"Polygon","coordinates":[[[108.2920504,22.8481645],[108.2920621,22.8480462],[108.2915064,22.8480118],[108.2914947,22.8481193],[108.2920504,22.8481645]]]}},{"type":"Feature","id":"way/760176675","properties":{"id":"way/760176675","name":"15号楼","kind":"buildings","osmVersion":1,"osmEditedAt":"2020-01-02T13:34:03Z","sourceUrl":"https://www.openstreetmap.org/way/760176675","insideCampus":true,"tags":{"building":"school","name":"15号楼"},"category":"academic","height":16.5,"heightBasis":"按类型估算","facadeBasis":"按建筑类型推定","landmark":null},"geometry":{"type":"Polygon","coordinates":[[[108.2920229,22.8484436],[108.2920353,22.8483249],[108.2914851,22.8482761],[108.2914727,22.8483949],[108.2920229,22.8484436]]]}},{"type":"Feature","id":"way/760176676","properties":{"id":"way/760176676","name":"14号楼","kind":"buildings","osmVersion":1,"osmEditedAt":"2020-01-02T13:34:03Z","sourceUrl":"https://www.openstreetmap.org/way/760176676","insideCampus":true,"tags":{"building":"school","name":"14号楼"},"category":"academic","height":16.5,"heightBasis":"按类型估算","facadeBasis":"按建筑类型推定","landmark":null},"geometry":{"type":"Polygon","coordinates":[[[108.2919909,22.8486775],[108.2919956,22.8485851],[108.2914644,22.8485625],[108.2914598,22.8486548],[108.2919909,22.8486775]]]}},{"type":"Feature","id":"way/760176677","properties":{"id":"way/760176677","name":"校内建筑 760176677","kind":"buildings","osmVersion":1,"osmEditedAt":"2020-01-02T13:34:03Z","sourceUrl":"https://www.openstreetmap.org/way/760176677","insideCampus":true,"tags":{"building":"school"},"category":"academic","height":16.5,"heightBasis":"按类型估算","facadeBasis":"按建筑类型推定","landmark":null},"geometry":{"type":"Polygon","coordinates":[[[108.2913488,22.8483481],[108.2913551,22.8482517],[108.2908966,22.8482264],[108.2908903,22.8483227],[108.2913488,22.8483481]]]}},{"type":"Feature","id":"way/760176678","properties":{"id":"way/760176678","name":"13号楼","kind":"buildings","osmVersion":1,"osmEditedAt":"2020-01-02T13:34:03Z","sourceUrl":"https://www.openstreetmap.org/way/760176678","insideCampus":true,"tags":{"building":"school","name":"13号楼"},"category":"academic","height":16.5,"heightBasis":"按类型估算","facadeBasis":"按建筑类型推定","landmark":null},"geometry":{"type":"Polygon","coordinates":[[[108.291321,22.8485777],[108.2913311,22.8484741],[108.2909743,22.8484446],[108.2909642,22.8485482],[108.291321,22.8485777]]]}},{"type":"Feature","id":"way/760176679","properties":{"id":"way/760176679","name":"10号楼","kind":"buildings","osmVersion":1,"osmEditedAt":"2020-01-02T13:34:03Z","sourceUrl":"https://www.openstreetmap.org/way/760176679","insideCampus":true,"tags":{"building":"dormitory","name":"10号楼"},"category":"living","height":19.799999999999997,"heightBasis":"按类型估算","facadeBasis":"按建筑类型推定","landmark":null},"geometry":{"type":"Polygon","coordinates":[[[108.2913063,22.848798],[108.2913127,22.8486988],[108.2911638,22.8486906],[108.2911573,22.8487898],[108.2913063,22.848798]]]}},{"type":"Feature","id":"way/760176680","properties":{"id":"way/760176680","name":"16号楼","kind":"buildings","osmVersion":1,"osmEditedAt":"2020-01-02T13:34:03Z","sourceUrl":"https://www.openstreetmap.org/way/760176680","insideCampus":true,"tags":{"building":"dormitory","name":"16号楼"},"category":"living","height":19.799999999999997,"heightBasis":"按类型估算","facadeBasis":"按建筑类型推定","landmark":null},"geometry":{"type":"Polygon","coordinates":[[[108.2918215,22.8490931],[108.2918308,22.8489871],[108.2914169,22.8489565],[108.2914077,22.8490624],[108.2918215,22.8490931]]]}},{"type":"Feature","id":"way/760176681","properties":{"id":"way/760176681","name":"17号楼","kind":"buildings","osmVersion":1,"osmEditedAt":"2020-01-02T13:34:03Z","sourceUrl":"https://www.openstreetmap.org/way/760176681","insideCampus":true,"tags":{"building":"dormitory","name":"17号楼"},"category":"living","height":19.799999999999997,"heightBasis":"按类型估算","facadeBasis":"按建筑类型推定","landmark":null},"geometry":{"type":"Polygon","coordinates":[[[108.2918818,22.8493503],[108.291891,22.8492443],[108.2914772,22.8492137],[108.291468,22.8493197],[108.2918818,22.8493503]]]}},{"type":"Feature","id":"way/760176682","properties":{"id":"way/760176682","name":"东校园东区20栋","kind":"buildings","osmVersion":1,"osmEditedAt":"2020-01-02T13:34:03Z","sourceUrl":"https://www.openstreetmap.org/way/760176682","insideCampus":true,"tags":{"building":"dormitory","name":"东校园东区20栋"},"category":"living","height":19.799999999999997,"heightBasis":"按类型估算","facadeBasis":"按建筑类型推定","landmark":null},"geometry":{"type":"Polygon","coordinates":[[[108.2922076,22.8491065],[108.292209,22.849085],[108.2923767,22.8490947],[108.2923748,22.8491219],[108.2924981,22.849129],[108.2925002,22.8490975],[108.2926733,22.8491076],[108.2926796,22.8490153],[108.2919647,22.8489739],[108.2919567,22.8490919],[108.2922076,22.8491065]]]}},{"type":"Feature","id":"way/760176683","properties":{"id":"way/760176683","name":"22号楼","kind":"buildings","osmVersion":1,"osmEditedAt":"2020-01-02T13:34:03Z","sourceUrl":"https://www.openstreetmap.org/way/760176683","insideCampus":true,"tags":{"building":"dormitory","name":"22号楼"},"category":"living","height":19.799999999999997,"heightBasis":"按类型估算","facadeBasis":"按建筑类型推定","landmark":null},"geometry":{"type":"Polygon","coordinates":[[[108.2927847,22.849393],[108.2927885,22.8493141],[108.292594,22.8493064],[108.292597,22.8492431],[108.2925261,22.8492402],[108.2925194,22.8493823],[108.2927847,22.849393]]]}},{"type":"Feature","id":"way/760176684","properties":{"id":"way/760176684","name":"校内建筑 760176684","kind":"buildings","osmVersion":1,"osmEditedAt":"2020-01-02T13:34:03Z","sourceUrl":"https://www.openstreetmap.org/way/760176684","insideCampus":true,"tags":{"building":"dormitory"},"category":"living","height":19.799999999999997,"heightBasis":"按类型估算","facadeBasis":"按建筑类型推定","landmark":null},"geometry":{"type":"Polygon","coordinates":[[[108.2924283,22.8494324],[108.2924384,22.8492691],[108.2919655,22.8492444],[108.2919555,22.8494076],[108.2924283,22.8494324]]]}},{"type":"Feature","id":"way/760176685","properties":{"id":"way/760176685","name":"23号楼","kind":"buildings","osmVersion":1,"osmEditedAt":"2020-01-02T13:34:03Z","sourceUrl":"https://www.openstreetmap.org/way/760176685","insideCampus":true,"tags":{"building":"dormitory","name":"23号楼"},"category":"living","height":19.799999999999997,"heightBasis":"按类型估算","facadeBasis":"按建筑类型推定","landmark":null},"geometry":{"type":"Polygon","coordinates":[[[108.2927044,22.8496684],[108.2927134,22.8495598],[108.2924393,22.8495404],[108.2924302,22.849649],[108.2927044,22.8496684]]]}},{"type":"Feature","id":"way/760176686","properties":{"id":"way/760176686","name":"34号楼","kind":"buildings","osmVersion":1,"osmEditedAt":"2020-01-02T13:34:03Z","sourceUrl":"https://www.openstreetmap.org/way/760176686","insideCampus":true,"tags":{"building":"dormitory","name":"34号楼"},"category":"living","height":19.799999999999997,"heightBasis":"按类型估算","facadeBasis":"按建筑类型推定","landmark":null},"geometry":{"type":"Polygon","coordinates":[[[108.2921991,22.8496725],[108.2922057,22.8495762],[108.2917047,22.8495469],[108.291698,22.849643],[108.2921991,22.8496725]]]}},{"type":"Feature","id":"way/760176687","properties":{"id":"way/760176687","name":"35号楼","kind":"buildings","osmVersion":1,"osmEditedAt":"2020-01-02T13:34:03Z","sourceUrl":"https://www.openstreetmap.org/way/760176687","insideCampus":true,"tags":{"building":"dormitory","name":"35号楼"},"category":"living","height":19.799999999999997,"heightBasis":"按类型估算","facadeBasis":"按建筑类型推定","landmark":null},"geometry":{"type":"Polygon","coordinates":[[[108.2921661,22.8499386],[108.2921728,22.8498424],[108.2916717,22.8498131],[108.2916651,22.8499092],[108.2921661,22.8499386]]]}},{"type":"Feature","id":"way/760176688","properties":{"id":"way/760176688","name":"36号楼","kind":"buildings","osmVersion":1,"osmEditedAt":"2020-01-02T13:34:03Z","sourceUrl":"https://www.openstreetmap.org/way/760176688","insideCampus":true,"tags":{"building":"dormitory","name":"36号楼"},"category":"living","height":19.799999999999997,"heightBasis":"按类型估算","facadeBasis":"按建筑类型推定","landmark":null},"geometry":{"type":"Polygon","coordinates":[[[108.2922047,22.8502013],[108.2922113,22.850105],[108.2917102,22.8500757],[108.2917036,22.8501718],[108.2922047,22.8502013]]]}},{"type":"Feature","id":"way/760176689","properties":{"id":"way/760176689","name":"38号楼","kind":"buildings","osmVersion":1,"osmEditedAt":"2020-01-02T13:34:03Z","sourceUrl":"https://www.openstreetmap.org/way/760176689","insideCampus":true,"tags":{"building":"dormitory","name":"38号楼"},"category":"living","height":19.799999999999997,"heightBasis":"按类型估算","facadeBasis":"按建筑类型推定","landmark":null},"geometry":{"type":"Polygon","coordinates":[[[108.2921862,22.8504625],[108.2921928,22.8503478],[108.2916917,22.8503185],[108.2916851,22.8504402],[108.2921862,22.8504625]]]}},{"type":"Feature","id":"way/760176690","properties":{"id":"way/760176690","name":"37号楼","kind":"buildings","osmVersion":1,"osmEditedAt":"2020-01-02T13:34:03Z","sourceUrl":"https://www.openstreetmap.org/way/760176690","insideCampus":true,"tags":{"building":"dormitory","name":"37号楼"},"category":"living","height":19.799999999999997,"heightBasis":"按类型估算","facadeBasis":"按建筑类型推定","landmark":null},"geometry":{"type":"Polygon","coordinates":[[[108.2921877,22.8507294],[108.2921944,22.8506331],[108.2917118,22.8506052],[108.2917036,22.8506999],[108.2921877,22.8507294]]]}},{"type":"Feature","id":"way/760176691","properties":{"id":"way/760176691","name":"东校园东区41栋","kind":"buildings","osmVersion":1,"osmEditedAt":"2020-01-02T13:34:03Z","sourceUrl":"https://www.openstreetmap.org/way/760176691","insideCampus":true,"tags":{"building":"dormitory","name":"东校园东区41栋"},"category":"living","height":19.799999999999997,"heightBasis":"按类型估算","facadeBasis":"按建筑类型推定","landmark":null},"geometry":{"type":"Polygon","coordinates":[[[108.2926109,22.8507433],[108.2926181,22.8506263],[108.2923721,22.8506133],[108.2923649,22.8507303],[108.2926109,22.8507433]]]}},{"type":"Feature","id":"way/760176692","properties":{"id":"way/760176692","name":"41号楼","kind":"buildings","osmVersion":1,"osmEditedAt":"2020-01-02T13:34:03Z","sourceUrl":"https://www.openstreetmap.org/way/760176692","insideCampus":true,"tags":{"building":"dormitory","name":"41号楼"},"category":"living","height":19.799999999999997,"heightBasis":"按类型估算","facadeBasis":"按建筑类型推定","landmark":null},"geometry":{"type":"Polygon","coordinates":[[[108.2926162,22.8504861],[108.2926235,22.8503691],[108.2923775,22.8503561],[108.2923703,22.8504732],[108.2926162,22.8504861]]]}},{"type":"Feature","id":"way/760176693","properties":{"id":"way/760176693","name":"42号楼","kind":"buildings","osmVersion":1,"osmEditedAt":"2020-01-02T13:34:03Z","sourceUrl":"https://www.openstreetmap.org/way/760176693","insideCampus":true,"tags":{"building":"dormitory","name":"42号楼"},"category":"living","height":19.799999999999997,"heightBasis":"按类型估算","facadeBasis":"按建筑类型推定","landmark":null},"geometry":{"type":"Polygon","coordinates":[[[108.2926264,22.8502314],[108.2926337,22.8501143],[108.2923877,22.8501014],[108.2923804,22.8502184],[108.2926264,22.8502314]]]}},{"type":"Feature","id":"way/760176694","properties":{"id":"way/760176694","name":"东校园东区24B栋","kind":"buildings","osmVersion":1,"osmEditedAt":"2020-01-02T13:34:03Z","sourceUrl":"https://www.openstreetmap.org/way/760176694","insideCampus":true,"tags":{"building":"dormitory","name":"东校园东区24B栋"},"category":"living","height":19.799999999999997,"heightBasis":"按类型估算","facadeBasis":"按建筑类型推定","landmark":null},"geometry":{"type":"Polygon","coordinates":[[[108.2926284,22.8499148],[108.2926418,22.8497959],[108.2922962,22.8497904],[108.292289,22.8499075],[108.2926284,22.8499148]]]}},{"type":"Feature","id":"way/760180261","properties":{"id":"way/760180261","name":"","kind":"roads","osmVersion":1,"osmEditedAt":"2020-01-02T13:49:46Z","sourceUrl":"https://www.openstreetmap.org/way/760180261","insideCampus":true,"tags":{"highway":"service"}},"geometry":{"type":"LineString","coordinates":[[108.2928161,22.8495342],[108.293865,22.8495913]]}},{"type":"Feature","id":"way/760180262","properties":{"id":"way/760180262","name":"29B栋","kind":"buildings","osmVersion":1,"osmEditedAt":"2020-01-02T13:49:46Z","sourceUrl":"https://www.openstreetmap.org/way/760180262","insideCampus":true,"tags":{"building":"school","name":"29B栋"},"category":"academic","height":16.5,"heightBasis":"按类型估算","facadeBasis":"按建筑类型推定","landmark":null},"geometry":{"type":"Polygon","coordinates":[[[108.2934453,22.8496997],[108.293454,22.8495854],[108.2928454,22.8495459],[108.2928367,22.8496602],[108.2934453,22.8496997]]]}},{"type":"Feature","id":"way/760180263","properties":{"id":"way/760180263","name":"东校园东区29栋","kind":"buildings","osmVersion":1,"osmEditedAt":"2020-01-02T13:49:46Z","sourceUrl":"https://www.openstreetmap.org/way/760180263","insideCampus":true,"tags":{"building":"school","name":"东校园东区29栋"},"category":"academic","height":16.5,"heightBasis":"按类型估算","facadeBasis":"按建筑类型推定","landmark":null},"geometry":{"type":"Polygon","coordinates":[[[108.2938783,22.8497211],[108.2938858,22.8496104],[108.2934897,22.8495876],[108.2934822,22.8496984],[108.2938783,22.8497211]]]}},{"type":"Feature","id":"way/760180264","properties":{"id":"way/760180264","name":"28B栋","kind":"buildings","osmVersion":1,"osmEditedAt":"2020-01-02T13:49:46Z","sourceUrl":"https://www.openstreetmap.org/way/760180264","insideCampus":true,"tags":{"building":"school","name":"28B栋"},"category":"academic","height":16.5,"heightBasis":"按类型估算","facadeBasis":"按建筑类型推定","landmark":null},"geometry":{"type":"Polygon","coordinates":[[[108.2931259,22.8498952],[108.293132,22.849803],[108.2928492,22.8497871],[108.2928431,22.8498792],[108.2931259,22.8498952]]]}},{"type":"Feature","id":"way/760180265","properties":{"id":"way/760180265","name":"东校园东区26栋","kind":"buildings","osmVersion":1,"osmEditedAt":"2020-01-02T13:49:46Z","sourceUrl":"https://www.openstreetmap.org/way/760180265","insideCampus":true,"tags":{"building":"school","name":"东校园东区26栋"},"category":"academic","height":16.5,"heightBasis":"按类型估算","facadeBasis":"按建筑类型推定","landmark":null},"geometry":{"type":"Polygon","coordinates":[[[108.2935264,22.8499245],[108.2935313,22.8498305],[108.2931513,22.8498135],[108.2931463,22.8499074],[108.2935264,22.8499245]]]}},{"type":"Feature","id":"way/760180266","properties":{"id":"way/760180266","name":"东校园东区28栋","kind":"buildings","osmVersion":1,"osmEditedAt":"2020-01-02T13:49:46Z","sourceUrl":"https://www.openstreetmap.org/way/760180266","insideCampus":true,"tags":{"building":"school","name":"东校园东区28栋"},"category":"academic","height":16.5,"heightBasis":"按类型估算","facadeBasis":"按建筑类型推定","landmark":null},"geometry":{"type":"Polygon","coordinates":[[[108.2938407,22.8499436],[108.2938478,22.8498514],[108.2935597,22.8498326],[108.2935526,22.8499248],[108.2938407,22.8499436]]]}},{"type":"Feature","id":"way/760180267","properties":{"id":"way/760180267","name":"25号楼","kind":"buildings","osmVersion":1,"osmEditedAt":"2020-01-02T13:49:46Z","sourceUrl":"https://www.openstreetmap.org/way/760180267","insideCampus":true,"tags":{"building":"school","name":"25号楼"},"category":"academic","height":16.5,"heightBasis":"按类型估算","facadeBasis":"按建筑类型推定","landmark":null},"geometry":{"type":"Polygon","coordinates":[[[108.2929293,22.8501311],[108.2929278,22.8501563],[108.2929623,22.8501581],[108.2929638,22.8501346],[108.29302,22.8501376],[108.2930186,22.8501595],[108.2930566,22.8501615],[108.2930558,22.8501741],[108.2931508,22.8501791],[108.2931594,22.8500404],[108.2929278,22.8500283],[108.2929263,22.8500515],[108.2928824,22.8500492],[108.2928775,22.8501284],[108.2929293,22.8501311]]]}},{"type":"Feature","id":"way/760180268","properties":{"id":"way/760180268","name":"47号楼","kind":"buildings","osmVersion":1,"osmEditedAt":"2020-01-02T13:49:46Z","sourceUrl":"https://www.openstreetmap.org/way/760180268","insideCampus":true,"tags":{"building":"school","name":"47号楼"},"category":"academic","height":16.5,"heightBasis":"按类型估算","facadeBasis":"按建筑类型推定","landmark":null},"geometry":{"type":"Polygon","coordinates":[[[108.2937948,22.850226],[108.2938066,22.850091],[108.293212,22.8500468],[108.2932002,22.8501818],[108.2937948,22.850226]]]}},{"type":"Feature","id":"way/760180269","properties":{"id":"way/760180269","name":"东校园东区42栋","kind":"buildings","osmVersion":1,"osmEditedAt":"2020-01-02T13:49:46Z","sourceUrl":"https://www.openstreetmap.org/way/760180269","insideCampus":true,"tags":{"building":"school","name":"东校园东区42栋"},"category":"academic","height":16.5,"heightBasis":"按类型估算","facadeBasis":"按建筑类型推定","landmark":null},"geometry":{"type":"Polygon","coordinates":[[[108.2932747,22.8504339],[108.2932836,22.8503331],[108.2928503,22.8503005],[108.2928413,22.8504012],[108.2932747,22.8504339]]]}},{"type":"Feature","id":"way/760180270","properties":{"id":"way/760180270","name":"东校园东区43栋","kind":"buildings","osmVersion":1,"osmEditedAt":"2020-01-02T13:49:46Z","sourceUrl":"https://www.openstreetmap.org/way/760180270","insideCampus":true,"tags":{"building":"school","name":"东校园东区43栋"},"category":"academic","height":16.5,"heightBasis":"按类型估算","facadeBasis":"按建筑类型推定","landmark":null},"geometry":{"type":"Polygon","coordinates":[[[108.293259,22.8506951],[108.293268,22.8505943],[108.2928346,22.8505617],[108.2928257,22.8506624],[108.293259,22.8506951]]]}},{"type":"Feature","id":"way/760180271","properties":{"id":"way/760180271","name":"44号楼","kind":"buildings","osmVersion":1,"osmEditedAt":"2020-01-02T13:49:46Z","sourceUrl":"https://www.openstreetmap.org/way/760180271","insideCampus":true,"tags":{"building":"school","name":"44号楼"},"category":"academic","height":16.5,"heightBasis":"按类型估算","facadeBasis":"按建筑类型推定","landmark":null},"geometry":{"type":"Polygon","coordinates":[[[108.2934492,22.850954],[108.2934573,22.8508446],[108.2928207,22.8508048],[108.2928127,22.850914],[108.2934492,22.850954]]]}},{"type":"Feature","id":"way/760180272","properties":{"id":"way/760180272","name":"45号楼","kind":"buildings","osmVersion":1,"osmEditedAt":"2020-01-02T13:49:46Z","sourceUrl":"https://www.openstreetmap.org/way/760180272","insideCampus":true,"tags":{"building":"school","name":"45号楼"},"category":"academic","height":16.5,"heightBasis":"按类型估算","facadeBasis":"按建筑类型推定","landmark":null},"geometry":{"type":"Polygon","coordinates":[[[108.2934338,22.8512138],[108.2934429,22.851111],[108.2928063,22.8510711],[108.2927983,22.8511804],[108.2934338,22.8512138]]]}},{"type":"Feature","id":"way/760180273","properties":{"id":"way/760180273","name":"校内建筑 760180273","kind":"buildings","osmVersion":1,"osmEditedAt":"2020-01-02T13:49:46Z","sourceUrl":"https://www.openstreetmap.org/way/760180273","insideCampus":true,"tags":{"building":"school"},"category":"academic","height":16.5,"heightBasis":"按类型估算","facadeBasis":"按建筑类型推定","landmark":null},"geometry":{"type":"Polygon","coordinates":[[[108.2931956,22.8513351],[108.2928306,22.851316],[108.2928239,22.8514245],[108.2931889,22.8514437],[108.2931956,22.8513351]]]}},{"type":"Feature","id":"way/760180274","properties":{"id":"way/760180274","name":"52号楼","kind":"buildings","osmVersion":1,"osmEditedAt":"2020-01-02T13:49:46Z","sourceUrl":"https://www.openstreetmap.org/way/760180274","insideCampus":true,"tags":{"building":"school","name":"52号楼"},"category":"academic","height":16.5,"heightBasis":"按类型估算","facadeBasis":"按建筑类型推定","landmark":null},"geometry":{"type":"Polygon","coordinates":[[[108.2935263,22.851521],[108.2935345,22.8513994],[108.2932991,22.8513859],[108.2932909,22.8515074],[108.2935263,22.851521]]]}},{"type":"Feature","id":"way/760180275","properties":{"id":"way/760180275","name":"54号楼","kind":"buildings","osmVersion":1,"osmEditedAt":"2020-01-02T13:49:46Z","sourceUrl":"https://www.openstreetmap.org/way/760180275","insideCampus":true,"tags":{"building":"school","name":"54号楼"},"category":"academic","height":16.5,"heightBasis":"按类型估算","facadeBasis":"按建筑类型推定","landmark":null},"geometry":{"type":"Polygon","coordinates":[[[108.2931913,22.8517243],[108.2932013,22.8516019],[108.2929561,22.8515849],[108.2929461,22.8517073],[108.2931913,22.8517243]]]}},{"type":"Feature","id":"way/760180276","properties":{"id":"way/760180276","name":"53号楼","kind":"buildings","osmVersion":1,"osmEditedAt":"2020-01-02T13:49:46Z","sourceUrl":"https://www.openstreetmap.org/way/760180276","insideCampus":true,"tags":{"building":"school","name":"53号楼"},"category":"academic","height":16.5,"heightBasis":"按类型估算","facadeBasis":"按建筑类型推定","landmark":null},"geometry":{"type":"Polygon","coordinates":[[[108.2935265,22.8517899],[108.2935395,22.8516638],[108.2932975,22.8516425],[108.2932845,22.8517686],[108.2935265,22.8517899]]]}},{"type":"Feature","id":"way/760180277","properties":{"id":"way/760180277","name":"49号楼","kind":"buildings","osmVersion":1,"osmEditedAt":"2020-01-02T13:49:46Z","sourceUrl":"https://www.openstreetmap.org/way/760180277","insideCampus":true,"tags":{"building":"school","name":"49号楼"},"category":"academic","height":16.5,"heightBasis":"按类型估算","facadeBasis":"按建筑类型推定","landmark":null},"geometry":{"type":"Polygon","coordinates":[[[108.2940506,22.8512898],[108.2940603,22.8511644],[108.2935733,22.8511322],[108.2935636,22.8512575],[108.2940506,22.8512898]]]}},{"type":"Feature","id":"way/760180278","properties":{"id":"way/760180278","name":"东校园东区50栋","kind":"buildings","osmVersion":1,"osmEditedAt":"2020-01-02T13:49:46Z","sourceUrl":"https://www.openstreetmap.org/way/760180278","insideCampus":true,"tags":{"building":"school","name":"东校园东区50栋"},"category":"academic","height":16.5,"heightBasis":"按类型估算","facadeBasis":"按建筑类型推定","landmark":null},"geometry":{"type":"Polygon","coordinates":[[[108.2940884,22.8510197],[108.2940963,22.8508955],[108.293587,22.8508681],[108.2935791,22.8509922],[108.2940884,22.8510197]]]}},{"type":"Feature","id":"way/760180279","properties":{"id":"way/760180279","name":"校内建筑 760180279","kind":"buildings","osmVersion":1,"osmEditedAt":"2020-01-02T13:49:46Z","sourceUrl":"https://www.openstreetmap.org/way/760180279","insideCampus":true,"tags":{"building":"school"},"category":"academic","height":16.5,"heightBasis":"按类型估算","facadeBasis":"按建筑类型推定","landmark":null},"geometry":{"type":"Polygon","coordinates":[[[108.2936866,22.850738],[108.2936978,22.8506174],[108.2934552,22.8505982],[108.293444,22.8507187],[108.2936866,22.850738]]]}},{"type":"Feature","id":"way/760180280","properties":{"id":"way/760180280","name":"48号楼","kind":"buildings","osmVersion":1,"osmEditedAt":"2020-01-02T13:49:46Z","sourceUrl":"https://www.openstreetmap.org/way/760180280","insideCampus":true,"tags":{"building":"school","name":"48号楼"},"category":"academic","height":16.5,"heightBasis":"按类型估算","facadeBasis":"按建筑类型推定","landmark":null},"geometry":{"type":"Polygon","coordinates":[[[108.2937092,22.8504694],[108.2937203,22.8503518],[108.293478,22.8503324],[108.2934669,22.85045],[108.2937092,22.8504694]]]}},{"type":"Feature","id":"way/760187414","properties":{"id":"way/760187414","name":"校内建筑 760187414","kind":"buildings","osmVersion":1,"osmEditedAt":"2020-01-02T14:22:18Z","sourceUrl":"https://www.openstreetmap.org/way/760187414","insideCampus":true,"tags":{"building":"school"},"category":"academic","height":16.5,"heightBasis":"按类型估算","facadeBasis":"按建筑类型推定","landmark":null},"geometry":{"type":"Polygon","coordinates":[[[108.2838719,22.8562957],[108.2839465,22.8562837],[108.2839715,22.8562356],[108.2843354,22.8562431],[108.2843455,22.8562094],[108.2843455,22.8561757],[108.2843374,22.8561607],[108.2837865,22.8561307],[108.2828637,22.85623],[108.2828779,22.8563817],[108.2838719,22.8562957]]]}},{"type":"Feature","id":"way/760187415","properties":{"id":"way/760187415","name":"校内建筑 760187415","kind":"buildings","osmVersion":1,"osmEditedAt":"2020-01-02T14:22:18Z","sourceUrl":"https://www.openstreetmap.org/way/760187415","insideCampus":true,"tags":{"building":"school"},"category":"academic","height":16.5,"heightBasis":"按类型估算","facadeBasis":"按建筑类型推定","landmark":null},"geometry":{"type":"Polygon","coordinates":[[[108.2826003,22.8560802],[108.2825966,22.8560091],[108.2815369,22.8560555],[108.2815405,22.8561265],[108.2826003,22.8560802]]]}},{"type":"Feature","id":"way/760187416","properties":{"id":"way/760187416","name":"学生宿舍7栋","kind":"buildings","osmVersion":1,"osmEditedAt":"2020-01-02T14:22:18Z","sourceUrl":"https://www.openstreetmap.org/way/760187416","insideCampus":true,"tags":{"building":"school","name":"学生宿舍7栋"},"category":"living","height":19.799999999999997,"heightBasis":"按类型估算","facadeBasis":"按建筑类型推定","landmark":null},"geometry":{"type":"Polygon","coordinates":[[[108.2827417,22.8563949],[108.2827348,22.856228],[108.2815303,22.8562699],[108.2815371,22.8564365],[108.2827417,22.8563949]]]}},{"type":"Feature","id":"way/760187417","properties":{"id":"way/760187417","name":"学生宿舍6栋","kind":"buildings","osmVersion":1,"osmEditedAt":"2020-01-02T14:22:18Z","sourceUrl":"https://www.openstreetmap.org/way/760187417","insideCampus":true,"tags":{"building":"school","name":"学生宿舍6栋"},"category":"living","height":19.799999999999997,"heightBasis":"按类型估算","facadeBasis":"按建筑类型推定","landmark":null},"geometry":{"type":"Polygon","coordinates":[[[108.282749,22.8567178],[108.282742,22.8565507],[108.2815388,22.856594],[108.2815459,22.8567609],[108.282749,22.8567178]]]}},{"type":"Feature","id":"way/760187418","properties":{"id":"way/760187418","name":"校内建筑 760187418","kind":"buildings","osmVersion":1,"osmEditedAt":"2020-01-02T14:22:18Z","sourceUrl":"https://www.openstreetmap.org/way/760187418","insideCampus":true,"tags":{"building":"school"},"category":"academic","height":16.5,"heightBasis":"按类型估算","facadeBasis":"按建筑类型推定","landmark":null},"geometry":{"type":"Polygon","coordinates":[[[108.2828053,22.8570046],[108.2827994,22.8568708],[108.2816166,22.8569152],[108.2816225,22.8570488],[108.2828053,22.8570046]]]}},{"type":"Feature","id":"way/760187419","properties":{"id":"way/760187419","name":"北苑餐厅","kind":"buildings","osmVersion":2,"osmEditedAt":"2021-06-22T17:39:11Z","sourceUrl":"https://www.openstreetmap.org/way/760187419","insideCampus":true,"tags":{"amenity":"restaurant","building":"school","name":"北苑餐厅"},"category":"living","height":19.799999999999997,"heightBasis":"按类型估算","facadeBasis":"按建筑类型推定","landmark":null},"geometry":{"type":"Polygon","coordinates":[[[108.2852882,22.8567489],[108.2852117,22.8562176],[108.2844774,22.8563074],[108.2845539,22.8568386],[108.2852882,22.8567489]]]}},{"type":"Feature","id":"way/760187420","properties":{"id":"way/760187420","name":"校内建筑 760187420","kind":"buildings","osmVersion":1,"osmEditedAt":"2020-01-02T14:22:18Z","sourceUrl":"https://www.openstreetmap.org/way/760187420","insideCampus":true,"tags":{"building":"school","layer":"1"},"category":"academic","height":16.5,"heightBasis":"按类型估算","facadeBasis":"按建筑类型推定","landmark":null},"geometry":{"type":"Polygon","coordinates":[[[108.2799267,22.8541365],[108.2799508,22.8536084],[108.2797118,22.8535991],[108.2796876,22.8541272],[108.2799267,22.8541365]]]}},{"type":"Feature","id":"way/760187421","properties":{"id":"way/760187421","name":"校内建筑 760187421","kind":"buildings","osmVersion":1,"osmEditedAt":"2020-01-02T14:22:18Z","sourceUrl":"https://www.openstreetmap.org/way/760187421","insideCampus":true,"tags":{"building":"school"},"category":"academic","height":16.5,"heightBasis":"按类型估算","facadeBasis":"按建筑类型推定","landmark":null},"geometry":{"type":"Polygon","coordinates":[[[108.2801673,22.8544881],[108.2802087,22.8543728],[108.2796275,22.8541959],[108.2795861,22.8543111],[108.2801673,22.8544881]]]}},{"type":"Feature","id":"way/760187422","properties":{"id":"way/760187422","name":"校内建筑 760187422","kind":"buildings","osmVersion":1,"osmEditedAt":"2020-01-02T14:22:18Z","sourceUrl":"https://www.openstreetmap.org/way/760187422","insideCampus":true,"tags":{"building":"school"},"category":"academic","height":16.5,"heightBasis":"按类型估算","facadeBasis":"按建筑类型推定","landmark":null},"geometry":{"type":"Polygon","coordinates":[[[108.2801139,22.8547764],[108.2801681,22.8545065],[108.2800451,22.8544855],[108.2799908,22.8547554],[108.2801139,22.8547764]]]}},{"type":"Feature","id":"way/760187423","properties":{"id":"way/760187423","name":"校内建筑 760187423","kind":"buildings","osmVersion":1,"osmEditedAt":"2020-01-02T14:22:18Z","sourceUrl":"https://www.openstreetmap.org/way/760187423","insideCampus":true,"tags":{"building":"school"},"category":"academic","height":16.5,"heightBasis":"按类型估算","facadeBasis":"按建筑类型推定","landmark":null},"geometry":{"type":"Polygon","coordinates":[[[108.2800979,22.8548872],[108.2801186,22.854791],[108.2795097,22.8546796],[108.279489,22.8547757],[108.2800979,22.8548872]]]}},{"type":"Feature","id":"way/760193718","properties":{"id":"way/760193718","name":"","kind":"roads","osmVersion":5,"osmEditedAt":"2026-04-23T02:17:07Z","sourceUrl":"https://www.openstreetmap.org/way/760193718","insideCampus":true,"tags":{"highway":"service"}},"geometry":{"type":"LineString","coordinates":[[108.2811574,22.8399491],[108.2821132,22.8399615]]}},{"type":"Feature","id":"way/760193719","properties":{"id":"way/760193719","name":"","kind":"roads","osmVersion":3,"osmEditedAt":"2026-03-24T13:03:15Z","sourceUrl":"https://www.openstreetmap.org/way/760193719","insideCampus":true,"tags":{"highway":"residential"}},"geometry":{"type":"LineString","coordinates":[[108.2909853,22.8496619],[108.2908867,22.8497088],[108.2905281,22.8498584],[108.290024,22.8500233],[108.2894792,22.8501956],[108.2891865,22.850323],[108.2888938,22.8505028],[108.2886124,22.8507504],[108.2884466,22.8509074],[108.2882528,22.8510992]]}},{"type":"Feature","id":"way/760193720","properties":{"id":"way/760193720","name":"","kind":"roads","osmVersion":4,"osmEditedAt":"2025-02-07T09:15:21Z","sourceUrl":"https://www.openstreetmap.org/way/760193720","insideCampus":true,"tags":{"highway":"residential"}},"geometry":{"type":"LineString","coordinates":[[108.2913476,22.8564306],[108.2912237,22.8555733],[108.2911455,22.8548232],[108.2911849,22.8545031],[108.2912546,22.8541991],[108.2914055,22.8536248],[108.2914662,22.8534298],[108.2914823,22.8532458],[108.291544,22.8517923],[108.2916015,22.8507601],[108.2916102,22.8497873],[108.2916021,22.8496936],[108.2915614,22.8495962],[108.2914157,22.8494222],[108.2913101,22.8492415],[108.2906271,22.8481424],[108.2905246,22.8479226],[108.2902571,22.8474735]]}},{"type":"Feature","id":"way/760193721","properties":{"id":"way/760193721","name":"","kind":"roads","osmVersion":3,"osmEditedAt":"2021-06-22T17:15:44Z","sourceUrl":"https://www.openstreetmap.org/way/760193721","insideCampus":true,"tags":{"bridge":"yes","highway":"residential","layer":"1"}},"geometry":{"type":"LineString","coordinates":[[108.2909853,22.8496619],[108.2913552,22.8494578]]}},{"type":"Feature","id":"way/760193722","properties":{"id":"way/760193722","name":"","kind":"roads","osmVersion":1,"osmEditedAt":"2020-01-02T15:00:02Z","sourceUrl":"https://www.openstreetmap.org/way/760193722","insideCampus":true,"tags":{"highway":"service"}},"geometry":{"type":"LineString","coordinates":[[108.2921565,22.8481146],[108.2928594,22.8481581]]}},{"type":"Feature","id":"way/760193723","properties":{"id":"way/760193723","name":"","kind":"roads","osmVersion":1,"osmEditedAt":"2020-01-02T15:00:02Z","sourceUrl":"https://www.openstreetmap.org/way/760193723","insideCampus":true,"tags":{"highway":"service"}},"geometry":{"type":"LineString","coordinates":[[108.2921648,22.8479875],[108.2928632,22.8480344]]}},{"type":"Feature","id":"way/770011119","properties":{"id":"way/770011119","name":"","kind":"roads","osmVersion":2,"osmEditedAt":"2021-08-30T11:54:23Z","sourceUrl":"https://www.openstreetmap.org/way/770011119","insideCampus":false,"tags":{"highway":"living_street","lanes":"1","narrow":"yes"}},"geometry":{"type":"LineString","coordinates":[[108.29982757789796,22.847792297160268],[108.2998174,22.8477704],[108.2998449,22.8475609],[108.2994134,22.8473614],[108.2994371,22.8472893],[108.2987383,22.8469653],[108.2988502,22.846685]]}},{"type":"Feature","id":"way/770011146","properties":{"id":"way/770011146","name":"","kind":"roads","osmVersion":1,"osmEditedAt":"2020-02-05T17:27:15Z","sourceUrl":"https://www.openstreetmap.org/way/770011146","insideCampus":false,"tags":{"highway":"residential"}},"geometry":{"type":"LineString","coordinates":[[108.2987383,22.8469653],[108.2988987,22.8473672],[108.2981161,22.8485768]]}},{"type":"Feature","id":"way/778713779","properties":{"id":"way/778713779","name":"周边建筑 778713779","kind":"buildings","osmVersion":4,"osmEditedAt":"2026-03-24T13:03:15Z","sourceUrl":"https://www.openstreetmap.org/way/778713779","insideCampus":false,"tags":{"building":"apartments","layer":"1"},"category":"living","height":19.799999999999997,"heightBasis":"按类型估算","facadeBasis":"按建筑类型推定","landmark":null},"geometry":{"type":"Polygon","coordinates":[[[108.287742,22.8350839],[108.2878167,22.835155],[108.2878321,22.8351432],[108.2878449,22.8351581],[108.2877892,22.835218],[108.2877664,22.8351951],[108.2877892,22.8351778],[108.2877258,22.8350977],[108.287513,22.8352403],[108.2875746,22.8353206],[108.2876042,22.8353033],[108.2876189,22.8353367],[108.2875297,22.8353756],[108.2875083,22.8353416],[108.2875344,22.8353354],[108.2875002,22.8352473],[108.2872675,22.8353064],[108.2872903,22.8354022],[108.2873178,22.8353941],[108.2873172,22.8354337],[108.2872219,22.8354411],[108.2872125,22.8354077],[108.2872427,22.8354084],[108.287242,22.8353086],[108.2869913,22.8353033],[108.2869819,22.8353948],[108.2870121,22.8353972],[108.2870067,22.8354325],[108.2869028,22.8354077],[108.2869074,22.8353762],[108.286941,22.835388],[108.286979,22.8352998],[108.2867465,22.8352007],[108.2867043,22.8352897],[108.2867298,22.8353021],[108.2867063,22.8353262],[108.2866278,22.8352687],[108.2866399,22.8352532],[108.2866674,22.8352705],[108.2867327,22.8351915],[108.2865306,22.8350388],[108.2864884,22.8350913],[108.2864575,22.8350864],[108.2864407,22.8350888],[108.286426,22.8351006],[108.2864166,22.8351235],[108.2864272,22.8351492],[108.2863976,22.8351869],[108.2867571,22.8354456],[108.2870986,22.8355139],[108.2874638,22.8354799],[108.287757,22.8353515],[108.28794373165077,22.835146488621998],[108.28793207349047,22.8350638553442],[108.28789219898128,22.834911438515984],[108.287742,22.8350839]]]}},{"type":"Feature","id":"way/778713780","properties":{"id":"way/778713780","name":"","kind":"sports","osmVersion":3,"osmEditedAt":"2026-07-25T03:46:04Z","sourceUrl":"https://www.openstreetmap.org/way/778713780","insideCampus":true,"tags":{"access":"yes","leisure":"pitch","sport":"volleyball"}},"geometry":{"type":"Polygon","coordinates":[[[108.2839733,22.8444805],[108.2839708,22.84474],[108.2842079,22.844742],[108.2842104,22.8444825],[108.2839733,22.8444805]]]}},{"type":"Feature","id":"way/799249937","properties":{"id":"way/799249937","name":"","kind":"green","osmVersion":1,"osmEditedAt":"2020-05-03T00:51:00Z","sourceUrl":"https://www.openstreetmap.org/way/799249937","insideCampus":true,"tags":{"landuse":"meadow"}},"geometry":{"type":"Polygon","coordinates":[[[108.2892227,22.8450703],[108.2892857,22.8447949],[108.2886332,22.8446601],[108.2885722,22.8449373],[108.2892227,22.8450703]]]}},{"type":"Feature","id":"way/799249938","properties":{"id":"way/799249938","name":"","kind":"green","osmVersion":1,"osmEditedAt":"2020-05-03T00:51:00Z","sourceUrl":"https://www.openstreetmap.org/way/799249938","insideCampus":true,"tags":{"landuse":"forest","leaf_cycle":"evergreen","leaf_type":"mixed","produce":"wood"}},"geometry":{"type":"Polygon","coordinates":[[[108.2939027,22.8471283],[108.2939454,22.8457477],[108.2936182,22.8457289],[108.2935633,22.8458713],[108.2934962,22.8459706],[108.2934358,22.8460469],[108.2933845,22.8461521],[108.2933822,22.8462139],[108.2933132,22.8470964],[108.2939027,22.8471283]]]}},{"type":"Feature","id":"way/808580060","properties":{"id":"way/808580060","name":"","kind":"roads","osmVersion":2,"osmEditedAt":"2022-11-16T15:03:51Z","sourceUrl":"https://www.openstreetmap.org/way/808580060","insideCampus":false,"tags":{"highway":"residential"}},"geometry":{"type":"LineString","coordinates":[[108.27836942125965,22.838083219682698],[108.2788595,22.8391675]]}},{"type":"Feature","id":"way/808580061","properties":{"id":"way/808580061","name":"","kind":"roads","osmVersion":1,"osmEditedAt":"2020-05-26T22:29:33Z","sourceUrl":"https://www.openstreetmap.org/way/808580061","insideCampus":false,"tags":{"highway":"residential"}},"geometry":{"type":"LineString","coordinates":[[108.2795848,22.839082],[108.2788595,22.8391675],[108.278559,22.8392125]]}},{"type":"Feature","id":"way/808580062","properties":{"id":"way/808580062","name":"","kind":"roads","osmVersion":1,"osmEditedAt":"2020-05-26T22:29:33Z","sourceUrl":"https://www.openstreetmap.org/way/808580062","insideCampus":false,"tags":{"highway":"residential"}},"geometry":{"type":"LineString","coordinates":[[108.278559,22.8392125],[108.2785566,22.8399148],[108.2784833,22.8407858]]}},{"type":"Feature","id":"way/808580063","properties":{"id":"way/808580063","name":"","kind":"roads","osmVersion":1,"osmEditedAt":"2020-05-26T22:29:33Z","sourceUrl":"https://www.openstreetmap.org/way/808580063","insideCampus":false,"tags":{"highway":"residential"}},"geometry":{"type":"LineString","coordinates":[[108.2785584,22.8393966],[108.27823057295284,22.839442529558337]]}},{"type":"Feature","id":"way/808580065","properties":{"id":"way/808580065","name":"","kind":"roads","osmVersion":1,"osmEditedAt":"2020-05-26T22:29:33Z","sourceUrl":"https://www.openstreetmap.org/way/808580065","insideCampus":false,"tags":{"highway":"residential"}},"geometry":{"type":"LineString","coordinates":[[108.27795783155405,22.840754549138243],[108.2784833,22.8407858],[108.279645,22.8407847]]}},{"type":"Feature","id":"way/808580066","properties":{"id":"way/808580066","name":"周边建筑 808580066","kind":"buildings","osmVersion":1,"osmEditedAt":"2020-05-26T22:29:33Z","sourceUrl":"https://www.openstreetmap.org/way/808580066","insideCampus":false,"tags":{"building":"yes"},"category":"service","height":9.899999999999999,"heightBasis":"按类型估算","facadeBasis":"按建筑类型推定","landmark":null},"geometry":{"type":"Polygon","coordinates":[[[108.2783654,22.8407144],[108.2783978,22.8399727],[108.278203,22.8399967],[108.2781831,22.840417],[108.27803188230628,22.84041176403851],[108.27797263782014,22.840700765054507],[108.2783654,22.8407144]]]}},{"type":"Feature","id":"way/808580067","properties":{"id":"way/808580067","name":"周边建筑 808580067","kind":"buildings","osmVersion":1,"osmEditedAt":"2020-05-26T22:29:33Z","sourceUrl":"https://www.openstreetmap.org/way/808580067","insideCampus":false,"tags":{"building":"yes"},"category":"service","height":9.899999999999999,"heightBasis":"按类型估算","facadeBasis":"按建筑类型推定","landmark":null},"geometry":{"type":"Polygon","coordinates":[[[108.278203,22.8399967],[108.2784573,22.8399654],[108.2783916,22.8395119],[108.2782118226935,22.839533995352816],[108.27811474291467,22.84000756102192],[108.278203,22.8399967]]]}},{"type":"Feature","id":"way/808580068","properties":{"id":"way/808580068","name":"大学东路辅路","kind":"roads","osmVersion":3,"osmEditedAt":"2022-01-10T08:02:42Z","sourceUrl":"https://www.openstreetmap.org/way/808580068","insideCampus":false,"tags":{"bicycle":"no","foot":"no","highway":"tertiary","maxspeed":"30","motor_vehicle":"yes","name":"大学东路辅路","oneway":"yes","surface":"asphalt"}},"geometry":{"type":"LineString","coordinates":[[108.2802146,22.8365089],[108.2809427,22.8362035],[108.2832132,22.8355298],[108.2836393,22.8355002]]}},{"type":"Feature","id":"way/808580069","properties":{"id":"way/808580069","name":"","kind":"roads","osmVersion":3,"osmEditedAt":"2024-03-03T06:06:21Z","sourceUrl":"https://www.openstreetmap.org/way/808580069","insideCampus":false,"tags":{"highway":"residential"}},"geometry":{"type":"LineString","coordinates":[[108.2816233,22.8360016],[108.2812724,22.8340859],[108.28124547710863,22.833908586357964]]}},{"type":"Feature","id":"way/808580071","properties":{"id":"way/808580071","name":"时西巷","kind":"roads","osmVersion":2,"osmEditedAt":"2026-03-24T13:12:32Z","sourceUrl":"https://www.openstreetmap.org/way/808580071","insideCampus":false,"tags":{"highway":"residential","name":"时西巷"}},"geometry":{"type":"LineString","coordinates":[[108.28391796613576,22.833022825669016],[108.2841266,22.8336273],[108.2846655,22.8351572]]}},{"type":"Feature","id":"way/808580072","properties":{"id":"way/808580072","name":"","kind":"roads","osmVersion":1,"osmEditedAt":"2020-05-26T22:29:33Z","sourceUrl":"https://www.openstreetmap.org/way/808580072","insideCampus":false,"tags":{"highway":"residential"}},"geometry":{"type":"LineString","coordinates":[[108.2812724,22.8340859],[108.2807910547412,22.83416523379278]]}},{"type":"Feature","id":"way/808580073","properties":{"id":"way/808580073","name":"大学东路辅路","kind":"roads","osmVersion":4,"osmEditedAt":"2026-07-25T03:46:04Z","sourceUrl":"https://www.openstreetmap.org/way/808580073","insideCampus":false,"tags":{"bicycle":"no","foot":"no","highway":"tertiary","maxspeed":"30","motor_vehicle":"yes","name":"大学东路辅路","oneway":"yes","surface":"asphalt"}},"geometry":{"type":"LineString","coordinates":[[108.283373,22.8358583],[108.2830605,22.8359272],[108.2825498,22.8360874],[108.2809018,22.8365517],[108.2802681,22.8366477]]}},{"type":"Feature","id":"way/808851804","properties":{"id":"way/808851804","name":"大学东路辅路","kind":"roads","osmVersion":2,"osmEditedAt":"2026-03-24T13:03:15Z","sourceUrl":"https://www.openstreetmap.org/way/808851804","insideCampus":false,"tags":{"highway":"tertiary","name":"大学东路辅路","oneway":"yes","surface":"asphalt"}},"geometry":{"type":"LineString","coordinates":[[108.28770461454451,22.83441500338018],[108.287183,22.8345914],[108.286951,22.8346321],[108.2863435,22.8348349],[108.2860866,22.8348138]]}},{"type":"Feature","id":"way/822812173","properties":{"id":"way/822812173","name":"汇学堂","kind":"buildings","osmVersion":2,"osmEditedAt":"2021-05-30T13:50:19Z","sourceUrl":"https://www.openstreetmap.org/way/822812173","insideCampus":true,"tags":{"amenity":"arts_centre","building":"yes","height":"25","name":"汇学堂"},"category":"culture","height":25.0,"heightBasis":"OSM高度或层数","facadeBasis":"参考照片独立建模","landmark":"huixue"},"geometry":{"type":"Polygon","coordinates":[[[108.286497,22.8429342],[108.286501,22.8421951],[108.2853867,22.84219],[108.2853827,22.8429291],[108.286497,22.8429342]]]}},{"type":"Feature","id":"way/822812174","properties":{"id":"way/822812174","name":"","kind":"green","osmVersion":1,"osmEditedAt":"2020-07-04T09:33:10Z","sourceUrl":"https://www.openstreetmap.org/way/822812174","insideCampus":true,"tags":{"landuse":"grass"}},"geometry":{"type":"Polygon","coordinates":[[[108.2878182,22.8431213],[108.2878246,22.8419266],[108.2868961,22.8419224],[108.2868897,22.843117],[108.2878182,22.8431213]]]}},{"type":"Feature","id":"way/822812176","properties":{"id":"way/822812176","name":"农院路","kind":"roads","osmVersion":2,"osmEditedAt":"2021-05-30T13:50:19Z","sourceUrl":"https://www.openstreetmap.org/way/822812176","insideCampus":true,"tags":{"highway":"residential","name":"农院路","name:en":"Nongyuan Road","name:vi":"Đường Nông Viện","name:yue-Latn":"Nungjyun Lu","name:zh":"农院路"}},"geometry":{"type":"LineString","coordinates":[[108.2895827,22.842124],[108.2894484,22.8423753],[108.2893074,22.8425769],[108.2891974,22.8426956],[108.289133,22.8427574],[108.2889358,22.8429257],[108.2887776,22.8430726],[108.2886921,22.8431823]]}},{"type":"Feature","id":"way/822812177","properties":{"id":"way/822812177","name":"农院路","kind":"roads","osmVersion":2,"osmEditedAt":"2021-05-30T13:50:19Z","sourceUrl":"https://www.openstreetmap.org/way/822812177","insideCampus":true,"tags":{"bridge":"yes","highway":"residential","layer":"1","name":"农院路","name:en":"Nongyuan Road","name:vi":"Đường Nông Viện","name:yue-Latn":"Nungjyun Lu","name:zh":"农院路"}},"geometry":{"type":"LineString","coordinates":[[108.2897185,22.8418271],[108.2895827,22.842124]]}},{"type":"Feature","id":"way/822812178","properties":{"id":"way/822812178","name":"农院路","kind":"roads","osmVersion":3,"osmEditedAt":"2021-06-20T15:15:01Z","sourceUrl":"https://www.openstreetmap.org/way/822812178","insideCampus":false,"tags":{"highway":"residential","name":"农院路","name:en":"Nongyuan Road","name:vi":"Đường Nông Viện","name:yue-Latn":"Nungjyun Lu","name:zh":"农院路"}},"geometry":{"type":"LineString","coordinates":[[108.2872125,22.8452634],[108.2869792,22.8453429],[108.28677,22.8454022],[108.2865366,22.8454517],[108.2860985,22.8455061],[108.2844076,22.8457491],[108.2843987,22.8463805],[108.2843826,22.8465437],[108.2842613,22.8471674],[108.2841136,22.8479713],[108.2839933,22.848061],[108.2838192,22.8481057],[108.2836566,22.8480975],[108.2824085,22.8476551],[108.2820642,22.8476025],[108.2817138,22.8475634],[108.2814145,22.8475437],[108.2810366,22.847573],[108.2804938,22.8476705],[108.280144,22.8477693],[108.279552,22.8480161]]}},{"type":"Feature","id":"way/822812179","properties":{"id":"way/822812179","name":"农院路","kind":"roads","osmVersion":2,"osmEditedAt":"2021-05-30T13:50:19Z","sourceUrl":"https://www.openstreetmap.org/way/822812179","insideCampus":true,"tags":{"bridge":"yes","highway":"residential","layer":"1","name":"农院路","name:en":"Nongyuan Road","name:vi":"Đường Nông Viện","name:yue-Latn":"Nungjyun Lu","name:zh":"农院路"}},"geometry":{"type":"LineString","coordinates":[[108.2876032,22.8450912],[108.2872125,22.8452634]]}},{"type":"Feature","id":"way/822812180","properties":{"id":"way/822812180","name":"","kind":"roads","osmVersion":3,"osmEditedAt":"2026-03-24T13:03:15Z","sourceUrl":"https://www.openstreetmap.org/way/822812180","insideCampus":true,"tags":{"highway":"residential","lanes":"2","surface":"asphalt"}},"geometry":{"type":"LineString","coordinates":[[108.2859806,22.8514058],[108.2858902,22.8512813],[108.2858473,22.8511849],[108.285858,22.8510922],[108.2865366,22.8496215],[108.2866386,22.8493645],[108.2867137,22.8490778],[108.2867777,22.8486862],[108.2868183,22.848398],[108.2868598,22.8482065],[108.286938,22.8479606],[108.2870436,22.8476688],[108.287647,22.8461957],[108.28797,22.8453447],[108.288289,22.8445787],[108.2883149,22.8445494],[108.2883445,22.8445372],[108.2883874,22.8445395],[108.2885772,22.8445807]]}},{"type":"Feature","id":"way/822812181","properties":{"id":"way/822812181","name":"荟贤东路","kind":"roads","osmVersion":3,"osmEditedAt":"2021-06-22T17:15:44Z","sourceUrl":"https://www.openstreetmap.org/way/822812181","insideCampus":true,"tags":{"bridge":"yes","highway":"residential","layer":"1","name":"荟贤东路"}},"geometry":{"type":"LineString","coordinates":[[108.2904956,22.8467734],[108.2913512,22.8469817]]}},{"type":"Feature","id":"way/822812183","properties":{"id":"way/822812183","name":"","kind":"roads","osmVersion":5,"osmEditedAt":"2026-04-20T15:35:24Z","sourceUrl":"https://www.openstreetmap.org/way/822812183","insideCampus":true,"tags":{"highway":"residential"}},"geometry":{"type":"LineString","coordinates":[[108.2920941,22.8430448],[108.2926967,22.843061],[108.2937497,22.8430633],[108.2938363,22.8430874],[108.294567,22.8430944]]}},{"type":"Feature","id":"way/822812184","properties":{"id":"way/822812184","name":"","kind":"roads","osmVersion":6,"osmEditedAt":"2026-04-20T15:35:24Z","sourceUrl":"https://www.openstreetmap.org/way/822812184","insideCampus":true,"tags":{"highway":"residential"}},"geometry":{"type":"LineString","coordinates":[[108.2937497,22.8430633],[108.2937514,22.8426488],[108.2937661,22.8426128],[108.2937929,22.8425807],[108.2938228,22.8425604],[108.2938551,22.8425482],[108.2940911,22.8425496],[108.2941476,22.8424957],[108.2941799,22.8414911],[108.2927518,22.8414715],[108.2926967,22.843061]]}},{"type":"Feature","id":"way/822812185","properties":{"id":"way/822812185","name":"","kind":"roads","osmVersion":4,"osmEditedAt":"2021-06-22T17:15:44Z","sourceUrl":"https://www.openstreetmap.org/way/822812185","insideCampus":false,"tags":{"highway":"residential"}},"geometry":{"type":"LineString","coordinates":[[108.2934242,22.8410857],[108.2933893,22.8426425]]}},{"type":"Feature","id":"way/822812186","properties":{"id":"way/822812186","name":"秀苑餐厅","kind":"buildings","osmVersion":4,"osmEditedAt":"2026-04-20T15:35:24Z","sourceUrl":"https://www.openstreetmap.org/way/822812186","insideCampus":true,"tags":{"amenity":"restaurant","building":"university","building:levels":"5","name":"秀苑餐厅"},"category":"living","height":16.5,"heightBasis":"OSM高度或层数","facadeBasis":"按建筑类型推定","landmark":null},"geometry":{"type":"Polygon","coordinates":[[[108.294687,22.8430667],[108.2947602,22.8427116],[108.2942758,22.8427112],[108.2942758,22.8427323],[108.2941934,22.8427322],[108.2941931,22.8430038],[108.2942755,22.8430039],[108.2942754,22.8430346],[108.2945532,22.8430348],[108.294687,22.8430667]]]}},{"type":"Feature","id":"way/830595911","properties":{"id":"way/830595911","name":"","kind":"roads","osmVersion":2,"osmEditedAt":"2021-06-22T17:15:44Z","sourceUrl":"https://www.openstreetmap.org/way/830595911","insideCampus":true,"tags":{"highway":"residential"}},"geometry":{"type":"LineString","coordinates":[[108.2913552,22.8494578],[108.2914157,22.8494222]]}},{"type":"Feature","id":"way/833506387","properties":{"id":"way/833506387","name":"","kind":"roads","osmVersion":1,"osmEditedAt":"2020-08-03T12:09:13Z","sourceUrl":"https://www.openstreetmap.org/way/833506387","insideCampus":true,"tags":{"highway":"service"}},"geometry":{"type":"LineString","coordinates":[[108.2905499,22.8482126],[108.2906271,22.8481424]]}},{"type":"Feature","id":"way/833506388","properties":{"id":"way/833506388","name":"","kind":"roads","osmVersion":2,"osmEditedAt":"2020-08-05T09:00:44Z","sourceUrl":"https://www.openstreetmap.org/way/833506388","insideCampus":true,"tags":{"bridge":"yes","highway":"service","layer":"1"}},"geometry":{"type":"LineString","coordinates":[[108.2903628,22.8484413],[108.2904278,22.8483529]]}},{"type":"Feature","id":"way/834160220","properties":{"id":"way/834160220","name":"","kind":"roads","osmVersion":1,"osmEditedAt":"2020-08-05T09:00:44Z","sourceUrl":"https://www.openstreetmap.org/way/834160220","insideCampus":true,"tags":{"bridge":"yes","highway":"service","layer":"1"}},"geometry":{"type":"LineString","coordinates":[[108.2904778,22.8482945],[108.2905499,22.8482126]]}},{"type":"Feature","id":"way/834160221","properties":{"id":"way/834160221","name":"","kind":"roads","osmVersion":1,"osmEditedAt":"2020-08-05T09:00:44Z","sourceUrl":"https://www.openstreetmap.org/way/834160221","insideCampus":true,"tags":{"highway":"service"}},"geometry":{"type":"LineString","coordinates":[[108.2904278,22.8483529],[108.2904778,22.8482945]]}},{"type":"Feature","id":"way/835205119","properties":{"id":"way/835205119","name":"","kind":"roads","osmVersion":3,"osmEditedAt":"2026-03-24T13:03:15Z","sourceUrl":"https://www.openstreetmap.org/way/835205119","insideCampus":true,"tags":{"highway":"service"}},"geometry":{"type":"LineString","coordinates":[[108.2867656,22.8481084],[108.2867608,22.848064],[108.2867785,22.8479117],[108.2868451,22.8476291],[108.2871375,22.8468122],[108.2873863,22.8461452]]}},{"type":"Feature","id":"way/835205120","properties":{"id":"way/835205120","name":"稻香路","kind":"roads","osmVersion":3,"osmEditedAt":"2026-07-25T03:46:04Z","sourceUrl":"https://www.openstreetmap.org/way/835205120","insideCampus":true,"tags":{"highway":"service","name":"稻香路"}},"geometry":{"type":"LineString","coordinates":[[108.2876585,22.8513214],[108.2907311,22.8513664]]}},{"type":"Feature","id":"way/835636962","properties":{"id":"way/835636962","name":"蝶山路","kind":"roads","osmVersion":4,"osmEditedAt":"2021-06-22T17:15:44Z","sourceUrl":"https://www.openstreetmap.org/way/835636962","insideCampus":true,"tags":{"embankment":"yes","highway":"residential","name":"蝶山路"}},"geometry":{"type":"LineString","coordinates":[[108.2897831,22.8474889],[108.2898835,22.8469186]]}},{"type":"Feature","id":"way/835748951","properties":{"id":"way/835748951","name":"","kind":"roads","osmVersion":2,"osmEditedAt":"2026-03-24T13:03:15Z","sourceUrl":"https://www.openstreetmap.org/way/835748951","insideCampus":true,"tags":{"highway":"service"}},"geometry":{"type":"LineString","coordinates":[[108.2885604,22.8479457],[108.2885316,22.8480133],[108.2879811,22.8478564],[108.2868451,22.8476291]]}},{"type":"Feature","id":"way/835748952","properties":{"id":"way/835748952","name":"","kind":"roads","osmVersion":1,"osmEditedAt":"2020-08-10T11:09:58Z","sourceUrl":"https://www.openstreetmap.org/way/835748952","insideCampus":true,"tags":{"bridge":"yes","highway":"service","layer":"1"}},"geometry":{"type":"LineString","coordinates":[[108.2886137,22.8478722],[108.2885604,22.8479457]]}},{"type":"Feature","id":"way/839607557","properties":{"id":"way/839607557","name":"周边建筑 839607557","kind":"buildings","osmVersion":1,"osmEditedAt":"2020-08-22T10:52:45Z","sourceUrl":"https://www.openstreetmap.org/way/839607557","insideCampus":false,"tags":{"building":"apartments"},"category":"living","height":19.799999999999997,"heightBasis":"按类型估算","facadeBasis":"按建筑类型推定","landmark":null},"geometry":{"type":"Polygon","coordinates":[[[108.2774975,22.8507365],[108.2778587,22.8506907],[108.2778116,22.8503758],[108.27754626279619,22.85040951809982],[108.27745776625635,22.8504709334925],[108.2774975,22.8507365]]]}},{"type":"Feature","id":"way/839607558","properties":{"id":"way/839607558","name":"周边建筑 839607558","kind":"buildings","osmVersion":1,"osmEditedAt":"2020-08-22T10:52:45Z","sourceUrl":"https://www.openstreetmap.org/way/839607558","insideCampus":false,"tags":{"building":"apartments"},"category":"living","height":19.799999999999997,"heightBasis":"按类型估算","facadeBasis":"按建筑类型推定","landmark":null},"geometry":{"type":"Polygon","coordinates":[[[108.2786404,22.8503893],[108.2787004,22.8500763],[108.2783414,22.8500178],[108.2782814,22.8503309],[108.2786404,22.8503893]]]}},{"type":"Feature","id":"way/839607559","properties":{"id":"way/839607559","name":"周边建筑 839607559","kind":"buildings","osmVersion":1,"osmEditedAt":"2020-08-22T10:52:45Z","sourceUrl":"https://www.openstreetmap.org/way/839607559","insideCampus":false,"tags":{"building":"apartments"},"category":"living","height":19.799999999999997,"heightBasis":"按类型估算","facadeBasis":"按建筑类型推定","landmark":null},"geometry":{"type":"Polygon","coordinates":[[[108.2784739,22.8494774],[108.2785296,22.8491637],[108.2781698,22.8491095],[108.2781141,22.8494232],[108.2784739,22.8494774]]]}},{"type":"Feature","id":"way/839607564","properties":{"id":"way/839607564","name":"","kind":"roads","osmVersion":1,"osmEditedAt":"2020-08-22T10:52:45Z","sourceUrl":"https://www.openstreetmap.org/way/839607564","insideCampus":false,"tags":{"bridge":"yes","highway":"footway","layer":"1"}},"geometry":{"type":"LineString","coordinates":[[108.2796564,22.8454947],[108.280074,22.845542]]}},{"type":"Feature","id":"way/839607565","properties":{"id":"way/839607565","name":"","kind":"roads","osmVersion":1,"osmEditedAt":"2020-08-22T10:52:45Z","sourceUrl":"https://www.openstreetmap.org/way/839607565","insideCampus":false,"tags":{"highway":"steps"}},"geometry":{"type":"LineString","coordinates":[[108.2796343,22.8456037],[108.2796876,22.8453413]]}},{"type":"Feature","id":"way/839607566","properties":{"id":"way/839607566","name":"","kind":"roads","osmVersion":1,"osmEditedAt":"2020-08-22T10:52:45Z","sourceUrl":"https://www.openstreetmap.org/way/839607566","insideCampus":false,"tags":{"highway":"steps"}},"geometry":{"type":"LineString","coordinates":[[108.2801103,22.8453905],[108.2800435,22.8456693]]}},{"type":"Feature","id":"way/839607569","properties":{"id":"way/839607569","name":"","kind":"roads","osmVersion":1,"osmEditedAt":"2020-08-22T10:52:45Z","sourceUrl":"https://www.openstreetmap.org/way/839607569","insideCampus":false,"tags":{"highway":"residential"}},"geometry":{"type":"MultiLineString","coordinates":[[[108.277336,22.8513195],[108.27725437764221,22.8506375398792]],[[108.27732281444722,22.84884941019703],[108.2773487,22.8487373]]]}},{"type":"Feature","id":"way/839607570","properties":{"id":"way/839607570","name":"","kind":"roads","osmVersion":2,"osmEditedAt":"2023-01-16T18:27:06Z","sourceUrl":"https://www.openstreetmap.org/way/839607570","insideCampus":false,"tags":{"highway":"service"}},"geometry":{"type":"LineString","coordinates":[[108.2788735,22.8564309],[108.2787222,22.8564473],[108.278611,22.8565621],[108.2785977,22.8573779]]}},{"type":"Feature","id":"way/839711957","properties":{"id":"way/839711957","name":"","kind":"green","osmVersion":1,"osmEditedAt":"2020-08-22T19:29:38Z","sourceUrl":"https://www.openstreetmap.org/way/839711957","insideCampus":false,"tags":{"leisure":"park"}},"geometry":{"type":"Polygon","coordinates":[[[108.2814071,22.8339973],[108.282844,22.8337923],[108.2827787025192,22.833403263105374],[108.28192656804877,22.833687818715372],[108.28166498850666,22.833750383578668],[108.28139476818163,22.833841970713475],[108.28138197067086,22.833847681131452],[108.2814071,22.8339973]]]}},{"type":"Feature","id":"way/839711960","properties":{"id":"way/839711960","name":"","kind":"roads","osmVersion":3,"osmEditedAt":"2020-08-31T15:52:32Z","sourceUrl":"https://www.openstreetmap.org/way/839711960","insideCampus":true,"tags":{"highway":"footway"}},"geometry":{"type":"LineString","coordinates":[[108.2838095,22.8376549],[108.2840556,22.8376575],[108.284429,22.8376667]]}},{"type":"Feature","id":"way/839711961","properties":{"id":"way/839711961","name":"","kind":"roads","osmVersion":2,"osmEditedAt":"2020-08-31T15:52:32Z","sourceUrl":"https://www.openstreetmap.org/way/839711961","insideCampus":true,"tags":{"highway":"footway"}},"geometry":{"type":"LineString","coordinates":[[108.2846331,22.8376738],[108.2852702,22.8376818]]}},{"type":"Feature","id":"way/839763056","properties":{"id":"way/839763056","name":"","kind":"sports","osmVersion":1,"osmEditedAt":"2020-08-22T23:54:47Z","sourceUrl":"https://www.openstreetmap.org/way/839763056","insideCampus":false,"tags":{"leisure":"pitch","sport":"soccer"}},"geometry":{"type":"Polygon","coordinates":[[[108.2935308,22.8583585],[108.29352835036063,22.858367395738988],[108.29353660952867,22.858359858380457],[108.2935308,22.8583585]]]}},{"type":"Feature","id":"way/839763073","properties":{"id":"way/839763073","name":"秀厢大道","kind":"roads","osmVersion":6,"osmEditedAt":"2025-09-28T08:55:51Z","sourceUrl":"https://www.openstreetmap.org/way/839763073","insideCampus":false,"tags":{"alt_name":"快速环路","bicycle":"no","bridge":"viaduct","foot":"no","highway":"trunk","lanes":"3","layer":"1","lit":"yes","maxspeed":"80","mofa":"no","moped":"no","motor_vehicle":"designated","motorcycle":"no","motorroad":"yes","name":"秀厢大道","oneway":"yes","surface":"asphalt"}},"geometry":{"type":"LineString","coordinates":[[108.2907093,22.8568652],[108.2929391,22.8565521],[108.2944799,22.8563776],[108.2955162,22.8562363]]}},{"type":"Feature","id":"way/839763074","properties":{"id":"way/839763074","name":"","kind":"sports","osmVersion":1,"osmEditedAt":"2020-08-22T23:54:47Z","sourceUrl":"https://www.openstreetmap.org/way/839763074","insideCampus":true,"tags":{"leisure":"pitch","sport":"soccer"}},"geometry":{"type":"Polygon","coordinates":[[[108.2857561,22.8585228],[108.2857059,22.8581922],[108.2851162,22.8582682],[108.2851665,22.858599],[108.2857561,22.8585228]]]}},{"type":"Feature","id":"way/839763075","properties":{"id":"way/839763075","name":"秀厢大道","kind":"roads","osmVersion":5,"osmEditedAt":"2026-06-07T11:12:20Z","sourceUrl":"https://www.openstreetmap.org/way/839763075","insideCampus":false,"tags":{"alt_name":"快速环路","bicycle":"no","foot":"no","highway":"trunk","lanes":"3","lit":"yes","maxspeed":"80","mofa":"no","moped":"no","motor_vehicle":"designated","motorcycle":"no","motorroad":"yes","name":"秀厢大道","oneway":"yes","surface":"asphalt"}},"geometry":{"type":"LineString","coordinates":[[108.2776376,22.8579291],[108.27653584872006,22.857937258281517]]}},{"type":"Feature","id":"way/839763076","properties":{"id":"way/839763076","name":"秀厢大道","kind":"roads","osmVersion":4,"osmEditedAt":"2025-09-27T20:56:16Z","sourceUrl":"https://www.openstreetmap.org/way/839763076","insideCampus":false,"tags":{"alt_name":"快速环路","bicycle":"no","bridge":"yes","foot":"no","highway":"trunk","lanes":"3","layer":"1","lit":"yes","maxspeed":"80","mofa":"no","moped":"no","motor_vehicle":"designated","motorcycle":"no","motorroad":"yes","name":"秀厢大道","oneway":"yes","surface":"asphalt"}},"geometry":{"type":"LineString","coordinates":[[108.2807905,22.8579375],[108.2776376,22.8579291]]}},{"type":"Feature","id":"way/839763077","properties":{"id":"way/839763077","name":"秀厢大道","kind":"roads","osmVersion":4,"osmEditedAt":"2025-09-27T20:56:18Z","sourceUrl":"https://www.openstreetmap.org/way/839763077","insideCampus":false,"tags":{"alt_name":"快速环路","bicycle":"no","bridge":"yes","foot":"no","highway":"trunk","lanes":"3","layer":"1","lit":"yes","maxspeed":"80","mofa":"no","moped":"no","motor_vehicle":"designated","motorcycle":"no","motorroad":"yes","name":"秀厢大道","oneway":"yes","surface":"asphalt"}},"geometry":{"type":"LineString","coordinates":[[108.277655,22.8578107],[108.2807957,22.8578001]]}},{"type":"Feature","id":"way/839763078","properties":{"id":"way/839763078","name":"秀厢大道","kind":"roads","osmVersion":5,"osmEditedAt":"2026-06-07T11:12:20Z","sourceUrl":"https://www.openstreetmap.org/way/839763078","insideCampus":false,"tags":{"alt_name":"快速环路","bicycle":"no","foot":"no","highway":"trunk","lanes":"3","lit":"yes","maxspeed":"80","mofa":"no","moped":"no","motor_vehicle":"designated","motorcycle":"no","motorroad":"yes","name":"秀厢大道","oneway":"yes","surface":"asphalt"}},"geometry":{"type":"LineString","coordinates":[[108.2807957,22.8578001],[108.2821255,22.8577508],[108.2831084,22.8576816],[108.2840494,22.8576062],[108.2866967,22.8572908],[108.2907093,22.8568652]]}},{"type":"Feature","id":"way/839763081","properties":{"id":"way/839763081","name":"","kind":"roads","osmVersion":1,"osmEditedAt":"2020-08-22T23:54:47Z","sourceUrl":"https://www.openstreetmap.org/way/839763081","insideCampus":false,"tags":{"highway":"secondary_link","oneway":"yes"}},"geometry":{"type":"LineString","coordinates":[[108.2782412,22.8576634],[108.2786803,22.8575038],[108.2788917,22.8572566],[108.2790558,22.8569531]]}},{"type":"Feature","id":"way/839763082","properties":{"id":"way/839763082","name":"","kind":"roads","osmVersion":1,"osmEditedAt":"2020-08-22T23:54:47Z","sourceUrl":"https://www.openstreetmap.org/way/839763082","insideCampus":false,"tags":{"highway":"secondary_link","oneway":"yes"}},"geometry":{"type":"LineString","coordinates":[[108.2791429,22.8572378],[108.2793348,22.8574963],[108.2795788,22.857654]]}},{"type":"Feature","id":"way/839763083","properties":{"id":"way/839763083","name":"","kind":"roads","osmVersion":2,"osmEditedAt":"2021-10-30T16:59:34Z","sourceUrl":"https://www.openstreetmap.org/way/839763083","insideCampus":false,"tags":{"highway":"secondary","oneway":"yes"}},"geometry":{"type":"LineString","coordinates":[[108.2788917,22.8572566],[108.2788735,22.8564309],[108.2788754,22.8560091],[108.2790594,22.8556607]]}},{"type":"Feature","id":"way/839763084","properties":{"id":"way/839763084","name":"","kind":"roads","osmVersion":1,"osmEditedAt":"2020-08-22T23:54:47Z","sourceUrl":"https://www.openstreetmap.org/way/839763084","insideCampus":true,"tags":{"highway":"service"}},"geometry":{"type":"LineString","coordinates":[[108.2859816,22.856948],[108.2860068,22.8572122]]}},{"type":"Feature","id":"way/839763086","properties":{"id":"way/839763086","name":"","kind":"roads","osmVersion":2,"osmEditedAt":"2022-11-17T07:40:55Z","sourceUrl":"https://www.openstreetmap.org/way/839763086","insideCampus":true,"tags":{"highway":"service"}},"geometry":{"type":"LineString","coordinates":[[108.2860646,22.8577387],[108.2861784,22.8587127]]}},{"type":"Feature","id":"way/839763091","properties":{"id":"way/839763091","name":"","kind":"roads","osmVersion":1,"osmEditedAt":"2020-08-22T23:54:47Z","sourceUrl":"https://www.openstreetmap.org/way/839763091","insideCampus":false,"tags":{"highway":"service"}},"geometry":{"type":"LineString","coordinates":[[108.28771628510984,22.861406746371806],[108.2878341,22.860899],[108.2877894,22.860588],[108.287582,22.8602996],[108.2872731,22.8601085],[108.2871226,22.8599212],[108.2870535,22.8598126],[108.2870617,22.8595766],[108.2871186,22.8593443],[108.2872812,22.8591495],[108.2875902,22.8590109],[108.2878788,22.8589397],[108.2882203,22.8589435],[108.2885313,22.8590521],[108.2888261,22.8591982],[108.2891635,22.8595766],[108.2892895,22.8597864],[108.2894765,22.8605805]]}},{"type":"Feature","id":"way/839763092","properties":{"id":"way/839763092","name":"","kind":"roads","osmVersion":1,"osmEditedAt":"2020-08-22T23:54:47Z","sourceUrl":"https://www.openstreetmap.org/way/839763092","insideCampus":false,"tags":{"highway":"service"}},"geometry":{"type":"LineString","coordinates":[[108.28855055859664,22.861349879683484],[108.2885537,22.8612511],[108.2885781,22.8609814],[108.2887204,22.8607903],[108.2888789,22.8606143],[108.2890944,22.8605206],[108.2892895,22.8605431],[108.2894765,22.8605805],[108.2899644,22.8609364],[108.29017595396392,22.861110555608214]]}},{"type":"Feature","id":"way/839763096","properties":{"id":"way/839763096","name":"","kind":"water","osmVersion":1,"osmEditedAt":"2020-08-22T23:54:47Z","sourceUrl":"https://www.openstreetmap.org/way/839763096","insideCampus":false,"tags":{"natural":"water","water":"pond"}},"geometry":{"type":"Polygon","coordinates":[[[108.2894603,22.8611687],[108.2895579,22.860869],[108.2895701,22.8607679],[108.2895213,22.8607304],[108.289379,22.8607679],[108.2893017,22.860869],[108.2893424,22.8610226],[108.2892814,22.8612174],[108.28932712590904,22.861294945020937],[108.28952421589267,22.8612732414001],[108.2894603,22.8611687]]]}},{"type":"Feature","id":"way/839763097","properties":{"id":"way/839763097","name":"","kind":"water","osmVersion":1,"osmEditedAt":"2020-08-22T23:54:47Z","sourceUrl":"https://www.openstreetmap.org/way/839763097","insideCampus":false,"tags":{"natural":"water","water":"pond"}},"geometry":{"type":"Polygon","coordinates":[[[108.2901473,22.8603221],[108.2902896,22.8601984],[108.2904319,22.8600261],[108.2905783,22.8599025],[108.2907897,22.8598276],[108.2907653,22.8597077],[108.290684,22.859614],[108.2906027,22.859629],[108.2906108,22.8597526],[108.2903791,22.85991],[108.2901392,22.85991],[108.2899969,22.8600898],[108.2901473,22.8603221]]]}},{"type":"Feature","id":"way/839763098","properties":{"id":"way/839763098","name":"","kind":"water","osmVersion":1,"osmEditedAt":"2020-08-22T23:54:47Z","sourceUrl":"https://www.openstreetmap.org/way/839763098","insideCampus":false,"tags":{"natural":"water","water":"pond"}},"geometry":{"type":"Polygon","coordinates":[[[108.2902083,22.8605581],[108.2903913,22.8605581],[108.2905092,22.8605955],[108.2908344,22.8604831],[108.290997,22.8605431],[108.2909726,22.8603071],[108.2908995,22.860337],[108.2907938,22.8601422],[108.2905295,22.8602284],[108.2901799,22.8604981],[108.2902083,22.8605581]]]}},{"type":"Feature","id":"way/839763099","properties":{"id":"way/839763099","name":"","kind":"roads","osmVersion":1,"osmEditedAt":"2020-08-22T23:54:47Z","sourceUrl":"https://www.openstreetmap.org/way/839763099","insideCampus":false,"tags":{"highway":"footway"}},"geometry":{"type":"LineString","coordinates":[[108.28710645227072,22.861448314484107],[108.2871348,22.8614084],[108.2871064,22.8611949],[108.2869682,22.8609776],[108.2869885,22.8607828],[108.287143,22.8605581],[108.2874032,22.8603895],[108.2876331,22.8603706],[108.2876796,22.8603183],[108.2877609,22.8599325],[108.2878544,22.8598051],[108.288013,22.8597077],[108.2881919,22.8596665],[108.2883463,22.8596815],[108.2885456,22.8597601],[108.2886472,22.8599025],[108.2886513,22.8600523],[108.288574,22.8603258],[108.2885578,22.8605843],[108.2886065,22.8607379],[108.2886737,22.860853]]}},{"type":"Feature","id":"way/839763100","properties":{"id":"way/839763100","name":"","kind":"roads","osmVersion":1,"osmEditedAt":"2020-08-22T23:54:47Z","sourceUrl":"https://www.openstreetmap.org/way/839763100","insideCampus":false,"tags":{"highway":"footway"}},"geometry":{"type":"LineString","coordinates":[[108.2894765,22.8605805],[108.289257,22.8608465],[108.2892286,22.8611724],[108.28927019800726,22.861300826812073]]}},{"type":"Feature","id":"way/839763101","properties":{"id":"way/839763101","name":"","kind":"roads","osmVersion":1,"osmEditedAt":"2020-08-22T23:54:47Z","sourceUrl":"https://www.openstreetmap.org/way/839763101","insideCampus":false,"tags":{"highway":"service"}},"geometry":{"type":"MultiLineString","coordinates":[[[108.2908181098781,22.860908439932313],[108.2910946,22.8607679],[108.29131542449801,22.86069122154686]],[[108.2913751,22.860658653836776],[108.2913751,22.8605731],[108.291493,22.8605131],[108.29161733026801,22.86051758716713]]]}},{"type":"Feature","id":"way/839763104","properties":{"id":"way/839763104","name":"","kind":"roads","osmVersion":1,"osmEditedAt":"2020-08-22T23:54:47Z","sourceUrl":"https://www.openstreetmap.org/way/839763104","insideCampus":false,"tags":{"highway":"service"}},"geometry":{"type":"LineString","coordinates":[[108.28659483038257,22.86148318823104],[108.2863421,22.8610713],[108.2862445,22.8608053],[108.2862852,22.8604981],[108.286399,22.8602509],[108.2866632,22.8599961],[108.2870535,22.8598126]]}},{"type":"Feature","id":"way/839763111","properties":{"id":"way/839763111","name":"","kind":"roads","osmVersion":1,"osmEditedAt":"2020-08-22T23:54:47Z","sourceUrl":"https://www.openstreetmap.org/way/839763111","insideCampus":false,"tags":{"highway":"service"}},"geometry":{"type":"LineString","coordinates":[[108.2960951,22.8536776],[108.2944231,22.853322]]}},{"type":"Feature","id":"way/839763114","properties":{"id":"way/839763114","name":"","kind":"sports","osmVersion":1,"osmEditedAt":"2020-08-22T23:54:47Z","sourceUrl":"https://www.openstreetmap.org/way/839763114","insideCampus":false,"tags":{"leisure":"pitch","sport":"soccer"}},"geometry":{"type":"Polygon","coordinates":[[[108.2964544,22.8444517],[108.2964821,22.8435006],[108.2958489,22.843485],[108.2958213,22.8444361],[108.2964544,22.8444517]]]}},{"type":"Feature","id":"way/839763116","properties":{"id":"way/839763116","name":"","kind":"sports","osmVersion":1,"osmEditedAt":"2020-08-22T23:54:47Z","sourceUrl":"https://www.openstreetmap.org/way/839763116","insideCampus":false,"tags":{"leisure":"pitch","sport":"tennis"}},"geometry":{"type":"Polygon","coordinates":[[[108.2969376,22.8446105],[108.2969476,22.8442781],[108.2966398,22.8442702],[108.2966298,22.8446026],[108.2969376,22.8446105]]]}},{"type":"Feature","id":"way/839763117","properties":{"id":"way/839763117","name":"","kind":"sports","osmVersion":1,"osmEditedAt":"2020-08-22T23:54:47Z","sourceUrl":"https://www.openstreetmap.org/way/839763117","insideCampus":false,"tags":{"leisure":"pitch","sport":"soccer"}},"geometry":{"type":"Polygon","coordinates":[[[108.294009,22.8402877],[108.2940173,22.839581],[108.2935481,22.8395763],[108.2935397,22.8402831],[108.294009,22.8402877]]]}},{"type":"Feature","id":"way/839763118","properties":{"id":"way/839763118","name":"","kind":"sports","osmVersion":1,"osmEditedAt":"2020-08-22T23:54:47Z","sourceUrl":"https://www.openstreetmap.org/way/839763118","insideCampus":false,"tags":{"leisure":"pitch","sport":"basketball"}},"geometry":{"type":"Polygon","coordinates":[[[108.2927322,22.8401358],[108.2927509,22.8397323],[108.2918102,22.8396953],[108.2917914,22.8400986],[108.2927322,22.8401358]]]}},{"type":"Feature","id":"way/842760621","properties":{"id":"way/842760621","name":"","kind":"roads","osmVersion":2,"osmEditedAt":"2021-06-22T17:15:44Z","sourceUrl":"https://www.openstreetmap.org/way/842760621","insideCampus":true,"tags":{"highway":"residential"}},"geometry":{"type":"LineString","coordinates":[[108.2927276,22.8421686],[108.2933994,22.8421943],[108.2941579,22.8421741]]}},{"type":"Feature","id":"way/842774962","properties":{"id":"way/842774962","name":"","kind":"green","osmVersion":1,"osmEditedAt":"2020-08-31T15:16:20Z","sourceUrl":"https://www.openstreetmap.org/way/842774962","insideCampus":false,"tags":{"landuse":"forest"}},"geometry":{"type":"Polygon","coordinates":[[[108.2842806,22.8356494],[108.2826263,22.8361763],[108.2826226,22.8363218],[108.2827436,22.8362792],[108.2830624,22.8361748],[108.2832187,22.8361683],[108.2835959,22.8362472],[108.2836225,22.8361791],[108.2835333,22.8361249],[108.283539,22.8360812],[108.2837988,22.8360165],[108.2840587,22.8359449],[108.2841307,22.8358907],[108.2843545,22.8358417],[108.2842806,22.8356494]]]}},{"type":"Feature","id":"way/842774963","properties":{"id":"way/842774963","name":"","kind":"green","osmVersion":1,"osmEditedAt":"2020-08-31T15:16:20Z","sourceUrl":"https://www.openstreetmap.org/way/842774963","insideCampus":true,"tags":{"landuse":"grass"}},"geometry":{"type":"Polygon","coordinates":[[[108.2843545,22.8358417],[108.2841307,22.8358907],[108.2840587,22.8359449],[108.2839045,22.8359874],[108.284202,22.8359796],[108.2842001,22.8360793],[108.2838132,22.8360775],[108.2837639,22.8361037],[108.2837468,22.8361492],[108.2837847,22.8361894],[108.2837942,22.8362331],[108.2837753,22.8362785],[108.2837563,22.8367313],[108.2837809,22.83674],[108.2838303,22.8367348],[108.2838568,22.836719],[108.2838739,22.8366963],[108.2838815,22.8366561],[108.2838853,22.8362593],[108.2839782,22.8362611],[108.2839725,22.8366054],[108.2840123,22.8366072],[108.2840123,22.8366841],[108.283982,22.8366841],[108.2839896,22.836705],[108.2840085,22.8367382],[108.2840275,22.8367452],[108.2840635,22.8367155],[108.2841147,22.8366788],[108.2841527,22.8366543],[108.2842816,22.8366054],[108.2843442,22.8365949],[108.2843545,22.8358417]]]}},{"type":"Feature","id":"way/842774964","properties":{"id":"way/842774964","name":"","kind":"roads","osmVersion":2,"osmEditedAt":"2021-06-22T17:15:44Z","sourceUrl":"https://www.openstreetmap.org/way/842774964","insideCampus":true,"tags":{"highway":"service"}},"geometry":{"type":"LineString","coordinates":[[108.2836508,22.8367697],[108.283926,22.8367769],[108.2839981,22.836797],[108.284042,22.8368263]]}},{"type":"Feature","id":"way/842774965","properties":{"id":"way/842774965","name":"","kind":"roads","osmVersion":3,"osmEditedAt":"2026-08-21T16:09:04Z","sourceUrl":"https://www.openstreetmap.org/way/842774965","insideCampus":true,"tags":{"highway":"service","oneway":"yes","service":"parking_aisle"}},"geometry":{"type":"LineString","coordinates":[[108.283926,22.8367769],[108.283932,22.8362779]]}},{"type":"Feature","id":"way/842774966","properties":{"id":"way/842774966","name":"","kind":"green","osmVersion":1,"osmEditedAt":"2020-08-31T15:16:20Z","sourceUrl":"https://www.openstreetmap.org/way/842774966","insideCampus":true,"tags":{"landuse":"grass"}},"geometry":{"type":"Polygon","coordinates":[[[108.284834,22.8366358],[108.2848644,22.8365501],[108.2849061,22.8360869],[108.2848302,22.8360572],[108.2847582,22.8360362],[108.2847487,22.8366095],[108.284834,22.8366358]]]}},{"type":"Feature","id":"way/842774967","properties":{"id":"way/842774967","name":"","kind":"roads","osmVersion":3,"osmEditedAt":"2021-08-18T05:08:15Z","sourceUrl":"https://www.openstreetmap.org/way/842774967","insideCampus":true,"tags":{"highway":"residential","maxspeed":"30","oneway":"yes"}},"geometry":{"type":"LineString","coordinates":[[108.2845485,22.8366544],[108.2845118,22.836561],[108.2845238,22.835957],[108.2845236,22.8358047],[108.2844939,22.8357367],[108.284456,22.835557],[108.2843466,22.8352641]]}},{"type":"Feature","id":"way/842774968","properties":{"id":"way/842774968","name":"大学东路","kind":"roads","osmVersion":4,"osmEditedAt":"2026-03-24T13:03:15Z","sourceUrl":"https://www.openstreetmap.org/way/842774968","insideCampus":false,"tags":{"highway":"primary","lanes":"3","motorroad":"no","name":"大学东路","name:vi":"Đường Đại Học Đông","oneway":"yes","ref":"G324"}},"geometry":{"type":"LineString","coordinates":[[108.2845491,22.8353244],[108.283325,22.835737],[108.2811213,22.8363873],[108.2802681,22.8366477],[108.279406,22.8369064],[108.27864176299619,22.837092295830182]]}},{"type":"Feature","id":"way/842774969","properties":{"id":"way/842774969","name":"","kind":"roads","osmVersion":3,"osmEditedAt":"2026-04-22T04:32:51Z","sourceUrl":"https://www.openstreetmap.org/way/842774969","insideCampus":true,"tags":{"highway":"footway"}},"geometry":{"type":"LineString","coordinates":[[108.2848742,22.8354558],[108.2848027,22.8354789],[108.2847796,22.8355527],[108.2847411,22.8356095],[108.2847272,22.8357231],[108.2847103,22.8366034]]}},{"type":"Feature","id":"way/842774970","properties":{"id":"way/842774970","name":"","kind":"roads","osmVersion":3,"osmEditedAt":"2026-04-22T04:32:51Z","sourceUrl":"https://www.openstreetmap.org/way/842774970","insideCampus":true,"tags":{"highway":"footway"}},"geometry":{"type":"LineString","coordinates":[[108.2840488,22.8367579],[108.284132,22.8366997],[108.2842152,22.8366599],[108.2843644,22.8366108],[108.2843916,22.836595],[108.2844562,22.8365636]]}},{"type":"Feature","id":"way/842774971","properties":{"id":"way/842774971","name":"","kind":"roads","osmVersion":3,"osmEditedAt":"2026-03-24T13:03:15Z","sourceUrl":"https://www.openstreetmap.org/way/842774971","insideCampus":false,"tags":{"crossing":"marked","crossing:markings":"zebra","footway":"crossing","highway":"footway"}},"geometry":{"type":"LineString","coordinates":[[108.2840958,22.8351809],[108.2842246,22.8355715],[108.2842789,22.8356351],[108.2847519,22.8354264]]}},{"type":"Feature","id":"way/842774972","properties":{"id":"way/842774972","name":"","kind":"roads","osmVersion":2,"osmEditedAt":"2026-03-24T13:03:15Z","sourceUrl":"https://www.openstreetmap.org/way/842774972","insideCampus":false,"tags":{"highway":"footway"}},"geometry":{"type":"LineString","coordinates":[[108.2848027,22.8354789],[108.2847519,22.8354264],[108.2850574,22.8353268]]}},{"type":"Feature","id":"way/842774973","properties":{"id":"way/842774973","name":"","kind":"green","osmVersion":1,"osmEditedAt":"2020-08-31T15:16:20Z","sourceUrl":"https://www.openstreetmap.org/way/842774973","insideCampus":true,"tags":{"landuse":"forest"}},"geometry":{"type":"Polygon","coordinates":[[[108.2834779,22.8370805],[108.2827572,22.8370666],[108.2827951,22.8371295],[108.2828369,22.8371749],[108.2828843,22.8372134],[108.2829507,22.8372413],[108.2830493,22.8372676],[108.2830493,22.8372326],[108.2834722,22.8372413],[108.2834779,22.8370805]]]}},{"type":"Feature","id":"way/842774974","properties":{"id":"way/842774974","name":"","kind":"green","osmVersion":1,"osmEditedAt":"2020-08-31T15:16:20Z","sourceUrl":"https://www.openstreetmap.org/way/842774974","insideCampus":true,"tags":{"landuse":"forest"}},"geometry":{"type":"Polygon","coordinates":[[[108.2837947,22.8368218],[108.2837624,22.8368585],[108.2837397,22.8368935],[108.2836847,22.8369809],[108.2836505,22.8370456],[108.2836221,22.837119],[108.2836145,22.8371802],[108.2835993,22.8372501],[108.2835955,22.837327],[108.28369,22.8373327],[108.2837184,22.8372068],[108.2837414,22.8371298],[108.28377,22.8370561],[108.2838022,22.8369931],[108.2838591,22.8369057],[108.2839122,22.8368446],[108.2837947,22.8368218]]]}},{"type":"Feature","id":"way/842774975","properties":{"id":"way/842774975","name":"","kind":"roads","osmVersion":4,"osmEditedAt":"2026-08-21T16:09:04Z","sourceUrl":"https://www.openstreetmap.org/way/842774975","insideCampus":true,"tags":{"highway":"service","oneway":"yes","service":"parking_aisle"}},"geometry":{"type":"LineString","coordinates":[[108.2841817,22.8360251],[108.2838914,22.8360213],[108.2838535,22.8360265],[108.2837852,22.836051],[108.2837264,22.8360807],[108.283679,22.8361401],[108.2836581,22.8362031],[108.2836491,22.8363089]]}},{"type":"Feature","id":"way/842774977","properties":{"id":"way/842774977","name":"","kind":"green","osmVersion":1,"osmEditedAt":"2020-08-31T15:16:20Z","sourceUrl":"https://www.openstreetmap.org/way/842774977","insideCampus":true,"tags":{"landuse":"forest"}},"geometry":{"type":"Polygon","coordinates":[[[108.2836874,22.837403],[108.2836165,22.8373916],[108.2835827,22.8374512],[108.2836058,22.8376685],[108.2836828,22.837667],[108.2836874,22.837403]]]}},{"type":"Feature","id":"way/842774978","properties":{"id":"way/842774978","name":"","kind":"roads","osmVersion":2,"osmEditedAt":"2025-12-07T19:40:15Z","sourceUrl":"https://www.openstreetmap.org/way/842774978","insideCampus":true,"tags":{"crossing":"marked","crossing:markings":"zebra","footway":"crossing","highway":"footway"}},"geometry":{"type":"LineString","coordinates":[[108.2847535,22.8366187],[108.2847229,22.8367336]]}},{"type":"Feature","id":"way/842774979","properties":{"id":"way/842774979","name":"","kind":"roads","osmVersion":2,"osmEditedAt":"2025-12-07T19:40:15Z","sourceUrl":"https://www.openstreetmap.org/way/842774979","insideCampus":true,"tags":{"crossing":"marked","crossing:markings":"zebra","footway":"crossing","highway":"footway"}},"geometry":{"type":"LineString","coordinates":[[108.2843644,22.8366108],[108.2843913,22.8367313]]}},{"type":"Feature","id":"way/842774980","properties":{"id":"way/842774980","name":"","kind":"roads","osmVersion":2,"osmEditedAt":"2025-12-07T19:40:15Z","sourceUrl":"https://www.openstreetmap.org/way/842774980","insideCampus":true,"tags":{"crossing":"marked","crossing:markings":"zebra","footway":"crossing","highway":"footway"}},"geometry":{"type":"LineString","coordinates":[[108.2840488,22.8367579],[108.2839559,22.8368294]]}},{"type":"Feature","id":"way/842774981","properties":{"id":"way/842774981","name":"","kind":"roads","osmVersion":2,"osmEditedAt":"2020-08-31T15:52:32Z","sourceUrl":"https://www.openstreetmap.org/way/842774981","insideCampus":true,"tags":{"highway":"footway"}},"geometry":{"type":"LineString","coordinates":[[108.2839559,22.8368294],[108.283882,22.8369046],[108.2838327,22.8369728],[108.2837865,22.8370722],[108.2837387,22.8372241],[108.2836977,22.8373654],[108.2836951,22.8375974],[108.2836877,22.8377554],[108.2836862,22.838182]]}},{"type":"Feature","id":"way/842774982","properties":{"id":"way/842774982","name":"","kind":"roads","osmVersion":2,"osmEditedAt":"2026-04-22T04:32:51Z","sourceUrl":"https://www.openstreetmap.org/way/842774982","insideCampus":true,"tags":{"highway":"footway"}},"geometry":{"type":"LineString","coordinates":[[108.2841416,22.8384213],[108.2841354,22.8383765],[108.2841153,22.8383396],[108.2840878,22.8383027],[108.284039,22.8382808],[108.284004,22.8382577],[108.2839652,22.838207],[108.2839126,22.8381828],[108.2838688,22.8381412],[108.2838488,22.8380651],[108.2838563,22.8380017],[108.2838839,22.8379533],[108.2839189,22.8379152],[108.284044,22.837891],[108.2841053,22.8378679],[108.2841404,22.8378449],[108.2841641,22.837808],[108.2841754,22.8377664],[108.2841579,22.8377238],[108.2841254,22.8376973],[108.2840556,22.8376575],[108.2840121,22.8376127],[108.2839836,22.8375655],[108.2839703,22.8375078],[108.2839608,22.837454],[108.2839969,22.8374221],[108.2840291,22.8374221],[108.2841316,22.8374379],[108.284179,22.8374431],[108.2842131,22.8374309],[108.2842491,22.8374012],[108.2842662,22.8373575],[108.2842738,22.8372963],[108.2842719,22.8372456],[108.2842302,22.8371302],[108.2842055,22.83709],[108.284196,22.8370341],[108.2842055,22.8369642],[108.2842169,22.8369013],[108.2842378,22.8368366],[108.2842643,22.8367754]]}},{"type":"Feature","id":"way/842774983","properties":{"id":"way/842774983","name":"","kind":"roads","osmVersion":2,"osmEditedAt":"2026-04-22T04:32:51Z","sourceUrl":"https://www.openstreetmap.org/way/842774983","insideCampus":true,"tags":{"highway":"footway"}},"geometry":{"type":"LineString","coordinates":[[108.2839703,22.8375078],[108.283807,22.8375086]]}},{"type":"Feature","id":"way/842774984","properties":{"id":"way/842774984","name":"","kind":"roads","osmVersion":2,"osmEditedAt":"2026-04-22T04:32:51Z","sourceUrl":"https://www.openstreetmap.org/way/842774984","insideCampus":true,"tags":{"highway":"footway"}},"geometry":{"type":"LineString","coordinates":[[108.2850974,22.8374033],[108.28504,22.8373907],[108.2849869,22.8374152],[108.2849471,22.8374606],[108.2848902,22.8374868],[108.2848352,22.8374781],[108.2848049,22.8374431],[108.2848011,22.8373942],[108.28482,22.8373592],[108.2848599,22.8373295],[108.2849661,22.837305],[108.2849964,22.8372911],[108.2850371,22.8372282]]}},{"type":"Feature","id":"way/842774985","properties":{"id":"way/842774985","name":"","kind":"green","osmVersion":2,"osmEditedAt":"2026-04-22T04:32:51Z","sourceUrl":"https://www.openstreetmap.org/way/842774985","insideCampus":true,"tags":{"landuse":"forest"}},"geometry":{"type":"Polygon","coordinates":[[[108.2843456,22.838294],[108.2844227,22.8382202],[108.2844216,22.8367884],[108.2843002,22.8368013],[108.2841858,22.8368487],[108.2840107,22.836967],[108.2839056,22.8371134],[108.2838589,22.837236],[108.2838239,22.8373415],[108.2838235,22.8374534],[108.2838566,22.8374491],[108.2839482,22.8374437],[108.2839754,22.8374044],[108.2838963,22.8372769],[108.2839336,22.8371693],[108.2840107,22.8370574],[108.2841134,22.8369885],[108.2841998,22.8369584],[108.2842745,22.8369455],[108.2842605,22.8370768],[108.2842956,22.8372382],[108.2842745,22.8374039],[108.2842465,22.8375524],[108.2841998,22.8377094],[108.2841905,22.8378257],[108.2842722,22.837845],[108.2842722,22.8379074],[108.2842489,22.8380731],[108.2842045,22.8381958],[108.2841835,22.8382733],[108.2842885,22.8383535],[108.2843456,22.838294]]]}},{"type":"Feature","id":"way/842774986","properties":{"id":"way/842774986","name":"","kind":"green","osmVersion":1,"osmEditedAt":"2020-08-31T15:16:20Z","sourceUrl":"https://www.openstreetmap.org/way/842774986","insideCampus":true,"tags":{"landuse":"forest"}},"geometry":{"type":"Polygon","coordinates":[[[108.2848584,22.8383305],[108.2847953,22.8382724],[108.284765,22.8381971],[108.2847533,22.8381132],[108.284765,22.8380034],[108.2847953,22.8379087],[108.2848841,22.8377688],[108.2848094,22.837715],[108.2848397,22.8375945],[108.284821,22.8375063],[108.2847533,22.8374525],[108.2847533,22.8374009],[108.284835,22.8371771],[108.2848747,22.8370802],[108.2849121,22.837035],[108.2849658,22.8370544],[108.2850499,22.8370781],[108.2850942,22.8371534],[108.2850919,22.8372158],[108.2851012,22.8373083],[108.2851176,22.8373793],[108.2851363,22.8374353],[108.2851806,22.8374676],[108.2851316,22.8377688],[108.2850966,22.8378721],[108.2850148,22.8379195],[108.2850055,22.8379905],[108.2850475,22.83804],[108.2850522,22.8380852],[108.2850078,22.838154],[108.2849471,22.8382121],[108.2849635,22.8382789],[108.2850335,22.8382896],[108.2850709,22.8383413],[108.2850615,22.8384101],[108.2851246,22.838479],[108.2851619,22.8385371],[108.2851783,22.8386554],[108.2851853,22.8388405],[108.2852483,22.8388448],[108.2852623,22.8375042],[108.2852437,22.8373105],[108.2852133,22.8371706],[108.2851293,22.8370071],[108.2849938,22.8368995],[108.2848117,22.8367983],[108.2847043,22.8367639],[108.2846646,22.8368005],[108.2846366,22.8382164],[108.284709,22.8382918],[108.2847557,22.8383886],[108.2848654,22.8383886],[108.2848584,22.8383305]]]}},{"type":"Feature","id":"way/842774987","properties":{"id":"way/842774987","name":"","kind":"green","osmVersion":1,"osmEditedAt":"2020-08-31T15:16:20Z","sourceUrl":"https://www.openstreetmap.org/way/842774987","insideCampus":true,"tags":{"landuse":"forest"}},"geometry":{"type":"Polygon","coordinates":[[[108.284027,22.838065],[108.284034,22.8379423],[108.2839569,22.8378347],[108.2838939,22.8377142],[108.2837982,22.8377658],[108.2837958,22.8381704],[108.2839383,22.8381553],[108.284027,22.838065]]]}},{"type":"Feature","id":"way/842784660","properties":{"id":"way/842784660","name":"","kind":"green","osmVersion":1,"osmEditedAt":"2020-08-31T15:52:32Z","sourceUrl":"https://www.openstreetmap.org/way/842784660","insideCampus":true,"tags":{"landuse":"forest"}},"geometry":{"type":"Polygon","coordinates":[[[108.2836948,22.8382602],[108.2831063,22.8382494],[108.2830993,22.8383484],[108.283153,22.838413],[108.2836901,22.8384237],[108.2836948,22.8382602]]]}},{"type":"Feature","id":"way/842784661","properties":{"id":"way/842784661","name":"","kind":"green","osmVersion":1,"osmEditedAt":"2020-08-31T15:52:32Z","sourceUrl":"https://www.openstreetmap.org/way/842784661","insideCampus":true,"tags":{"landuse":"forest"}},"geometry":{"type":"Polygon","coordinates":[[[108.2836714,22.8381827],[108.2836761,22.8377459],[108.2834309,22.8377265],[108.2834216,22.8381806],[108.2836714,22.8381827]]]}},{"type":"Feature","id":"way/842784663","properties":{"id":"way/842784663","name":"","kind":"roads","osmVersion":1,"osmEditedAt":"2020-08-31T15:52:32Z","sourceUrl":"https://www.openstreetmap.org/way/842784663","insideCampus":true,"tags":{"highway":"service"}},"geometry":{"type":"LineString","coordinates":[[108.2832499,22.8393027],[108.2832536,22.8387691]]}},{"type":"Feature","id":"way/842784664","properties":{"id":"way/842784664","name":"","kind":"roads","osmVersion":1,"osmEditedAt":"2020-08-31T15:52:32Z","sourceUrl":"https://www.openstreetmap.org/way/842784664","insideCampus":true,"tags":{"highway":"service"}},"geometry":{"type":"LineString","coordinates":[[108.2833181,22.8393032],[108.2833199,22.8395395],[108.2833465,22.8395692],[108.2833863,22.8395814],[108.2836215,22.8395744],[108.2837268,22.8395567]]}},{"type":"Feature","id":"way/842784665","properties":{"id":"way/842784665","name":"国际学院","kind":"buildings","osmVersion":3,"osmEditedAt":"2021-06-23T06:09:07Z","sourceUrl":"https://www.openstreetmap.org/way/842784665","insideCampus":true,"tags":{"building":"university","faculty":"international","name":"国际学院","office":"educational_institution","operator":"广西大学","website":"https://gjxy.gxu.edu.cn/"},"category":"academic","height":16.5,"heightBasis":"按类型估算","facadeBasis":"按建筑类型推定","landmark":null},"geometry":{"type":"Polygon","coordinates":[[[108.2839988,22.8393317],[108.2839989,22.83936],[108.2841765,22.8393598],[108.2841764,22.8393405],[108.2842846,22.8393403],[108.2842844,22.8392596],[108.284168,22.8392597],[108.2841679,22.8392378],[108.284016,22.839238],[108.2840161,22.8392619],[108.283899,22.8392621],[108.283899,22.8393318],[108.2839988,22.8393317]]]}},{"type":"Feature","id":"way/842784670","properties":{"id":"way/842784670","name":"","kind":"roads","osmVersion":2,"osmEditedAt":"2025-12-07T19:40:15Z","sourceUrl":"https://www.openstreetmap.org/way/842784670","insideCampus":true,"tags":{"crossing":"marked","crossing:markings":"zebra","footway":"crossing","highway":"footway"}},"geometry":{"type":"LineString","coordinates":[[108.2853938,22.8378422],[108.2852688,22.8378422]]}},{"type":"Feature","id":"way/842784671","properties":{"id":"way/842784671","name":"","kind":"roads","osmVersion":1,"osmEditedAt":"2020-08-31T15:52:32Z","sourceUrl":"https://www.openstreetmap.org/way/842784671","insideCampus":true,"tags":{"highway":"footway"}},"geometry":{"type":"LineString","coordinates":[[108.2846586,22.8367397],[108.2847229,22.8367336],[108.284825,22.8367703],[108.2849359,22.8368299],[108.2850515,22.8369151],[108.2851239,22.8369804],[108.285187,22.8370741],[108.2852317,22.8371664],[108.2852625,22.8372643],[108.2852718,22.8373666],[108.2852733,22.8374773],[108.2852511,22.839555]]}},{"type":"Feature","id":"way/842784672","properties":{"id":"way/842784672","name":"","kind":"roads","osmVersion":1,"osmEditedAt":"2020-08-31T15:52:32Z","sourceUrl":"https://www.openstreetmap.org/way/842784672","insideCampus":true,"tags":{"highway":"footway"}},"geometry":{"type":"LineString","coordinates":[[108.2844311,22.83674],[108.2843913,22.8367313],[108.2842643,22.8367754],[108.2841667,22.8368147],[108.2840228,22.8369197],[108.2839552,22.8369889],[108.2838939,22.8370777],[108.2838551,22.837163],[108.2838263,22.8372541],[108.2838138,22.8373233],[108.283807,22.8375086],[108.2838095,22.8376549],[108.2838026,22.8384252],[108.283788,22.8395566]]}},{"type":"Feature","id":"way/842784673","properties":{"id":"way/842784673","name":"","kind":"roads","osmVersion":3,"osmEditedAt":"2021-06-23T06:09:07Z","sourceUrl":"https://www.openstreetmap.org/way/842784673","insideCampus":true,"tags":{"highway":"footway"}},"geometry":{"type":"LineString","coordinates":[[108.2846477,22.8365628],[108.2847103,22.8366034],[108.2847898,22.8366315],[108.2849069,22.8366685],[108.2850163,22.8367295],[108.285101,22.8367835],[108.2851688,22.8368417],[108.2852166,22.836907],[108.2852659,22.8369666],[108.2853044,22.8370404],[108.2853383,22.8371185],[108.2853629,22.8371853],[108.2853876,22.8372605],[108.2853999,22.8373684],[108.2853968,22.8376765],[108.285366,22.8397873]]}},{"type":"Feature","id":"way/842784674","properties":{"id":"way/842784674","name":"","kind":"roads","osmVersion":2,"osmEditedAt":"2026-04-22T04:32:51Z","sourceUrl":"https://www.openstreetmap.org/way/842784674","insideCampus":true,"tags":{"highway":"footway"}},"geometry":{"type":"LineString","coordinates":[[108.2843916,22.836595],[108.2844006,22.8358438],[108.2843714,22.8357189],[108.2842789,22.8356351]]}},{"type":"Feature","id":"way/842784675","properties":{"id":"way/842784675","name":"","kind":"roads","osmVersion":2,"osmEditedAt":"2025-12-07T19:40:15Z","sourceUrl":"https://www.openstreetmap.org/way/842784675","insideCampus":true,"tags":{"crossing":"marked","crossing:markings":"zebra","footway":"crossing","highway":"footway"}},"geometry":{"type":"LineString","coordinates":[[108.2844562,22.8365636],[108.2845118,22.836561],[108.2846477,22.8365628]]}},{"type":"Feature","id":"way/842784676","properties":{"id":"way/842784676","name":"","kind":"roads","osmVersion":2,"osmEditedAt":"2025-12-07T19:40:15Z","sourceUrl":"https://www.openstreetmap.org/way/842784676","insideCampus":true,"tags":{"crossing":"marked","crossing:markings":"zebra","footway":"crossing","highway":"footway"}},"geometry":{"type":"LineString","coordinates":[[108.2838096,22.8375986],[108.2836951,22.8375974]]}},{"type":"Feature","id":"way/842784677","properties":{"id":"way/842784677","name":"","kind":"roads","osmVersion":2,"osmEditedAt":"2025-12-07T19:40:15Z","sourceUrl":"https://www.openstreetmap.org/way/842784677","insideCampus":true,"tags":{"crossing":"marked","crossing:markings":"zebra","footway":"crossing","highway":"footway"}},"geometry":{"type":"LineString","coordinates":[[108.2836877,22.8377554],[108.2838086,22.8377544]]}},{"type":"Feature","id":"way/845251806","properties":{"id":"way/845251806","name":"鸪江路","kind":"roads","osmVersion":2,"osmEditedAt":"2021-06-22T17:15:44Z","sourceUrl":"https://www.openstreetmap.org/way/845251806","insideCampus":true,"tags":{"bridge":"yes","highway":"residential","layer":"1","name":"鸪江路"}},"geometry":{"type":"LineString","coordinates":[[108.2914618,22.8469354],[108.2913692,22.846511]]}},{"type":"Feature","id":"way/845251807","properties":{"id":"way/845251807","name":"荟贤东路","kind":"roads","osmVersion":2,"osmEditedAt":"2021-06-22T17:15:44Z","sourceUrl":"https://www.openstreetmap.org/way/845251807","insideCampus":true,"tags":{"highway":"residential","name":"荟贤东路"}},"geometry":{"type":"LineString","coordinates":[[108.2913512,22.8469817],[108.2914738,22.8469999]]}},{"type":"Feature","id":"way/880036323","properties":{"id":"way/880036323","name":"西校区南区1A配电房","kind":"buildings","osmVersion":1,"osmEditedAt":"2020-12-02T05:22:24Z","sourceUrl":"https://www.openstreetmap.org/way/880036323","insideCampus":true,"tags":{"building":"yes","building:levels":"2","name":"西校区南区1A配电房","power":"substation","substation":"distribution"},"category":"service","height":6.6,"heightBasis":"OSM高度或层数","facadeBasis":"按建筑类型推定","landmark":null},"geometry":{"type":"Polygon","coordinates":[[[108.288201,22.8388533],[108.2882009,22.8387695],[108.2880205,22.8387697],[108.2880206,22.8388535],[108.288201,22.8388533]]]}},{"type":"Feature","id":"way/880036326","properties":{"id":"way/880036326","name":"第四教学楼","kind":"buildings","osmVersion":1,"osmEditedAt":"2020-12-02T05:22:24Z","sourceUrl":"https://www.openstreetmap.org/way/880036326","insideCampus":true,"tags":{"building":"university","building:levels":"2","name":"第四教学楼"},"category":"academic","height":6.6,"heightBasis":"OSM高度或层数","facadeBasis":"按建筑类型推定","landmark":null},"geometry":{"type":"Polygon","coordinates":[[[108.2857257,22.8400888],[108.2857254,22.8399149],[108.2861342,22.8399141],[108.2861345,22.8400274],[108.2863006,22.8400271],[108.2863001,22.8397784],[108.2854371,22.83978],[108.2854374,22.8399174],[108.2856151,22.8399171],[108.2856154,22.840089],[108.2857257,22.8400888]]]}},{"type":"Feature","id":"way/880036327","properties":{"id":"way/880036327","name":"校内建筑 880036327","kind":"buildings","osmVersion":1,"osmEditedAt":"2020-12-02T05:22:24Z","sourceUrl":"https://www.openstreetmap.org/way/880036327","insideCampus":true,"tags":{"building":"university"},"category":"academic","height":16.5,"heightBasis":"按类型估算","facadeBasis":"按建筑类型推定","landmark":null},"geometry":{"type":"Polygon","coordinates":[[[108.285395,22.8400894],[108.2853955,22.8402547],[108.2857261,22.8402542],[108.2857257,22.8400888],[108.285395,22.8400894]]]}},{"type":"Feature","id":"way/880036328","properties":{"id":"way/880036328","name":"材料科学研究所","kind":"buildings","osmVersion":1,"osmEditedAt":"2020-12-02T05:22:24Z","sourceUrl":"https://www.openstreetmap.org/way/880036328","insideCampus":true,"tags":{"building":"university","building:levels":"10","name":"材料科学研究所"},"category":"academic","height":33.0,"heightBasis":"OSM高度或层数","facadeBasis":"按建筑类型推定","landmark":null},"geometry":{"type":"Polygon","coordinates":[[[108.2857261,22.8402542],[108.2855879,22.8402544],[108.2855882,22.8404094],[108.2858972,22.840409],[108.2858975,22.8402544],[108.2857261,22.8402542]]]}},{"type":"Feature","id":"way/880036331","properties":{"id":"way/880036331","name":"校内建筑 880036331","kind":"buildings","osmVersion":2,"osmEditedAt":"2022-11-17T07:40:55Z","sourceUrl":"https://www.openstreetmap.org/way/880036331","insideCampus":true,"tags":{"building":"roof","layer":"1"},"category":"service","height":9.899999999999999,"heightBasis":"按类型估算","facadeBasis":"按建筑类型推定","landmark":null},"geometry":{"type":"Polygon","coordinates":[[[108.2856401,22.8407688],[108.2857105,22.8407712],[108.2857796,22.840783],[108.2857803,22.840757],[108.2857105,22.8407459],[108.2856394,22.8407434],[108.2855697,22.8407521],[108.2855697,22.840778],[108.2856401,22.8407688]]]}},{"type":"Feature","id":"way/880036336","properties":{"id":"way/880036336","name":"动物繁殖研究所","kind":"buildings","osmVersion":2,"osmEditedAt":"2020-12-02T08:52:49Z","sourceUrl":"https://www.openstreetmap.org/way/880036336","insideCampus":true,"tags":{"building":"office","building:levels":"3","name":"动物繁殖研究所","office":"research"},"category":"service","height":9.899999999999999,"heightBasis":"OSM高度或层数","facadeBasis":"按建筑类型推定","landmark":null},"geometry":{"type":"Polygon","coordinates":[[[108.291646,22.8431078],[108.2916331,22.843172],[108.2917808,22.8431973],[108.2918079,22.843063],[108.2917127,22.8430467],[108.2917179,22.8430207],[108.2916745,22.8430133],[108.2916806,22.8429828],[108.291486,22.8429495],[108.2914605,22.843076],[108.291646,22.8431078]]]}},{"type":"Feature","id":"way/880036340","properties":{"id":"way/880036340","name":"校内建筑 880036340","kind":"buildings","osmVersion":1,"osmEditedAt":"2020-12-02T05:22:24Z","sourceUrl":"https://www.openstreetmap.org/way/880036340","insideCampus":true,"tags":{"building":"university","building:levels":"2"},"category":"academic","height":6.6,"heightBasis":"OSM高度或层数","facadeBasis":"按建筑类型推定","landmark":null},"geometry":{"type":"Polygon","coordinates":[[[108.2866272,22.8383096],[108.2866271,22.8382231],[108.2863455,22.8382235],[108.2863456,22.83831],[108.2866272,22.8383096]]]}},{"type":"Feature","id":"way/880036341","properties":{"id":"way/880036341","name":"校内建筑 880036341","kind":"buildings","osmVersion":1,"osmEditedAt":"2020-12-02T05:22:24Z","sourceUrl":"https://www.openstreetmap.org/way/880036341","insideCampus":true,"tags":{"building":"yes","building:levels":"2","power":"substation","substation":"distribution"},"category":"service","height":6.6,"heightBasis":"OSM高度或层数","facadeBasis":"按建筑类型推定","landmark":null},"geometry":{"type":"Polygon","coordinates":[[[108.286294,22.8382745],[108.2862938,22.8381627],[108.2861396,22.8381629],[108.2861397,22.8382747],[108.286294,22.8382745]]]}},{"type":"Feature","id":"way/880036344","properties":{"id":"way/880036344","name":"西校园学生宿舍26栋","kind":"buildings","osmVersion":3,"osmEditedAt":"2021-07-07T10:35:40Z","sourceUrl":"https://www.openstreetmap.org/way/880036344","insideCampus":true,"tags":{"building":"dormitory","building:colour":"#D0D0D0","building:levels":"7","name":"西校园学生宿舍26栋","ref":"西26","roof:colour":"#D0D0D0"},"category":"living","height":23.099999999999998,"heightBasis":"OSM高度或层数","facadeBasis":"按建筑类型推定","landmark":null},"geometry":{"type":"Polygon","coordinates":[[[108.2874065,22.8385356],[108.2879711,22.838535],[108.287971,22.8384331],[108.2874064,22.8384337],[108.2874065,22.8385356]]]}},{"type":"Feature","id":"way/880089947","properties":{"id":"way/880089947","name":"校内建筑 880089947","kind":"buildings","osmVersion":1,"osmEditedAt":"2020-12-02T08:52:49Z","sourceUrl":"https://www.openstreetmap.org/way/880089947","insideCampus":true,"tags":{"building":"yes","building:colour":"#DED0C9","building:levels":"3"},"category":"service","height":9.899999999999999,"heightBasis":"OSM高度或层数","facadeBasis":"按建筑类型推定","landmark":null},"geometry":{"type":"Polygon","coordinates":[[[108.2934535,22.8489082],[108.2929647,22.8488964],[108.2929777,22.8484412],[108.2928608,22.8484382],[108.2928442,22.8489718],[108.2935804,22.8489912],[108.2935901,22.8486777],[108.2934601,22.8486746],[108.2934535,22.8489082]]]}},{"type":"Feature","id":"way/880089948","properties":{"id":"way/880089948","name":"校内建筑 880089948","kind":"buildings","osmVersion":1,"osmEditedAt":"2020-12-02T08:52:49Z","sourceUrl":"https://www.openstreetmap.org/way/880089948","insideCampus":true,"tags":{"building":"yes","building:colour":"#DED0C9","building:levels":"6"},"category":"service","height":19.799999999999997,"heightBasis":"OSM高度或层数","facadeBasis":"按建筑类型推定","landmark":null},"geometry":{"type":"Polygon","coordinates":[[[108.2934649,22.8485058],[108.2934601,22.8486746],[108.2935901,22.8486777],[108.2935954,22.848509],[108.2934649,22.8485058]]]}},{"type":"Feature","id":"way/880089949","properties":{"id":"way/880089949","name":"校内建筑 880089949","kind":"buildings","osmVersion":1,"osmEditedAt":"2020-12-02T08:52:49Z","sourceUrl":"https://www.openstreetmap.org/way/880089949","insideCampus":true,"tags":{"building":"yes","building:levels":"2"},"category":"service","height":6.6,"heightBasis":"OSM高度或层数","facadeBasis":"按建筑类型推定","landmark":null},"geometry":{"type":"Polygon","coordinates":[[[108.2933507,22.8482011],[108.2935412,22.8482057],[108.293552,22.8480252],[108.293364,22.848015],[108.2933507,22.8482011]]]}},{"type":"Feature","id":"way/880089950","properties":{"id":"way/880089950","name":"校内建筑 880089950","kind":"buildings","osmVersion":1,"osmEditedAt":"2020-12-02T08:52:49Z","sourceUrl":"https://www.openstreetmap.org/way/880089950","insideCampus":true,"tags":{"building":"yes","building:levels":"2"},"category":"service","height":6.6,"heightBasis":"OSM高度或层数","facadeBasis":"按建筑类型推定","landmark":null},"geometry":{"type":"Polygon","coordinates":[[[108.293364,22.848015],[108.293552,22.8480252],[108.2935713,22.8477232],[108.2933833,22.847713],[108.293364,22.848015]]]}},{"type":"Feature","id":"way/880089951","properties":{"id":"way/880089951","name":"校内建筑 880089951","kind":"buildings","osmVersion":1,"osmEditedAt":"2020-12-02T08:52:49Z","sourceUrl":"https://www.openstreetmap.org/way/880089951","insideCampus":true,"tags":{"building":"yes","building:levels":"1"},"category":"service","height":3.3,"heightBasis":"OSM高度或层数","facadeBasis":"按建筑类型推定","landmark":null},"geometry":{"type":"Polygon","coordinates":[[[108.2929109,22.8479737],[108.2931423,22.8479863],[108.2931491,22.8478793],[108.2933719,22.8478914],[108.2933906,22.8475988],[108.2929365,22.8475741],[108.2929109,22.8479737]]]}},{"type":"Feature","id":"way/880089954","properties":{"id":"way/880089954","name":"校内建筑 880089954","kind":"buildings","osmVersion":1,"osmEditedAt":"2020-12-02T08:52:49Z","sourceUrl":"https://www.openstreetmap.org/way/880089954","insideCampus":true,"tags":{"building":"yes","building:levels":"8"},"category":"service","height":26.4,"heightBasis":"OSM高度或层数","facadeBasis":"按建筑类型推定","landmark":null},"geometry":{"type":"Polygon","coordinates":[[[108.293243,22.8483379],[108.2934697,22.8483439],[108.2934666,22.848442],[108.2935973,22.8484455],[108.2936036,22.8482072],[108.293284,22.8481995],[108.2932835,22.8482167],[108.2932479,22.8482159],[108.293243,22.8483379]]]}},{"type":"Feature","id":"way/880089955","properties":{"id":"way/880089955","name":"校内建筑 880089955","kind":"buildings","osmVersion":2,"osmEditedAt":"2022-11-17T07:40:55Z","sourceUrl":"https://www.openstreetmap.org/way/880089955","insideCampus":true,"tags":{"building":"roof","layer":"1"},"category":"service","height":9.899999999999999,"heightBasis":"按类型估算","facadeBasis":"按建筑类型推定","landmark":null},"geometry":{"type":"Polygon","coordinates":[[[108.2959788,22.8475781],[108.2959872,22.8474787],[108.2959486,22.8474759],[108.2958678,22.8475403],[108.2958653,22.8475699],[108.2959788,22.8475781]]]}},{"type":"Feature","id":"way/880089960","properties":{"id":"way/880089960","name":"校内建筑 880089960","kind":"buildings","osmVersion":1,"osmEditedAt":"2020-12-02T08:52:49Z","sourceUrl":"https://www.openstreetmap.org/way/880089960","insideCampus":true,"tags":{"building":"university"},"category":"academic","height":16.5,"heightBasis":"按类型估算","facadeBasis":"按建筑类型推定","landmark":null},"geometry":{"type":"Polygon","coordinates":[[[108.2921416,22.8458991],[108.2921223,22.8459098],[108.2921089,22.8459265],[108.2921035,22.8459466],[108.2921069,22.8459672],[108.2921185,22.8459849],[108.2921366,22.8459973],[108.2921585,22.8460023],[108.2921808,22.8459992],[108.2922001,22.8459884],[108.2922134,22.8459717],[108.2922189,22.8459516],[108.2922155,22.8459311],[108.2922039,22.8459133],[108.2921857,22.845901],[108.2921639,22.845896],[108.2921416,22.8458991]]]}},{"type":"Feature","id":"way/880089961","properties":{"id":"way/880089961","name":"校内建筑 880089961","kind":"buildings","osmVersion":2,"osmEditedAt":"2022-11-17T07:40:55Z","sourceUrl":"https://www.openstreetmap.org/way/880089961","insideCampus":true,"tags":{"building":"roof","layer":"1"},"category":"service","height":9.899999999999999,"heightBasis":"按类型估算","facadeBasis":"按建筑类型推定","landmark":null},"geometry":{"type":"Polygon","coordinates":[[[108.2916347,22.8461081],[108.2917074,22.8458231],[108.2916755,22.8458162],[108.2916506,22.8459137],[108.2916109,22.8459051],[108.2915846,22.8460081],[108.2916244,22.8460167],[108.2916028,22.8461012],[108.2916347,22.8461081]]]}},{"type":"Feature","id":"way/880669500","properties":{"id":"way/880669500","name":"","kind":"roads","osmVersion":1,"osmEditedAt":"2020-12-03T15:33:39Z","sourceUrl":"https://www.openstreetmap.org/way/880669500","insideCampus":true,"tags":{"highway":"footway"}},"geometry":{"type":"LineString","coordinates":[[108.2895635,22.839815],[108.2903092,22.839815]]}},{"type":"Feature","id":"way/880669501","properties":{"id":"way/880669501","name":"校内建筑 880669501","kind":"buildings","osmVersion":2,"osmEditedAt":"2026-04-20T15:35:24Z","sourceUrl":"https://www.openstreetmap.org/way/880669501","insideCampus":true,"tags":{"building":"yes","roof:colour":"#51524C"},"category":"service","height":9.899999999999999,"heightBasis":"按类型估算","facadeBasis":"按建筑类型推定","landmark":null},"geometry":{"type":"Polygon","coordinates":[[[108.2895347,22.840517],[108.2898241,22.8405398],[108.2898368,22.8404026],[108.2895474,22.8403799],[108.2895347,22.840517]]]}},{"type":"Feature","id":"way/880669502","properties":{"id":"way/880669502","name":"校内建筑 880669502","kind":"buildings","osmVersion":2,"osmEditedAt":"2026-04-20T15:35:24Z","sourceUrl":"https://www.openstreetmap.org/way/880669502","insideCampus":true,"tags":{"building":"yes","roof:colour":"#738F9B"},"category":"service","height":9.899999999999999,"heightBasis":"按类型估算","facadeBasis":"按建筑类型推定","landmark":null},"geometry":{"type":"Polygon","coordinates":[[[108.2895969,22.8402433],[108.2895543,22.8402399],[108.2895414,22.8403794],[108.2898096,22.8404005],[108.2898225,22.840261],[108.2895969,22.8402433]]]}},{"type":"Feature","id":"way/897194430","properties":{"id":"way/897194430","name":"","kind":"sports","osmVersion":1,"osmEditedAt":"2021-01-19T16:20:37Z","sourceUrl":"https://www.openstreetmap.org/way/897194430","insideCampus":false,"tags":{"leisure":"pitch","sport":"basketball"}},"geometry":{"type":"Polygon","coordinates":[[[108.2966509,22.8439669],[108.2966495,22.8442128],[108.2967902,22.8442134],[108.2967915,22.8439675],[108.2966509,22.8439669]]]}},{"type":"Feature","id":"way/897194431","properties":{"id":"way/897194431","name":"","kind":"sports","osmVersion":1,"osmEditedAt":"2021-01-19T16:20:37Z","sourceUrl":"https://www.openstreetmap.org/way/897194431","insideCampus":false,"tags":{"leisure":"pitch","sport":"basketball"}},"geometry":{"type":"Polygon","coordinates":[[[108.2968286,22.8439656],[108.2968273,22.8442115],[108.296968,22.8442121],[108.2969693,22.8439662],[108.2968286,22.8439656]]]}},{"type":"Feature","id":"way/897194432","properties":{"id":"way/897194432","name":"","kind":"sports","osmVersion":1,"osmEditedAt":"2021-01-19T16:20:37Z","sourceUrl":"https://www.openstreetmap.org/way/897194432","insideCampus":false,"tags":{"leisure":"pitch","sport":"basketball"}},"geometry":{"type":"Polygon","coordinates":[[[108.2969961,22.8439644],[108.2969947,22.8442102],[108.2971354,22.8442109],[108.2971367,22.843965],[108.2969961,22.8439644]]]}},{"type":"Feature","id":"way/897194433","properties":{"id":"way/897194433","name":"","kind":"sports","osmVersion":1,"osmEditedAt":"2021-01-19T16:20:37Z","sourceUrl":"https://www.openstreetmap.org/way/897194433","insideCampus":false,"tags":{"leisure":"pitch","sport":"basketball"}},"geometry":{"type":"Polygon","coordinates":[[[108.2971531,22.8439632],[108.2971518,22.8442091],[108.2972924,22.8442097],[108.2972938,22.8439638],[108.2971531,22.8439632]]]}},{"type":"Feature","id":"way/897194434","properties":{"id":"way/897194434","name":"","kind":"sports","osmVersion":1,"osmEditedAt":"2021-01-19T16:20:37Z","sourceUrl":"https://www.openstreetmap.org/way/897194434","insideCampus":false,"tags":{"leisure":"pitch","sport":"basketball"}},"geometry":{"type":"Polygon","coordinates":[[[108.2971537,22.8436904],[108.2971524,22.8439363],[108.297293,22.8439369],[108.2972944,22.8436911],[108.2971537,22.8436904]]]}},{"type":"Feature","id":"way/897194435","properties":{"id":"way/897194435","name":"","kind":"sports","osmVersion":1,"osmEditedAt":"2021-01-19T16:20:37Z","sourceUrl":"https://www.openstreetmap.org/way/897194435","insideCampus":false,"tags":{"leisure":"pitch","sport":"basketball"}},"geometry":{"type":"Polygon","coordinates":[[[108.2969967,22.8436916],[108.2969953,22.8439374],[108.297136,22.8439381],[108.2971373,22.8436922],[108.2969967,22.8436916]]]}},{"type":"Feature","id":"way/897194436","properties":{"id":"way/897194436","name":"","kind":"sports","osmVersion":1,"osmEditedAt":"2021-01-19T16:20:37Z","sourceUrl":"https://www.openstreetmap.org/way/897194436","insideCampus":false,"tags":{"leisure":"pitch","sport":"basketball"}},"geometry":{"type":"Polygon","coordinates":[[[108.2968292,22.8436928],[108.2968279,22.8439387],[108.2969686,22.8439393],[108.2969699,22.8436935],[108.2968292,22.8436928]]]}},{"type":"Feature","id":"way/897194437","properties":{"id":"way/897194437","name":"","kind":"sports","osmVersion":1,"osmEditedAt":"2021-01-19T16:20:37Z","sourceUrl":"https://www.openstreetmap.org/way/897194437","insideCampus":false,"tags":{"leisure":"pitch","sport":"basketball"}},"geometry":{"type":"Polygon","coordinates":[[[108.2966515,22.8436941],[108.2966501,22.84394],[108.2967908,22.8439406],[108.2967921,22.8436948],[108.2966515,22.8436941]]]}},{"type":"Feature","id":"way/897194438","properties":{"id":"way/897194438","name":"","kind":"sports","osmVersion":1,"osmEditedAt":"2021-01-19T16:20:37Z","sourceUrl":"https://www.openstreetmap.org/way/897194438","insideCampus":false,"tags":{"leisure":"pitch","sport":"basketball"}},"geometry":{"type":"Polygon","coordinates":[[[108.2971641,22.8434105],[108.2971628,22.8436564],[108.2973034,22.843657],[108.2973048,22.8434112],[108.2971641,22.8434105]]]}},{"type":"Feature","id":"way/897194439","properties":{"id":"way/897194439","name":"","kind":"sports","osmVersion":1,"osmEditedAt":"2021-01-19T16:20:37Z","sourceUrl":"https://www.openstreetmap.org/way/897194439","insideCampus":false,"tags":{"leisure":"pitch","sport":"basketball"}},"geometry":{"type":"Polygon","coordinates":[[[108.2970071,22.8434117],[108.2970057,22.8436576],[108.2971464,22.8436582],[108.2971477,22.8434123],[108.2970071,22.8434117]]]}},{"type":"Feature","id":"way/897194440","properties":{"id":"way/897194440","name":"","kind":"sports","osmVersion":1,"osmEditedAt":"2021-01-19T16:20:37Z","sourceUrl":"https://www.openstreetmap.org/way/897194440","insideCampus":false,"tags":{"leisure":"pitch","sport":"basketball"}},"geometry":{"type":"Polygon","coordinates":[[[108.2968396,22.8434129],[108.2968383,22.8436588],[108.296979,22.8436594],[108.2969803,22.8434136],[108.2968396,22.8434129]]]}},{"type":"Feature","id":"way/897194441","properties":{"id":"way/897194441","name":"","kind":"sports","osmVersion":1,"osmEditedAt":"2021-01-19T16:20:37Z","sourceUrl":"https://www.openstreetmap.org/way/897194441","insideCampus":false,"tags":{"leisure":"pitch","sport":"basketball"}},"geometry":{"type":"Polygon","coordinates":[[[108.2966619,22.8434143],[108.2966605,22.8436601],[108.2968012,22.8436608],[108.2968025,22.8434149],[108.2966619,22.8434143]]]}},{"type":"Feature","id":"way/897194442","properties":{"id":"way/897194442","name":"","kind":"sports","osmVersion":1,"osmEditedAt":"2021-01-19T16:20:37Z","sourceUrl":"https://www.openstreetmap.org/way/897194442","insideCampus":true,"tags":{"access":"yes","leisure":"pitch","lit":"yes","sport":"basketball"}},"geometry":{"type":"Polygon","coordinates":[[[108.2839164,22.8444427],[108.2839161,22.8441857],[108.2837765,22.8441858],[108.2837768,22.8444429],[108.2839164,22.8444427]]]}},{"type":"Feature","id":"way/897194443","properties":{"id":"way/897194443","name":"","kind":"sports","osmVersion":1,"osmEditedAt":"2021-01-19T16:20:37Z","sourceUrl":"https://www.openstreetmap.org/way/897194443","insideCampus":true,"tags":{"access":"yes","leisure":"pitch","lit":"yes","sport":"basketball"}},"geometry":{"type":"Polygon","coordinates":[[[108.2840946,22.8444414],[108.2840942,22.8441867],[108.2839558,22.8441869],[108.2839561,22.8444415],[108.2840946,22.8444414]]]}},{"type":"Feature","id":"way/897194444","properties":{"id":"way/897194444","name":"","kind":"sports","osmVersion":1,"osmEditedAt":"2021-01-19T16:20:37Z","sourceUrl":"https://www.openstreetmap.org/way/897194444","insideCampus":true,"tags":{"access":"yes","leisure":"pitch","lit":"yes","sport":"basketball"}},"geometry":{"type":"Polygon","coordinates":[[[108.2842692,22.8444367],[108.2842689,22.8441884],[108.2841304,22.8441885],[108.2841308,22.8444368],[108.2842692,22.8444367]]]}},{"type":"Feature","id":"way/897194445","properties":{"id":"way/897194445","name":"","kind":"sports","osmVersion":1,"osmEditedAt":"2021-01-19T16:20:37Z","sourceUrl":"https://www.openstreetmap.org/way/897194445","insideCampus":true,"tags":{"access":"yes","leisure":"pitch","lit":"yes","sport":"basketball"}},"geometry":{"type":"Polygon","coordinates":[[[108.2844442,22.8444374],[108.2844439,22.84419],[108.2843039,22.8441901],[108.2843043,22.8444375],[108.2844442,22.8444374]]]}},{"type":"Feature","id":"way/897194446","properties":{"id":"way/897194446","name":"","kind":"sports","osmVersion":1,"osmEditedAt":"2021-01-19T16:20:37Z","sourceUrl":"https://www.openstreetmap.org/way/897194446","insideCampus":true,"tags":{"access":"yes","leisure":"pitch","lit":"yes","sport":"basketball"}},"geometry":{"type":"Polygon","coordinates":[[[108.2844512,22.8441087],[108.2844509,22.8438613],[108.2843109,22.8438614],[108.2843112,22.8441088],[108.2844512,22.8441087]]]}},{"type":"Feature","id":"way/897194447","properties":{"id":"way/897194447","name":"","kind":"sports","osmVersion":1,"osmEditedAt":"2021-01-19T16:20:37Z","sourceUrl":"https://www.openstreetmap.org/way/897194447","insideCampus":true,"tags":{"access":"yes","leisure":"pitch","lit":"yes","sport":"basketball"}},"geometry":{"type":"Polygon","coordinates":[[[108.2842762,22.844108],[108.2842758,22.8438597],[108.2841373,22.8438598],[108.2841377,22.8441081],[108.2842762,22.844108]]]}},{"type":"Feature","id":"way/897194448","properties":{"id":"way/897194448","name":"","kind":"sports","osmVersion":1,"osmEditedAt":"2021-01-19T16:20:37Z","sourceUrl":"https://www.openstreetmap.org/way/897194448","insideCampus":true,"tags":{"access":"yes","leisure":"pitch","lit":"yes","sport":"basketball"}},"geometry":{"type":"Polygon","coordinates":[[[108.2841016,22.8441127],[108.2841012,22.843858],[108.2839627,22.8438582],[108.2839631,22.8441128],[108.2841016,22.8441127]]]}},{"type":"Feature","id":"way/897194449","properties":{"id":"way/897194449","name":"","kind":"sports","osmVersion":1,"osmEditedAt":"2021-01-19T16:20:37Z","sourceUrl":"https://www.openstreetmap.org/way/897194449","insideCampus":true,"tags":{"access":"yes","leisure":"pitch","lit":"yes","sport":"basketball"}},"geometry":{"type":"Polygon","coordinates":[[[108.2839234,22.844114],[108.283923,22.843857],[108.2837834,22.8438571],[108.2837838,22.8441142],[108.2839234,22.844114]]]}},{"type":"Feature","id":"way/897194450","properties":{"id":"way/897194450","name":"","kind":"sports","osmVersion":1,"osmEditedAt":"2021-01-19T16:20:37Z","sourceUrl":"https://www.openstreetmap.org/way/897194450","insideCampus":true,"tags":{"access":"yes","leisure":"pitch","lit":"yes","sport":"basketball"}},"geometry":{"type":"Polygon","coordinates":[[[108.2844529,22.8437914],[108.2844526,22.8435441],[108.2843126,22.8435442],[108.2843129,22.8437916],[108.2844529,22.8437914]]]}},{"type":"Feature","id":"way/897194451","properties":{"id":"way/897194451","name":"","kind":"sports","osmVersion":1,"osmEditedAt":"2021-01-19T16:20:37Z","sourceUrl":"https://www.openstreetmap.org/way/897194451","insideCampus":true,"tags":{"access":"yes","leisure":"pitch","lit":"yes","sport":"basketball"}},"geometry":{"type":"Polygon","coordinates":[[[108.2842779,22.8437907],[108.2842775,22.8435425],[108.284139,22.8435426],[108.2841394,22.8437909],[108.2842779,22.8437907]]]}},{"type":"Feature","id":"way/897194452","properties":{"id":"way/897194452","name":"","kind":"sports","osmVersion":1,"osmEditedAt":"2021-01-19T16:20:37Z","sourceUrl":"https://www.openstreetmap.org/way/897194452","insideCampus":true,"tags":{"access":"yes","leisure":"pitch","lit":"yes","sport":"basketball"}},"geometry":{"type":"Polygon","coordinates":[[[108.2841033,22.8437955],[108.2841029,22.8435408],[108.2839644,22.8435409],[108.2839648,22.8437956],[108.2841033,22.8437955]]]}},{"type":"Feature","id":"way/897194453","properties":{"id":"way/897194453","name":"","kind":"sports","osmVersion":1,"osmEditedAt":"2021-01-19T16:20:37Z","sourceUrl":"https://www.openstreetmap.org/way/897194453","insideCampus":true,"tags":{"access":"yes","leisure":"pitch","lit":"yes","sport":"basketball"}},"geometry":{"type":"Polygon","coordinates":[[[108.2839251,22.8437968],[108.2839248,22.8435398],[108.2837851,22.8435399],[108.2837855,22.8437969],[108.2839251,22.8437968]]]}},{"type":"Feature","id":"way/897194454","properties":{"id":"way/897194454","name":"","kind":"sports","osmVersion":1,"osmEditedAt":"2021-01-19T16:20:37Z","sourceUrl":"https://www.openstreetmap.org/way/897194454","insideCampus":true,"tags":{"access":"yes","leisure":"pitch","lit":"yes","sport":"basketball"}},"geometry":{"type":"Polygon","coordinates":[[[108.2844529,22.8434553],[108.2844526,22.8432079],[108.2843126,22.843208],[108.2843129,22.8434554],[108.2844529,22.8434553]]]}},{"type":"Feature","id":"way/897194455","properties":{"id":"way/897194455","name":"","kind":"sports","osmVersion":1,"osmEditedAt":"2021-01-19T16:20:37Z","sourceUrl":"https://www.openstreetmap.org/way/897194455","insideCampus":true,"tags":{"access":"yes","leisure":"pitch","lit":"yes","sport":"basketball"}},"geometry":{"type":"Polygon","coordinates":[[[108.2842779,22.8434546],[108.2842775,22.8432063],[108.284139,22.8432065],[108.2841394,22.8434547],[108.2842779,22.8434546]]]}},{"type":"Feature","id":"way/897194456","properties":{"id":"way/897194456","name":"","kind":"sports","osmVersion":1,"osmEditedAt":"2021-01-19T16:20:37Z","sourceUrl":"https://www.openstreetmap.org/way/897194456","insideCampus":true,"tags":{"access":"yes","leisure":"pitch","lit":"yes","sport":"basketball"}},"geometry":{"type":"Polygon","coordinates":[[[108.2841033,22.8434593],[108.2841029,22.8432046],[108.2839644,22.8432048],[108.2839648,22.8434595],[108.2841033,22.8434593]]]}},{"type":"Feature","id":"way/897194457","properties":{"id":"way/897194457","name":"","kind":"sports","osmVersion":1,"osmEditedAt":"2021-01-19T16:20:37Z","sourceUrl":"https://www.openstreetmap.org/way/897194457","insideCampus":true,"tags":{"access":"yes","leisure":"pitch","lit":"yes","sport":"basketball"}},"geometry":{"type":"Polygon","coordinates":[[[108.2839251,22.8434606],[108.2839248,22.8432036],[108.2837851,22.8432037],[108.2837855,22.8434608],[108.2839251,22.8434606]]]}},{"type":"Feature","id":"way/942454961","properties":{"id":"way/942454961","name":"","kind":"roads","osmVersion":2,"osmEditedAt":"2022-11-17T07:40:55Z","sourceUrl":"https://www.openstreetmap.org/way/942454961","insideCampus":false,"tags":{"highway":"secondary_link","oneway":"yes"}},"geometry":{"type":"LineString","coordinates":[[108.2932743,22.8577259],[108.2932538,22.857576],[108.2931725,22.8574861],[108.2925952,22.857044],[108.2924204,22.856988]]}},{"type":"Feature","id":"way/942454965","properties":{"id":"way/942454965","name":"秀厢大道","kind":"roads","osmVersion":5,"osmEditedAt":"2025-09-28T08:55:58Z","sourceUrl":"https://www.openstreetmap.org/way/942454965","insideCampus":false,"tags":{"alt_name":"快速环路","bicycle":"no","foot":"no","highway":"trunk","lanes":"3","lit":"yes","maxspeed":"80","mofa":"no","moped":"no","motor_vehicle":"designated","motorcycle":"no","motorroad":"yes","name":"秀厢大道","oneway":"yes","surface":"asphalt"}},"geometry":{"type":"LineString","coordinates":[[108.29560608653742,22.856393005653413],[108.2955281,22.8564043]]}},{"type":"Feature","id":"way/942454967","properties":{"id":"way/942454967","name":"秀厢大道","kind":"roads","osmVersion":5,"osmEditedAt":"2025-09-28T08:56:00Z","sourceUrl":"https://www.openstreetmap.org/way/942454967","insideCampus":false,"tags":{"alt_name":"快速环路","bicycle":"no","foot":"no","highway":"trunk","lanes":"3","lit":"yes","maxspeed":"80","mofa":"no","moped":"no","motor_vehicle":"designated","motorcycle":"no","motorroad":"yes","name":"秀厢大道","oneway":"yes","surface":"asphalt"}},"geometry":{"type":"LineString","coordinates":[[108.2955162,22.8562363],[108.29589120658237,22.85621177485469]]}},{"type":"Feature","id":"way/942454968","properties":{"id":"way/942454968","name":"","kind":"roads","osmVersion":5,"osmEditedAt":"2025-02-21T02:02:39Z","sourceUrl":"https://www.openstreetmap.org/way/942454968","insideCampus":false,"tags":{"bicycle":"no","destination":"秀厢大道西;鲁班路;科园大道","foot":"no","highway":"trunk_link","mofa":"no","moped":"no","motor_vehicle":"designated","motorcycle":"no","motorroad":"yes","oneway":"yes"}},"geometry":{"type":"LineString","coordinates":[[108.29557891360078,22.85640773380485],[108.2955281,22.8564043]]}},{"type":"Feature","id":"way/942454971","properties":{"id":"way/942454971","name":"","kind":"roads","osmVersion":2,"osmEditedAt":"2025-02-21T02:02:39Z","sourceUrl":"https://www.openstreetmap.org/way/942454971","insideCampus":false,"tags":{"destination":"友爱路;安吉大道","highway":"trunk_link","oneway":"yes"}},"geometry":{"type":"LineString","coordinates":[[108.2955162,22.8562363],[108.29600401584351,22.8561226307451]]}},{"type":"Feature","id":"way/942454972","properties":{"id":"way/942454972","name":"秀灵路","kind":"roads","osmVersion":3,"osmEditedAt":"2021-08-08T01:00:28Z","sourceUrl":"https://www.openstreetmap.org/way/942454972","insideCampus":false,"tags":{"highway":"tertiary","name":"秀灵路","name:vi":"Đường Tú Linh","oneway":"yes"}},"geometry":{"type":"LineString","coordinates":[[108.2936247,22.8563618],[108.294166,22.8541141],[108.2942697,22.8538576]]}},{"type":"Feature","id":"way/942454973","properties":{"id":"way/942454973","name":"秀灵路","kind":"roads","osmVersion":2,"osmEditedAt":"2021-08-08T01:00:28Z","sourceUrl":"https://www.openstreetmap.org/way/942454973","insideCampus":false,"tags":{"highway":"tertiary","name":"秀灵路","name:vi":"Đường Tú Linh","oneway":"yes"}},"geometry":{"type":"LineString","coordinates":[[108.2942697,22.8538576],[108.2942556,22.8541236],[108.2937477,22.8563639]]}},{"type":"Feature","id":"way/942454974","properties":{"id":"way/942454974","name":"","kind":"roads","osmVersion":2,"osmEditedAt":"2022-11-17T07:40:55Z","sourceUrl":"https://www.openstreetmap.org/way/942454974","insideCampus":false,"tags":{"highway":"secondary_link","oneway":"yes"}},"geometry":{"type":"LineString","coordinates":[[108.2941675,22.8567795],[108.2939073,22.8569535],[108.2935648,22.8572632],[108.2935049,22.8573455]]}},{"type":"Feature","id":"way/942454975","properties":{"id":"way/942454975","name":"","kind":"roads","osmVersion":2,"osmEditedAt":"2022-11-17T07:40:55Z","sourceUrl":"https://www.openstreetmap.org/way/942454975","insideCampus":false,"tags":{"highway":"secondary_link","oneway":"yes"}},"geometry":{"type":"LineString","coordinates":[[108.2930206,22.8564165],[108.2936887,22.8559],[108.2937481,22.8558495]]}},{"type":"Feature","id":"way/942454976","properties":{"id":"way/942454976","name":"","kind":"roads","osmVersion":2,"osmEditedAt":"2022-11-17T07:40:55Z","sourceUrl":"https://www.openstreetmap.org/way/942454976","insideCampus":false,"tags":{"highway":"secondary_link","oneway":"yes"}},"geometry":{"type":"LineString","coordinates":[[108.2938676,22.855835],[108.2939364,22.8559359],[108.2942372,22.8562131],[108.2944094,22.85627]]}},{"type":"Feature","id":"way/942454977","properties":{"id":"way/942454977","name":"","kind":"roads","osmVersion":2,"osmEditedAt":"2022-11-17T07:40:55Z","sourceUrl":"https://www.openstreetmap.org/way/942454977","insideCampus":false,"tags":{"highway":"secondary_link","oneway":"yes"}},"geometry":{"type":"LineString","coordinates":[[108.2941675,22.8567795],[108.2941275,22.8567675],[108.2940744,22.8566077],[108.2940709,22.8564479],[108.2940992,22.8563631],[108.2941492,22.8563069]]}},{"type":"Feature","id":"way/942454978","properties":{"id":"way/942454978","name":"","kind":"roads","osmVersion":2,"osmEditedAt":"2022-11-17T07:40:55Z","sourceUrl":"https://www.openstreetmap.org/way/942454978","insideCampus":false,"tags":{"highway":"secondary_link","oneway":"yes"}},"geometry":{"type":"LineString","coordinates":[[108.2930206,22.8564165],[108.2931365,22.8564871],[108.2932002,22.8565523],[108.2932392,22.8566697],[108.2932498,22.8568165],[108.2931818,22.8569311]]}},{"type":"Feature","id":"way/948683800","properties":{"id":"way/948683800","name":"","kind":"roads","osmVersion":1,"osmEditedAt":"2021-05-30T13:50:19Z","sourceUrl":"https://www.openstreetmap.org/way/948683800","insideCampus":true,"tags":{"highway":"service"}},"geometry":{"type":"LineString","coordinates":[[108.2894415,22.8557661],[108.2885846,22.8558879],[108.2885348,22.8555634],[108.2884786,22.8551581]]}},{"type":"Feature","id":"way/948683801","properties":{"id":"way/948683801","name":"校内建筑 948683801","kind":"buildings","osmVersion":1,"osmEditedAt":"2021-05-30T13:50:19Z","sourceUrl":"https://www.openstreetmap.org/way/948683801","insideCampus":true,"tags":{"building":"yes"},"category":"service","height":9.899999999999999,"heightBasis":"按类型估算","facadeBasis":"按建筑类型推定","landmark":null},"geometry":{"type":"Polygon","coordinates":[[[108.288713,22.8556415],[108.2887409,22.8558336],[108.2892794,22.8557671],[108.2892515,22.8555751],[108.288713,22.8556415]]]}},{"type":"Feature","id":"way/948683803","properties":{"id":"way/948683803","name":"校内建筑 948683803","kind":"buildings","osmVersion":1,"osmEditedAt":"2021-05-30T13:50:19Z","sourceUrl":"https://www.openstreetmap.org/way/948683803","insideCampus":true,"tags":{"building":"yes"},"category":"service","height":9.899999999999999,"heightBasis":"按类型估算","facadeBasis":"按建筑类型推定","landmark":null},"geometry":{"type":"Polygon","coordinates":[[[108.2886621,22.8552609],[108.28869,22.8554529],[108.2892284,22.8553865],[108.2892005,22.8551945],[108.2886621,22.8552609]]]}},{"type":"Feature","id":"way/948683805","properties":{"id":"way/948683805","name":"","kind":"roads","osmVersion":1,"osmEditedAt":"2021-05-30T13:50:19Z","sourceUrl":"https://www.openstreetmap.org/way/948683805","insideCampus":true,"tags":{"highway":"service"}},"geometry":{"type":"LineString","coordinates":[[108.2898888,22.8541309],[108.2896465,22.8549831]]}},{"type":"Feature","id":"way/948683806","properties":{"id":"way/948683806","name":"","kind":"roads","osmVersion":2,"osmEditedAt":"2021-06-22T17:15:44Z","sourceUrl":"https://www.openstreetmap.org/way/948683806","insideCampus":true,"tags":{"highway":"residential"}},"geometry":{"type":"LineString","coordinates":[[108.2911455,22.8548232],[108.2896465,22.8549831],[108.2886691,22.8551148],[108.2884786,22.8551581],[108.2882479,22.8552347],[108.2880628,22.8553089]]}},{"type":"Feature","id":"way/948683807","properties":{"id":"way/948683807","name":"","kind":"roads","osmVersion":2,"osmEditedAt":"2021-06-22T17:15:44Z","sourceUrl":"https://www.openstreetmap.org/way/948683807","insideCampus":true,"tags":{"highway":"service"}},"geometry":{"type":"LineString","coordinates":[[108.2852513,22.837053],[108.2853044,22.8370404],[108.2854021,22.8370547],[108.2854745,22.8371165],[108.2855067,22.8372203],[108.2854914,22.8377927]]}},{"type":"Feature","id":"way/948683808","properties":{"id":"way/948683808","name":"","kind":"roads","osmVersion":1,"osmEditedAt":"2021-05-30T13:50:19Z","sourceUrl":"https://www.openstreetmap.org/way/948683808","insideCampus":true,"tags":{"highway":"service"}},"geometry":{"type":"LineString","coordinates":[[108.2916567,22.8470139],[108.2916646,22.8479955]]}},{"type":"Feature","id":"way/948683812","properties":{"id":"way/948683812","name":"体育学院","kind":"buildings","osmVersion":3,"osmEditedAt":"2021-06-23T06:09:07Z","sourceUrl":"https://www.openstreetmap.org/way/948683812","insideCampus":true,"tags":{"building":"university","faculty":"physical_education","name":"体育学院","office":"educational_institution","operator":"广西大学","website":"https://tyxy.gxu.edu.cn/"},"category":"culture","height":6.6,"heightBasis":"按类型估算","facadeBasis":"按建筑类型推定","landmark":null},"geometry":{"type":"Polygon","coordinates":[[[108.2866349,22.8434073],[108.2866358,22.8432367],[108.2865825,22.843192],[108.2863869,22.8431908],[108.2863873,22.8432815],[108.2865274,22.843282],[108.2865459,22.8433014],[108.286545,22.8434076],[108.2866349,22.8434073]]]}},{"type":"Feature","id":"way/948683813","properties":{"id":"way/948683813","name":"校内建筑 948683813","kind":"buildings","osmVersion":2,"osmEditedAt":"2022-07-07T08:58:32Z","sourceUrl":"https://www.openstreetmap.org/way/948683813","insideCampus":true,"tags":{"building":"yes"},"category":"service","height":9.899999999999999,"heightBasis":"按类型估算","facadeBasis":"按建筑类型推定","landmark":null},"geometry":{"type":"Polygon","coordinates":[[[108.2864736,22.8437035],[108.2866988,22.8437028],[108.2866977,22.8434071],[108.2864725,22.8434078],[108.2864736,22.8437035]]]}},{"type":"Feature","id":"way/948683814","properties":{"id":"way/948683814","name":"校内建筑 948683814","kind":"buildings","osmVersion":2,"osmEditedAt":"2022-07-07T08:58:32Z","sourceUrl":"https://www.openstreetmap.org/way/948683814","insideCampus":true,"tags":{"building":"yes","leisure":"pitch","sport":"basketball"},"category":"service","height":9.899999999999999,"heightBasis":"按类型估算","facadeBasis":"按建筑类型推定","landmark":null},"geometry":{"type":"Polygon","coordinates":[[[108.285925,22.8431923],[108.2859262,22.8435051],[108.2863881,22.8435037],[108.2863869,22.8431908],[108.285925,22.8431923]]]}},{"type":"Feature","id":"way/948683815","properties":{"id":"way/948683815","name":"西田径场主席台","kind":"buildings","osmVersion":2,"osmEditedAt":"2022-11-17T07:40:55Z","sourceUrl":"https://www.openstreetmap.org/way/948683815","insideCampus":true,"tags":{"building":"roof","layer":"1"},"category":"culture","height":9.899999999999999,"heightBasis":"按类型估算","facadeBasis":"2025 校方照片：开放主席台、白色挑檐、桁架及分色阶梯座席；尺寸估算","landmark":null},"geometry":{"type":"Polygon","coordinates":[[[108.2856168,22.8441899],[108.2857965,22.8441897],[108.2857961,22.8439363],[108.2856165,22.8439365],[108.2856168,22.8441899]]]}},{"type":"Feature","id":"way/948683817","properties":{"id":"way/948683817","name":"","kind":"roads","osmVersion":1,"osmEditedAt":"2021-05-30T13:50:19Z","sourceUrl":"https://www.openstreetmap.org/way/948683817","insideCampus":true,"tags":{"highway":"service","service":"parking_aisle"}},"geometry":{"type":"LineString","coordinates":[[108.2855445,22.8419738],[108.2864762,22.8419833],[108.2867646,22.8419886]]}},{"type":"Feature","id":"way/948683818","properties":{"id":"way/948683818","name":"","kind":"roads","osmVersion":1,"osmEditedAt":"2021-05-30T13:50:19Z","sourceUrl":"https://www.openstreetmap.org/way/948683818","insideCampus":true,"tags":{"highway":"service","service":"parking_aisle"}},"geometry":{"type":"LineString","coordinates":[[108.2852762,22.8421098],[108.2855429,22.8421159],[108.2855482,22.8418268]]}},{"type":"Feature","id":"way/948683819","properties":{"id":"way/948683819","name":"","kind":"roads","osmVersion":1,"osmEditedAt":"2021-05-30T13:50:19Z","sourceUrl":"https://www.openstreetmap.org/way/948683819","insideCampus":true,"tags":{"highway":"service","service":"parking_aisle"}},"geometry":{"type":"LineString","coordinates":[[108.2864762,22.8419833],[108.286475,22.8418441]]}},{"type":"Feature","id":"way/948683820","properties":{"id":"way/948683820","name":"崇文路","kind":"roads","osmVersion":1,"osmEditedAt":"2021-05-30T13:50:19Z","sourceUrl":"https://www.openstreetmap.org/way/948683820","insideCampus":true,"tags":{"highway":"living_street","name":"崇文路"}},"geometry":{"type":"LineString","coordinates":[[108.2852762,22.8421098],[108.2852675,22.8430886]]}},{"type":"Feature","id":"way/948683821","properties":{"id":"way/948683821","name":"南苑第二餐厅","kind":"buildings","osmVersion":2,"osmEditedAt":"2026-04-20T15:35:24Z","sourceUrl":"https://www.openstreetmap.org/way/948683821","insideCampus":true,"tags":{"amenity":"restaurant","building":"yes","name":"南苑第二餐厅","short_name":"南苑二餐厅;南苑"},"category":"living","height":19.799999999999997,"heightBasis":"按类型估算","facadeBasis":"按建筑类型推定","landmark":null},"geometry":{"type":"Polygon","coordinates":[[[108.2894679,22.8406627],[108.2894757,22.8406631],[108.2894588,22.8409777],[108.2894511,22.8409773],[108.2894486,22.8410227],[108.2896003,22.8410296],[108.2896367,22.8409533],[108.2896518,22.840671],[108.2896785,22.8406722],[108.2896774,22.8406915],[108.2897378,22.8406942],[108.2897388,22.8406749],[108.2897744,22.8406765],[108.2897765,22.8406388],[108.2897865,22.8406393],[108.2897885,22.8406021],[108.2894719,22.8405877],[108.2894679,22.8406627]]]}},{"type":"Feature","id":"way/948683822","properties":{"id":"way/948683822","name":"","kind":"roads","osmVersion":1,"osmEditedAt":"2021-05-30T13:50:19Z","sourceUrl":"https://www.openstreetmap.org/way/948683822","insideCampus":true,"tags":{"highway":"steps"}},"geometry":{"type":"LineString","coordinates":[[108.2893234,22.8423817],[108.2893717,22.8423026]]}},{"type":"Feature","id":"way/948683824","properties":{"id":"way/948683824","name":"","kind":"roads","osmVersion":1,"osmEditedAt":"2021-05-30T13:50:19Z","sourceUrl":"https://www.openstreetmap.org/way/948683824","insideCampus":true,"tags":{"highway":"steps"}},"geometry":{"type":"LineString","coordinates":[[108.2895434,22.8423755],[108.2894817,22.842462]]}},{"type":"Feature","id":"way/948683825","properties":{"id":"way/948683825","name":"","kind":"roads","osmVersion":1,"osmEditedAt":"2021-05-30T13:50:19Z","sourceUrl":"https://www.openstreetmap.org/way/948683825","insideCampus":true,"tags":{"highway":"footway"}},"geometry":{"type":"LineString","coordinates":[[108.2895434,22.8423755],[108.2896131,22.8424014]]}},{"type":"Feature","id":"way/948683826","properties":{"id":"way/948683826","name":"","kind":"roads","osmVersion":1,"osmEditedAt":"2021-05-30T13:50:19Z","sourceUrl":"https://www.openstreetmap.org/way/948683826","insideCampus":true,"tags":{"highway":"footway"}},"geometry":{"type":"LineString","coordinates":[[108.2895377,22.8426723],[108.2893959,22.8425905]]}},{"type":"Feature","id":"way/948683827","properties":{"id":"way/948683827","name":"","kind":"roads","osmVersion":1,"osmEditedAt":"2021-05-30T13:50:19Z","sourceUrl":"https://www.openstreetmap.org/way/948683827","insideCampus":true,"tags":{"highway":"steps"}},"geometry":{"type":"LineString","coordinates":[[108.2893959,22.8425905],[108.2894817,22.842462]]}},{"type":"Feature","id":"way/948683828","properties":{"id":"way/948683828","name":"","kind":"roads","osmVersion":1,"osmEditedAt":"2021-05-30T13:50:19Z","sourceUrl":"https://www.openstreetmap.org/way/948683828","insideCampus":true,"tags":{"highway":"footway"}},"geometry":{"type":"LineString","coordinates":[[108.2893717,22.8423026],[108.2893664,22.8422519],[108.289369,22.8422024],[108.2893851,22.8421579],[108.2895066,22.8419219]]}},{"type":"Feature","id":"way/948683829","properties":{"id":"way/948683829","name":"","kind":"roads","osmVersion":1,"osmEditedAt":"2021-05-30T13:50:19Z","sourceUrl":"https://www.openstreetmap.org/way/948683829","insideCampus":true,"tags":{"highway":"steps"}},"geometry":{"type":"LineString","coordinates":[[108.2897928,22.8422358],[108.2898391,22.8420374]]}},{"type":"Feature","id":"way/948683830","properties":{"id":"way/948683830","name":"","kind":"roads","osmVersion":1,"osmEditedAt":"2021-05-30T13:50:19Z","sourceUrl":"https://www.openstreetmap.org/way/948683830","insideCampus":true,"tags":{"highway":"path"}},"geometry":{"type":"LineString","coordinates":[[108.2897101,22.8433201],[108.2897285,22.8432295],[108.2894039,22.8431529],[108.2896131,22.8424014],[108.289648,22.8423273],[108.289707,22.8422729],[108.2897928,22.8422358],[108.2898948,22.8422086],[108.2900047,22.8422012],[108.2901227,22.8422185],[108.2904124,22.8422778],[108.2905492,22.8423396],[108.2906431,22.8424212]]}},{"type":"Feature","id":"way/955560052","properties":{"id":"way/955560052","name":"","kind":"roads","osmVersion":2,"osmEditedAt":"2022-07-07T08:58:32Z","sourceUrl":"https://www.openstreetmap.org/way/955560052","insideCampus":true,"tags":{"highway":"service","service":"drive-through"}},"geometry":{"type":"LineString","coordinates":[[108.2871961,22.8418487],[108.2872649,22.8417771],[108.2875291,22.8417776],[108.2876203,22.8418525]]}},{"type":"Feature","id":"way/955841468","properties":{"id":"way/955841468","name":"","kind":"roads","osmVersion":2,"osmEditedAt":"2021-06-19T09:09:21Z","sourceUrl":"https://www.openstreetmap.org/way/955841468","insideCampus":true,"tags":{"highway":"steps","incline":"up","indoor":"yes","level":"0;1"}},"geometry":{"type":"LineString","coordinates":[[108.2909642,22.8475813],[108.2910055,22.8475876]]}},{"type":"Feature","id":"way/955841469","properties":{"id":"way/955841469","name":"","kind":"roads","osmVersion":2,"osmEditedAt":"2021-06-19T09:09:21Z","sourceUrl":"https://www.openstreetmap.org/way/955841469","insideCampus":true,"tags":{"highway":"steps","indoor":"yes","level":"0;1;2;3;4"}},"geometry":{"type":"LineString","coordinates":[[108.2912058,22.8473421],[108.2912064,22.8474526],[108.2911891,22.8474527],[108.2911885,22.8473421]]}},{"type":"Feature","id":"way/955986088","properties":{"id":"way/955986088","name":"","kind":"roads","osmVersion":1,"osmEditedAt":"2021-06-19T09:09:21Z","sourceUrl":"https://www.openstreetmap.org/way/955986088","insideCampus":true,"tags":{"highway":"steps","indoor":"yes","level":"0;1;2;3;4"}},"geometry":{"type":"LineString","coordinates":[[108.2908304,22.8476568],[108.2908294,22.8475463],[108.2908468,22.8475462],[108.2908478,22.8476567]]}},{"type":"Feature","id":"way/955987491","properties":{"id":"way/955987491","name":"水塔","kind":"buildings","osmVersion":3,"osmEditedAt":"2021-07-11T15:04:32Z","sourceUrl":"https://www.openstreetmap.org/way/955987491","insideCampus":true,"tags":{"building":"water_tower","layer":"1","man_made":"water_tower","material":"brick","name":"水塔"},"category":"service","height":9.899999999999999,"heightBasis":"按类型估算","facadeBasis":"按建筑类型推定","landmark":null},"geometry":{"type":"Polygon","coordinates":[[[108.29056,22.8476174],[108.2905641,22.8476117],[108.2905669,22.8475984],[108.2905654,22.8475917],[108.2905572,22.8475804],[108.2905439,22.8475745],[108.2905365,22.8475741],[108.2905292,22.8475754],[108.290517,22.847583],[108.2905129,22.8475887],[108.2905101,22.8476021],[108.2905149,22.8476149],[108.2905198,22.84762],[108.2905331,22.847626],[108.2905405,22.8476264],[108.2905544,22.847622],[108.29056,22.8476174]]]}},{"type":"Feature","id":"way/956330008","properties":{"id":"way/956330008","name":"","kind":"water","osmVersion":1,"osmEditedAt":"2021-06-20T15:15:01Z","sourceUrl":"https://www.openstreetmap.org/way/956330008","insideCampus":false,"tags":{"natural":"water","water":"lake"}},"geometry":{"type":"Polygon","coordinates":[[[108.2836876,22.8524211],[108.2837492,22.8523773],[108.2837884,22.8523308],[108.2837884,22.8522843],[108.2837688,22.8522379],[108.2836708,22.8521605],[108.2835868,22.8521553],[108.2834131,22.8520856],[108.2833067,22.8520159],[108.2831554,22.8518533],[108.2830798,22.8517449],[108.2830518,22.8516468],[108.2830798,22.8514687],[108.2831638,22.8512106],[108.2831778,22.8511409],[108.2831526,22.851097],[108.2830014,22.8510557],[108.2829426,22.8510506],[108.2829146,22.8510738],[108.2828949,22.8511435],[108.2828753,22.8512003],[108.2828921,22.8512674],[108.2828333,22.8513526],[108.2828081,22.8514068],[108.2827745,22.8515461],[108.2827073,22.8517371],[108.2826989,22.8518404],[108.2827073,22.8519488],[108.2826821,22.8521166],[108.2826821,22.8523102],[108.2826849,22.8524599],[108.2826961,22.8525347],[108.2827297,22.8526354],[108.2827549,22.8526793],[108.2828081,22.852687],[108.2828949,22.8526844],[108.2830574,22.8526431],[108.2836876,22.8524211]]]}},{"type":"Feature","id":"way/956330010","properties":{"id":"way/956330010","name":"","kind":"water","osmVersion":1,"osmEditedAt":"2021-06-20T15:15:01Z","sourceUrl":"https://www.openstreetmap.org/way/956330010","insideCampus":true,"tags":{"natural":"water","water":"lake"}},"geometry":{"type":"Polygon","coordinates":[[[108.2858979,22.85222],[108.2857606,22.852504],[108.2857326,22.8526743],[108.2857354,22.8527388],[108.2857214,22.8528214],[108.2856486,22.852855],[108.2856094,22.8529686],[108.2855142,22.8531467],[108.2854946,22.8532344],[108.285489,22.8533144],[108.2855618,22.853348],[108.2856766,22.8534177],[108.2858587,22.8535984],[108.2860435,22.8537145],[108.2861276,22.8537558],[108.2861528,22.8536732],[108.286262,22.8536087],[108.2863937,22.8535467],[108.2865365,22.8535622],[108.286643,22.8536577],[108.2867774,22.853699],[108.2868726,22.8537016],[108.2869286,22.8536706],[108.2869483,22.8535545],[108.2870351,22.8534203],[108.2871975,22.8532628],[108.2872227,22.8532318],[108.2873796,22.8528756],[108.2873908,22.8526976],[108.2874244,22.8526021],[108.2874216,22.8525737],[108.2873096,22.8525685],[108.2872255,22.8525711],[108.2870043,22.8525659],[108.2867438,22.8525014],[108.2865757,22.8524369],[108.2864889,22.8523672],[108.2862788,22.8522897],[108.2859567,22.8522071],[108.2858979,22.85222]]]}},{"type":"Feature","id":"way/956330011","properties":{"id":"way/956330011","name":"","kind":"water","osmVersion":1,"osmEditedAt":"2021-06-20T15:15:01Z","sourceUrl":"https://www.openstreetmap.org/way/956330011","insideCampus":true,"tags":{"natural":"water","water":"pond"}},"geometry":{"type":"Polygon","coordinates":[[[108.2852792,22.8551557],[108.2848496,22.8551979],[108.2849122,22.8555327],[108.2853038,22.8554741],[108.2852792,22.8551557]]]}},{"type":"Feature","id":"way/956330012","properties":{"id":"way/956330012","name":"","kind":"water","osmVersion":1,"osmEditedAt":"2021-06-20T15:15:01Z","sourceUrl":"https://www.openstreetmap.org/way/956330012","insideCampus":true,"tags":{"natural":"water","water":"pond"}},"geometry":{"type":"Polygon","coordinates":[[[108.2848275,22.8551962],[108.2845956,22.8552293],[108.2846622,22.8555818],[108.2848919,22.8555446],[108.2848275,22.8551962]]]}},{"type":"Feature","id":"way/956330013","properties":{"id":"way/956330013","name":"","kind":"water","osmVersion":1,"osmEditedAt":"2021-06-20T15:15:01Z","sourceUrl":"https://www.openstreetmap.org/way/956330013","insideCampus":true,"tags":{"natural":"water","water":"pond"}},"geometry":{"type":"Polygon","coordinates":[[[108.284579,22.8552344],[108.2843443,22.8552753],[108.2844164,22.8556278],[108.2846455,22.8555801],[108.284579,22.8552344]]]}},{"type":"Feature","id":"way/956330014","properties":{"id":"way/956330014","name":"","kind":"water","osmVersion":1,"osmEditedAt":"2021-06-20T15:15:01Z","sourceUrl":"https://www.openstreetmap.org/way/956330014","insideCampus":true,"tags":{"natural":"water","water":"pond"}},"geometry":{"type":"Polygon","coordinates":[[[108.2843369,22.8553077],[108.2840893,22.8553588],[108.2841725,22.8556687],[108.2843998,22.8556244],[108.2843369,22.8553077]]]}},{"type":"Feature","id":"way/956330015","properties":{"id":"way/956330015","name":"","kind":"water","osmVersion":1,"osmEditedAt":"2021-06-20T15:15:01Z","sourceUrl":"https://www.openstreetmap.org/way/956330015","insideCampus":true,"tags":{"natural":"water","water":"pond"}},"geometry":{"type":"Polygon","coordinates":[[[108.2840764,22.8553826],[108.2838583,22.855432],[108.283923,22.8557181],[108.2841521,22.855667],[108.2840764,22.8553826]]]}},{"type":"Feature","id":"way/956330016","properties":{"id":"way/956330016","name":"","kind":"water","osmVersion":1,"osmEditedAt":"2021-06-20T15:15:01Z","sourceUrl":"https://www.openstreetmap.org/way/956330016","insideCampus":true,"tags":{"natural":"water","water":"pond"}},"geometry":{"type":"Polygon","coordinates":[[[108.2838343,22.8554235],[108.2836014,22.8554592],[108.2836864,22.8557555],[108.2839064,22.8557147],[108.2838343,22.8554235]]]}},{"type":"Feature","id":"way/956330017","properties":{"id":"way/956330017","name":"","kind":"water","osmVersion":1,"osmEditedAt":"2021-06-20T15:15:01Z","sourceUrl":"https://www.openstreetmap.org/way/956330017","insideCampus":true,"tags":{"natural":"water","water":"pond"}},"geometry":{"type":"Polygon","coordinates":[[[108.2835904,22.8554814],[108.2833668,22.8555239],[108.2834592,22.8558713],[108.2836883,22.8558322],[108.2835904,22.8554814]]]}},{"type":"Feature","id":"way/956330018","properties":{"id":"way/956330018","name":"","kind":"water","osmVersion":1,"osmEditedAt":"2021-06-20T15:15:01Z","sourceUrl":"https://www.openstreetmap.org/way/956330018","insideCampus":true,"tags":{"natural":"water","water":"pond"}},"geometry":{"type":"Polygon","coordinates":[[[108.2833538,22.8555444],[108.2833095,22.855558],[108.283169,22.8556482],[108.2830434,22.8556874],[108.282951,22.8556976],[108.2828807,22.8556959],[108.2827773,22.855667],[108.2827126,22.8557419],[108.2827532,22.8557691],[108.2828013,22.8557964],[108.282866,22.8558032],[108.2829159,22.8558202],[108.2829621,22.8558645],[108.2830064,22.8558611],[108.2830563,22.8558628],[108.2831616,22.8559122],[108.2832041,22.8559139],[108.283254,22.8558883],[108.2833169,22.85589],[108.2833538,22.8559156],[108.2834093,22.8558764],[108.2834314,22.8558407],[108.2833538,22.8555444]]]}},{"type":"Feature","id":"way/956330019","properties":{"id":"way/956330019","name":"","kind":"water","osmVersion":1,"osmEditedAt":"2021-06-20T15:15:01Z","sourceUrl":"https://www.openstreetmap.org/way/956330019","insideCampus":true,"tags":{"natural":"water","water":"pond"}},"geometry":{"type":"Polygon","coordinates":[[[108.2836957,22.8557695],[108.2837086,22.8558427],[108.2835349,22.8558785],[108.28357,22.8558955],[108.2837179,22.8559551],[108.2838047,22.8559773],[108.2838066,22.8559432],[108.2838195,22.8559279],[108.283899,22.8559262],[108.2839304,22.8559194],[108.283937,22.8557305],[108.2836957,22.8557695]]]}},{"type":"Feature","id":"way/956330022","properties":{"id":"way/956330022","name":"","kind":"roads","osmVersion":1,"osmEditedAt":"2021-06-20T15:15:01Z","sourceUrl":"https://www.openstreetmap.org/way/956330022","insideCampus":false,"tags":{"highway":"service"}},"geometry":{"type":"LineString","coordinates":[[108.2826643,22.8510092],[108.2827377,22.8508371],[108.2830655,22.8509714],[108.2832177,22.8510247],[108.2833184,22.8510622],[108.2834748,22.8510682],[108.2835177,22.8510662]]}},{"type":"Feature","id":"way/956330023","properties":{"id":"way/956330023","name":"","kind":"roads","osmVersion":1,"osmEditedAt":"2021-06-20T15:15:01Z","sourceUrl":"https://www.openstreetmap.org/way/956330023","insideCampus":false,"tags":{"highway":"service"}},"geometry":{"type":"LineString","coordinates":[[108.2819123,22.8507996],[108.2819145,22.8514006]]}},{"type":"Feature","id":"way/956330024","properties":{"id":"way/956330024","name":"","kind":"roads","osmVersion":1,"osmEditedAt":"2021-06-20T15:15:01Z","sourceUrl":"https://www.openstreetmap.org/way/956330024","insideCampus":false,"tags":{"highway":"service"}},"geometry":{"type":"LineString","coordinates":[[108.2816807,22.8513724],[108.2819123,22.8507996]]}},{"type":"Feature","id":"way/956330025","properties":{"id":"way/956330025","name":"","kind":"roads","osmVersion":1,"osmEditedAt":"2021-06-20T15:15:01Z","sourceUrl":"https://www.openstreetmap.org/way/956330025","insideCampus":false,"tags":{"highway":"service"}},"geometry":{"type":"LineString","coordinates":[[108.2819123,22.8507996],[108.2819893,22.8504561],[108.2820064,22.8496701],[108.2820257,22.8493344]]}},{"type":"Feature","id":"way/956330026","properties":{"id":"way/956330026","name":"","kind":"roads","osmVersion":1,"osmEditedAt":"2021-06-20T15:15:01Z","sourceUrl":"https://www.openstreetmap.org/way/956330026","insideCampus":false,"tags":{"highway":"service"}},"geometry":{"type":"LineString","coordinates":[[108.2836016,22.848078],[108.2836247,22.8484555],[108.2837423,22.8490762],[108.2837903,22.8492585],[108.2837253,22.849911],[108.2835564,22.8508599],[108.2835177,22.8510662],[108.2835467,22.8511712],[108.2835954,22.8514765],[108.2836474,22.8517429],[108.2836863,22.8518327],[108.2839501,22.8521998],[108.2839972,22.8522709],[108.2839951,22.8523223],[108.2839351,22.8523697],[108.2828079,22.8527528],[108.2825743,22.8527508],[108.2824221,22.8527508],[108.2823086,22.8527528],[108.2821543,22.8527093],[108.2820535,22.8525889],[108.2820578,22.8524625],[108.2822207,22.8514376],[108.2816807,22.8513724]]}},{"type":"Feature","id":"way/957214377","properties":{"id":"way/957214377","name":"","kind":"roads","osmVersion":2,"osmEditedAt":"2022-11-17T07:40:55Z","sourceUrl":"https://www.openstreetmap.org/way/957214377","insideCampus":true,"tags":{"highway":"service"}},"geometry":{"type":"LineString","coordinates":[[108.2836854,22.8582081],[108.2893154,22.8576075],[108.2897741,22.8576223],[108.2898438,22.857647],[108.2898867,22.857694],[108.2899055,22.8577706],[108.2899377,22.858166]]}},{"type":"Feature","id":"way/957214378","properties":{"id":"way/957214378","name":"","kind":"roads","osmVersion":1,"osmEditedAt":"2021-06-22T17:39:11Z","sourceUrl":"https://www.openstreetmap.org/way/957214378","insideCampus":false,"tags":{"highway":"service"}},"geometry":{"type":"LineString","coordinates":[[108.2884246,22.8573999],[108.2884561,22.8576991]]}},{"type":"Feature","id":"way/957404987","properties":{"id":"way/957404987","name":"校内建筑 957404987","kind":"buildings","osmVersion":1,"osmEditedAt":"2021-06-23T06:09:07Z","sourceUrl":"https://www.openstreetmap.org/way/957404987","insideCampus":true,"tags":{"building":"university","building:levels":"3"},"category":"academic","height":9.899999999999999,"heightBasis":"OSM高度或层数","facadeBasis":"按建筑类型推定","landmark":null},"geometry":{"type":"Polygon","coordinates":[[[108.2857987,22.8373596],[108.285796,22.8371949],[108.2857187,22.8371011],[108.2856137,22.8370974],[108.2856086,22.8375194],[108.2861289,22.8375256],[108.2861273,22.8374812],[108.2857987,22.8373596]]]}},{"type":"Feature","id":"way/957404988","properties":{"id":"way/957404988","name":"大型结构试验研究平台综合楼","kind":"buildings","osmVersion":2,"osmEditedAt":"2021-06-23T11:30:01Z","sourceUrl":"https://www.openstreetmap.org/way/957404988","insideCampus":true,"tags":{"building":"university","name":"大型结构试验研究平台综合楼"},"category":"academic","height":16.5,"heightBasis":"按类型估算","facadeBasis":"按建筑类型推定","landmark":null},"geometry":{"type":"Polygon","coordinates":[[[108.2818013,22.840318],[108.281801,22.8400701],[108.2812029,22.8400708],[108.2812033,22.8403464],[108.2811052,22.8402861],[108.281085,22.8403448],[108.2810757,22.8404085],[108.2810777,22.8404659],[108.2810877,22.8405154],[108.2811139,22.8405679],[108.2811789,22.840542],[108.2811789,22.8405978],[108.2810395,22.8405979],[108.2810397,22.8407403],[108.2814214,22.8407399],[108.2814243,22.8403185],[108.2818013,22.840318]]]}},{"type":"Feature","id":"way/957404989","properties":{"id":"way/957404989","name":"物理科学与工程技术学院","kind":"buildings","osmVersion":1,"osmEditedAt":"2021-06-23T06:09:07Z","sourceUrl":"https://www.openstreetmap.org/way/957404989","insideCampus":true,"tags":{"building":"university","building:levels":"9","faculty":"physical_science_and_technology","name":"物理科学与工程技术学院","office":"educational_institution","operator":"广西大学","short_name":"物理学院","website":"https://physics.gxu.edu.cn/"},"category":"academic","height":29.7,"heightBasis":"OSM高度或层数","facadeBasis":"按建筑类型推定","landmark":null},"geometry":{"type":"Polygon","coordinates":[[[108.2813599,22.8389956],[108.2813601,22.839161],[108.2818828,22.8391605],[108.2818831,22.8393523],[108.2818097,22.8393524],[108.2818097,22.8393138],[108.2813705,22.8393143],[108.2813708,22.839522],[108.28181,22.8395215],[108.2818099,22.8394983],[108.2818889,22.8394982],[108.2818892,22.8397144],[108.2818102,22.8397145],[108.2818102,22.839687],[108.2813665,22.8396875],[108.2813668,22.8398792],[108.2819909,22.8398785],[108.2819897,22.8389949],[108.2813599,22.8389956]]]}},{"type":"Feature","id":"way/957503096","properties":{"id":"way/957503096","name":"周边建筑 957503096","kind":"buildings","osmVersion":1,"osmEditedAt":"2021-06-23T11:29:59Z","sourceUrl":"https://www.openstreetmap.org/way/957503096","insideCampus":false,"tags":{"building":"school"},"category":"academic","height":16.5,"heightBasis":"按类型估算","facadeBasis":"按建筑类型推定","landmark":null},"geometry":{"type":"Polygon","coordinates":[[[108.2826276,22.8467157],[108.2826052,22.8467104],[108.2825804,22.8467098],[108.282514,22.8467203],[108.2825034,22.8467289],[108.2825015,22.8469966],[108.2825432,22.8469969],[108.2825429,22.8470359],[108.2826186,22.8470364],[108.28262,22.8468393],[108.2831456,22.8471145],[108.2832094,22.8471164],[108.2832389,22.8470654],[108.2832064,22.8470159],[108.2826527,22.846726],[108.2826276,22.8467157]]]}},{"type":"Feature","id":"way/957503097","properties":{"id":"way/957503097","name":"东校园西区19栋","kind":"buildings","osmVersion":1,"osmEditedAt":"2021-06-23T11:29:59Z","sourceUrl":"https://www.openstreetmap.org/way/957503097","insideCampus":true,"tags":{"building":"apartments","name":"东校园西区19栋"},"category":"living","height":19.799999999999997,"heightBasis":"按类型估算","facadeBasis":"按建筑类型推定","landmark":null},"geometry":{"type":"Polygon","coordinates":[[[108.2861446,22.8457631],[108.2866061,22.8458674],[108.2866309,22.8457743],[108.2861694,22.8456699],[108.2861446,22.8457631]]]}},{"type":"Feature","id":"way/957503098","properties":{"id":"way/957503098","name":"东校园西区17栋","kind":"buildings","osmVersion":1,"osmEditedAt":"2021-06-23T11:29:59Z","sourceUrl":"https://www.openstreetmap.org/way/957503098","insideCampus":true,"tags":{"building":"apartments","name":"东校园西区17栋"},"category":"living","height":19.799999999999997,"heightBasis":"按类型估算","facadeBasis":"按建筑类型推定","landmark":null},"geometry":{"type":"Polygon","coordinates":[[[108.2866807,22.845888],[108.2868749,22.8459332],[108.2868995,22.8458434],[108.2867053,22.8457982],[108.2866807,22.845888]]]}},{"type":"Feature","id":"way/957503099","properties":{"id":"way/957503099","name":"东校园西区16栋","kind":"buildings","osmVersion":1,"osmEditedAt":"2021-06-23T11:29:59Z","sourceUrl":"https://www.openstreetmap.org/way/957503099","insideCampus":true,"tags":{"building":"apartments","name":"东校园西区16栋"},"category":"living","height":19.799999999999997,"heightBasis":"按类型估算","facadeBasis":"按建筑类型推定","landmark":null},"geometry":{"type":"Polygon","coordinates":[[[108.2867698,22.8455951],[108.2869641,22.8456403],[108.2869887,22.8455505],[108.2867945,22.8455053],[108.2867698,22.8455951]]]}},{"type":"Feature","id":"way/957503100","properties":{"id":"way/957503100","name":"东校园西区10栋","kind":"buildings","osmVersion":1,"osmEditedAt":"2021-06-23T11:29:59Z","sourceUrl":"https://www.openstreetmap.org/way/957503100","insideCampus":true,"tags":{"building":"apartments","name":"东校园西区10栋"},"category":"living","height":19.799999999999997,"heightBasis":"按类型估算","facadeBasis":"按建筑类型推定","landmark":null},"geometry":{"type":"Polygon","coordinates":[[[108.2869782,22.845851],[108.2869421,22.8459836],[108.2874039,22.8460905],[108.2874401,22.8459578],[108.2869782,22.845851]]]}},{"type":"Feature","id":"way/957503101","properties":{"id":"way/957503101","name":"东校园西区9栋","kind":"buildings","osmVersion":1,"osmEditedAt":"2021-06-23T11:29:59Z","sourceUrl":"https://www.openstreetmap.org/way/957503101","insideCampus":true,"tags":{"building":"apartments","name":"东校园西区9栋"},"category":"living","height":19.799999999999997,"heightBasis":"按类型估算","facadeBasis":"按建筑类型推定","landmark":null},"geometry":{"type":"Polygon","coordinates":[[[108.2871702,22.8456418],[108.2875408,22.8457298],[108.2875617,22.8456551],[108.2871911,22.8455671],[108.2871702,22.8456418]]]}},{"type":"Feature","id":"way/957503102","properties":{"id":"way/957503102","name":"东校园西区8栋","kind":"buildings","osmVersion":1,"osmEditedAt":"2021-06-23T11:29:59Z","sourceUrl":"https://www.openstreetmap.org/way/957503102","insideCampus":true,"tags":{"building":"apartments","name":"东校园西区8栋"},"category":"living","height":19.799999999999997,"heightBasis":"按类型估算","facadeBasis":"按建筑类型推定","landmark":null},"geometry":{"type":"Polygon","coordinates":[[[108.2872481,22.8453632],[108.2876339,22.8454548],[108.2876548,22.8453801],[108.2872689,22.8452885],[108.2872481,22.8453632]]]}},{"type":"Feature","id":"way/957503103","properties":{"id":"way/957503103","name":"校内建筑 957503103","kind":"buildings","osmVersion":1,"osmEditedAt":"2021-06-23T11:29:59Z","sourceUrl":"https://www.openstreetmap.org/way/957503103","insideCampus":true,"tags":{"building":"apartments"},"category":"living","height":19.799999999999997,"heightBasis":"按类型估算","facadeBasis":"按建筑类型推定","landmark":null},"geometry":{"type":"Polygon","coordinates":[[[108.2815344,22.8426181],[108.2815343,22.8425079],[108.280987,22.8425086],[108.2809872,22.8426187],[108.2815344,22.8426181]]]}},{"type":"Feature","id":"way/957503104","properties":{"id":"way/957503104","name":"校内建筑 957503104","kind":"buildings","osmVersion":3,"osmEditedAt":"2022-11-17T07:40:55Z","sourceUrl":"https://www.openstreetmap.org/way/957503104","insideCampus":true,"tags":{"building":"roof","layer":"1"},"category":"service","height":9.899999999999999,"heightBasis":"按类型估算","facadeBasis":"按建筑类型推定","landmark":null},"geometry":{"type":"Polygon","coordinates":[[[108.2860585,22.8442034],[108.2864648,22.8442021],[108.2864624,22.8435543],[108.2858414,22.8435563],[108.2858438,22.8442041],[108.2860585,22.8442034]]]}},{"type":"Feature","id":"way/957503105","properties":{"id":"way/957503105","name":"","kind":"sports","osmVersion":2,"osmEditedAt":"2022-07-07T08:58:32Z","sourceUrl":"https://www.openstreetmap.org/way/957503105","insideCampus":true,"tags":{"leisure":"pitch","sport":"tennis"}},"geometry":{"type":"Polygon","coordinates":[[[108.2865802,22.844599],[108.2864019,22.8445996],[108.2864032,22.8449533],[108.2865816,22.8449527],[108.2865802,22.844599]]]}},{"type":"Feature","id":"way/957503106","properties":{"id":"way/957503106","name":"校内建筑 957503106","kind":"buildings","osmVersion":2,"osmEditedAt":"2022-07-07T08:58:32Z","sourceUrl":"https://www.openstreetmap.org/way/957503106","insideCampus":true,"tags":{"building":"university"},"category":"academic","height":16.5,"heightBasis":"按类型估算","facadeBasis":"按建筑类型推定","landmark":null},"geometry":{"type":"Polygon","coordinates":[[[108.2867531,22.8442012],[108.2864648,22.8442021],[108.2864663,22.8445994],[108.2867546,22.8445985],[108.2867531,22.8442012]]]}},{"type":"Feature","id":"way/957503108","properties":{"id":"way/957503108","name":"校长楼","kind":"buildings","osmVersion":2,"osmEditedAt":"2026-02-06T17:22:04Z","sourceUrl":"https://www.openstreetmap.org/way/957503108","insideCampus":true,"tags":{"building":"university","building:levels":"5","name":"校长楼"},"category":"academic","height":16.5,"heightBasis":"OSM高度或层数","facadeBasis":"按建筑类型推定","landmark":null},"geometry":{"type":"Polygon","coordinates":[[[108.2842628,22.8421084],[108.2842627,22.8420538],[108.2841789,22.8420539],[108.284179,22.8421085],[108.2839214,22.8421088],[108.2839216,22.8422626],[108.2843568,22.8422621],[108.2843566,22.8421083],[108.2842628,22.8421084]]]}},{"type":"Feature","id":"way/957590093","properties":{"id":"way/957590093","name":"","kind":"roads","osmVersion":1,"osmEditedAt":"2021-06-23T16:09:46Z","sourceUrl":"https://www.openstreetmap.org/way/957590093","insideCampus":true,"tags":{"highway":"footway"}},"geometry":{"type":"LineString","coordinates":[[108.2898467,22.8438924],[108.289817,22.8439253],[108.2897875,22.8439649],[108.289766,22.8440069],[108.2897513,22.8440674],[108.2897472,22.8441218],[108.2897499,22.8441725],[108.2897566,22.8442158],[108.2897539,22.8442528],[108.2897378,22.8442788],[108.2897378,22.8443109],[108.289745,22.844347]]}},{"type":"Feature","id":"way/957590094","properties":{"id":"way/957590094","name":"","kind":"roads","osmVersion":1,"osmEditedAt":"2021-06-23T16:09:46Z","sourceUrl":"https://www.openstreetmap.org/way/957590094","insideCampus":true,"tags":{"highway":"footway"}},"geometry":{"type":"LineString","coordinates":[[108.2902797,22.8442701],[108.2902951,22.8443208],[108.2902991,22.8443529],[108.2903112,22.8443974],[108.2903017,22.8444535]]}},{"type":"Feature","id":"way/957590095","properties":{"id":"way/957590095","name":"","kind":"roads","osmVersion":1,"osmEditedAt":"2021-06-23T16:09:46Z","sourceUrl":"https://www.openstreetmap.org/way/957590095","insideCampus":true,"tags":{"highway":"footway"}},"geometry":{"type":"LineString","coordinates":[[108.2901844,22.8446656],[108.2901844,22.8446965],[108.2901978,22.84472],[108.2902193,22.8447361],[108.2902294,22.8447559],[108.2902287,22.8447769],[108.2902173,22.8447917],[108.2902019,22.8448071],[108.2901965,22.8448251],[108.2902042,22.8448568]]}},{"type":"Feature","id":"way/957590096","properties":{"id":"way/957590096","name":"","kind":"roads","osmVersion":1,"osmEditedAt":"2021-06-23T16:09:46Z","sourceUrl":"https://www.openstreetmap.org/way/957590096","insideCampus":true,"tags":{"highway":"footway"}},"geometry":{"type":"LineString","coordinates":[[108.2902892,22.844539],[108.2902729,22.8445692],[108.2902636,22.8445946],[108.2902602,22.8446397],[108.2902508,22.8446588],[108.2902267,22.8446693],[108.2901523,22.8446638],[108.2901301,22.8446743],[108.2901053,22.8446947],[108.2900792,22.844707],[108.2900417,22.844708]]}},{"type":"Feature","id":"way/957590097","properties":{"id":"way/957590097","name":"","kind":"roads","osmVersion":1,"osmEditedAt":"2021-06-23T16:09:46Z","sourceUrl":"https://www.openstreetmap.org/way/957590097","insideCampus":true,"tags":{"highway":"footway"}},"geometry":{"type":"LineString","coordinates":[[108.2901399,22.844272],[108.2902119,22.8442831],[108.2902455,22.8442825],[108.2902797,22.8442701],[108.2903105,22.8442504],[108.2903346,22.8442263],[108.2903487,22.8441985],[108.2903548,22.8441645],[108.290338,22.8440872],[108.2903407,22.84406],[108.2903568,22.8440322],[108.2903796,22.8440199],[108.2904084,22.8440155],[108.2904379,22.8440155],[108.2905308,22.844033]]}},{"type":"Feature","id":"way/957590098","properties":{"id":"way/957590098","name":"","kind":"green","osmVersion":1,"osmEditedAt":"2021-06-23T16:09:46Z","sourceUrl":"https://www.openstreetmap.org/way/957590098","insideCampus":true,"tags":{"landuse":"grass"}},"geometry":{"type":"Polygon","coordinates":[[[108.2900417,22.844708],[108.2900162,22.8448209],[108.2902738,22.8448702],[108.290346,22.8445498],[108.2900884,22.8445005],[108.2900417,22.844708]]]}},{"type":"Feature","id":"way/957590099","properties":{"id":"way/957590099","name":"","kind":"green","osmVersion":1,"osmEditedAt":"2021-06-23T16:09:46Z","sourceUrl":"https://www.openstreetmap.org/way/957590099","insideCampus":true,"tags":{"landuse":"grass"}},"geometry":{"type":"Polygon","coordinates":[[[108.2895837,22.844404],[108.2895115,22.8447243],[108.289954,22.844809],[108.2900262,22.8444886],[108.2895837,22.844404]]]}},{"type":"Feature","id":"way/957590100","properties":{"id":"way/957590100","name":"","kind":"green","osmVersion":1,"osmEditedAt":"2021-06-23T16:09:46Z","sourceUrl":"https://www.openstreetmap.org/way/957590100","insideCampus":true,"tags":{"landuse":"grass"}},"geometry":{"type":"Polygon","coordinates":[[[108.2898467,22.8438924],[108.2897051,22.8438653],[108.2896027,22.8443198],[108.2900452,22.8444045],[108.2900989,22.8441662],[108.2900758,22.8441676],[108.290041,22.8441611],[108.2900092,22.8441466],[108.2899826,22.844125],[108.2899629,22.8440978],[108.2899516,22.8440668],[108.2899493,22.8440341],[108.2899563,22.8440021],[108.2899721,22.8439728],[108.2899955,22.8439482],[108.2900322,22.8439279],[108.2898467,22.8438924]]]}},{"type":"Feature","id":"way/957590101","properties":{"id":"way/957590101","name":"","kind":"green","osmVersion":1,"osmEditedAt":"2021-06-23T16:09:46Z","sourceUrl":"https://www.openstreetmap.org/way/957590101","insideCampus":true,"tags":{"landuse":"grass"}},"geometry":{"type":"Polygon","coordinates":[[[108.2901607,22.8439385],[108.2901873,22.8439601],[108.2902047,22.8439843],[108.2902183,22.8440184],[108.2902206,22.844051],[108.2902136,22.8440831],[108.2901978,22.8441124],[108.2901697,22.8441398],[108.2901074,22.8444164],[108.290365,22.8444657],[108.2905315,22.8437267],[108.2901779,22.843659],[108.2901186,22.8439221],[108.2901607,22.8439385]]]}},{"type":"Feature","id":"way/957590102","properties":{"id":"way/957590102","name":"","kind":"green","osmVersion":1,"osmEditedAt":"2021-06-23T16:09:46Z","sourceUrl":"https://www.openstreetmap.org/way/957590102","insideCampus":true,"tags":{"landuse":"grass"}},"geometry":{"type":"Polygon","coordinates":[[[108.2900714,22.8436386],[108.2897692,22.8435808],[108.2897114,22.8438373],[108.2900136,22.8438951],[108.2900714,22.8436386]]]}},{"type":"Feature","id":"way/957590103","properties":{"id":"way/957590103","name":"","kind":"roads","osmVersion":1,"osmEditedAt":"2021-06-23T16:09:46Z","sourceUrl":"https://www.openstreetmap.org/way/957590103","insideCampus":true,"tags":{"area":"yes","highway":"pedestrian"}},"geometry":{"type":"Polygon","coordinates":[[[108.2901978,22.8441124],[108.2902136,22.8440831],[108.2902206,22.844051],[108.2902183,22.8440184],[108.2902047,22.8439843],[108.2901873,22.8439601],[108.2901607,22.8439385],[108.2901186,22.8439221],[108.2901779,22.843659],[108.2905315,22.8437267],[108.2905793,22.8435145],[108.289817,22.8433686],[108.2897692,22.8435808],[108.2900714,22.8436386],[108.2900136,22.8438951],[108.2897114,22.8438373],[108.2897051,22.8438653],[108.2900322,22.8439279],[108.2899955,22.8439482],[108.2899721,22.8439728],[108.2899563,22.8440021],[108.2899493,22.8440341],[108.2899516,22.8440668],[108.2899629,22.8440978],[108.2899826,22.844125],[108.2900092,22.8441466],[108.290041,22.8441611],[108.2900758,22.8441676],[108.2900989,22.8441662],[108.2900452,22.8444045],[108.2896027,22.8443198],[108.2895837,22.844404],[108.2900262,22.8444886],[108.289954,22.844809],[108.2895115,22.8447243],[108.2894995,22.8447754],[108.2902571,22.8449444],[108.2902738,22.8448702],[108.2900162,22.8448209],[108.2900884,22.8445005],[108.290346,22.8445498],[108.290365,22.8444657],[108.2901074,22.8444164],[108.2901697,22.8441398],[108.2901978,22.8441124]]]}},{"type":"Feature","id":"way/962220847","properties":{"id":"way/962220847","name":"莲湖","kind":"water","osmVersion":1,"osmEditedAt":"2021-07-07T10:35:40Z","sourceUrl":"https://www.openstreetmap.org/way/962220847","insideCampus":true,"tags":{"name":"莲湖","natural":"water","water":"pond"}},"geometry":{"type":"Polygon","coordinates":[[[108.2868504,22.8393783],[108.2868558,22.8389952],[108.2868558,22.8384958],[108.2865125,22.8384884],[108.2865125,22.8386738],[108.286601,22.8390421],[108.2866144,22.839361],[108.2865688,22.8397974],[108.286837,22.8397971],[108.2868504,22.8393783]]]}},{"type":"Feature","id":"way/962220849","properties":{"id":"way/962220849","name":"","kind":"roads","osmVersion":1,"osmEditedAt":"2021-07-07T10:35:40Z","sourceUrl":"https://www.openstreetmap.org/way/962220849","insideCampus":true,"tags":{"highway":"footway"}},"geometry":{"type":"LineString","coordinates":[[108.2904263,22.8392562],[108.2904262,22.8389761]]}},{"type":"Feature","id":"way/962220850","properties":{"id":"way/962220850","name":"","kind":"roads","osmVersion":1,"osmEditedAt":"2021-07-07T10:35:40Z","sourceUrl":"https://www.openstreetmap.org/way/962220850","insideCampus":true,"tags":{"highway":"footway"}},"geometry":{"type":"LineString","coordinates":[[108.290003,22.8389763],[108.2900029,22.8388407],[108.2895564,22.8388409]]}},{"type":"Feature","id":"way/962220851","properties":{"id":"way/962220851","name":"","kind":"roads","osmVersion":1,"osmEditedAt":"2021-07-07T10:35:40Z","sourceUrl":"https://www.openstreetmap.org/way/962220851","insideCampus":true,"tags":{"highway":"service"}},"geometry":{"type":"LineString","coordinates":[[108.2895555,22.8395528],[108.2904017,22.8395524]]}},{"type":"Feature","id":"way/962220854","properties":{"id":"way/962220854","name":"","kind":"roads","osmVersion":1,"osmEditedAt":"2021-07-07T10:35:40Z","sourceUrl":"https://www.openstreetmap.org/way/962220854","insideCampus":true,"tags":{"bicycle":"yes","highway":"footway"}},"geometry":{"type":"LineString","coordinates":[[108.2893926,22.8395413],[108.2893926,22.8394945]]}},{"type":"Feature","id":"way/962220855","properties":{"id":"way/962220855","name":"","kind":"roads","osmVersion":1,"osmEditedAt":"2021-07-07T10:35:40Z","sourceUrl":"https://www.openstreetmap.org/way/962220855","insideCampus":true,"tags":{"bicycle":"yes","highway":"footway","layer":"-1","tunnel":"building_passage"}},"geometry":{"type":"LineString","coordinates":[[108.2893928,22.8396666],[108.2893926,22.8395413]]}},{"type":"Feature","id":"way/962220856","properties":{"id":"way/962220856","name":"","kind":"roads","osmVersion":1,"osmEditedAt":"2021-07-07T10:35:40Z","sourceUrl":"https://www.openstreetmap.org/way/962220856","insideCampus":true,"tags":{"highway":"footway"}},"geometry":{"type":"LineString","coordinates":[[108.2890056,22.8392196],[108.2890055,22.8391677]]}},{"type":"Feature","id":"way/962220857","properties":{"id":"way/962220857","name":"","kind":"roads","osmVersion":1,"osmEditedAt":"2021-07-07T10:35:40Z","sourceUrl":"https://www.openstreetmap.org/way/962220857","insideCampus":true,"tags":{"highway":"footway","layer":"-1","tunnel":"building_passage"}},"geometry":{"type":"LineString","coordinates":[[108.2890058,22.8393579],[108.2890056,22.8392196]]}},{"type":"Feature","id":"way/962220858","properties":{"id":"way/962220858","name":"","kind":"roads","osmVersion":1,"osmEditedAt":"2021-07-07T10:35:40Z","sourceUrl":"https://www.openstreetmap.org/way/962220858","insideCampus":true,"tags":{"highway":"footway"}},"geometry":{"type":"LineString","coordinates":[[108.2884763,22.8392196],[108.2884762,22.8391683]]}},{"type":"Feature","id":"way/962220859","properties":{"id":"way/962220859","name":"","kind":"roads","osmVersion":1,"osmEditedAt":"2021-07-07T10:35:40Z","sourceUrl":"https://www.openstreetmap.org/way/962220859","insideCampus":true,"tags":{"highway":"footway","layer":"-1","tunnel":"building_passage"}},"geometry":{"type":"LineString","coordinates":[[108.2884764,22.8393579],[108.2884763,22.8392196]]}},{"type":"Feature","id":"way/962220860","properties":{"id":"way/962220860","name":"","kind":"roads","osmVersion":1,"osmEditedAt":"2021-07-07T10:35:40Z","sourceUrl":"https://www.openstreetmap.org/way/962220860","insideCampus":true,"tags":{"highway":"footway"}},"geometry":{"type":"LineString","coordinates":[[108.2884765,22.8394089],[108.2884764,22.8393579]]}},{"type":"Feature","id":"way/962220861","properties":{"id":"way/962220861","name":"","kind":"roads","osmVersion":1,"osmEditedAt":"2021-07-07T10:35:40Z","sourceUrl":"https://www.openstreetmap.org/way/962220861","insideCampus":true,"tags":{"highway":"footway"}},"geometry":{"type":"LineString","coordinates":[[108.2890058,22.8394084],[108.2890058,22.8393579]]}},{"type":"Feature","id":"way/962220862","properties":{"id":"way/962220862","name":"","kind":"roads","osmVersion":1,"osmEditedAt":"2021-07-07T10:35:40Z","sourceUrl":"https://www.openstreetmap.org/way/962220862","insideCampus":true,"tags":{"bicycle":"yes","highway":"steps","incline":"down","ramp:bicycle":"yes","step_count":"7"}},"geometry":{"type":"LineString","coordinates":[[108.2893556,22.8396944],[108.2893557,22.8397686]]}},{"type":"Feature","id":"way/962220863","properties":{"id":"way/962220863","name":"","kind":"roads","osmVersion":1,"osmEditedAt":"2021-07-07T10:35:40Z","sourceUrl":"https://www.openstreetmap.org/way/962220863","insideCampus":true,"tags":{"bicycle":"yes","highway":"steps","incline":"down","ramp":"yes"}},"geometry":{"type":"LineString","coordinates":[[108.2892926,22.8396945],[108.2892926,22.8397687]]}},{"type":"Feature","id":"way/962220864","properties":{"id":"way/962220864","name":"","kind":"roads","osmVersion":1,"osmEditedAt":"2021-07-07T10:35:40Z","sourceUrl":"https://www.openstreetmap.org/way/962220864","insideCampus":true,"tags":{"bicycle":"yes","highway":"footway"}},"geometry":{"type":"LineString","coordinates":[[108.2889131,22.8396949],[108.2889132,22.8397691]]}},{"type":"Feature","id":"way/962220865","properties":{"id":"way/962220865","name":"","kind":"roads","osmVersion":1,"osmEditedAt":"2021-07-07T10:35:40Z","sourceUrl":"https://www.openstreetmap.org/way/962220865","insideCampus":true,"tags":{"bicycle":"yes","highway":"footway"}},"geometry":{"type":"LineString","coordinates":[[108.2884342,22.8396954],[108.2884343,22.8397696]]}},{"type":"Feature","id":"way/962220866","properties":{"id":"way/962220866","name":"","kind":"roads","osmVersion":1,"osmEditedAt":"2021-07-07T10:35:40Z","sourceUrl":"https://www.openstreetmap.org/way/962220866","insideCampus":true,"tags":{"bicycle":"yes","highway":"footway"}},"geometry":{"type":"LineString","coordinates":[[108.2880418,22.8396958],[108.2893928,22.8396944],[108.2893928,22.8396666]]}},{"type":"Feature","id":"way/962220867","properties":{"id":"way/962220867","name":"","kind":"roads","osmVersion":1,"osmEditedAt":"2021-07-07T10:35:40Z","sourceUrl":"https://www.openstreetmap.org/way/962220867","insideCampus":true,"tags":{"bicycle":"yes","highway":"steps","incline":"down","ramp:bicycle":"yes"}},"geometry":{"type":"LineString","coordinates":[[108.2894207,22.8391001],[108.2894207,22.8391349]]}},{"type":"Feature","id":"way/962220868","properties":{"id":"way/962220868","name":"","kind":"roads","osmVersion":1,"osmEditedAt":"2021-07-07T10:35:40Z","sourceUrl":"https://www.openstreetmap.org/way/962220868","insideCampus":true,"tags":{"bicycle":"yes","highway":"steps","incline":"down","ramp:bicycle":"yes"}},"geometry":{"type":"LineString","coordinates":[[108.2894207,22.8391673],[108.2894207,22.8391349]]}},{"type":"Feature","id":"way/962220869","properties":{"id":"way/962220869","name":"","kind":"roads","osmVersion":1,"osmEditedAt":"2021-07-07T10:35:40Z","sourceUrl":"https://www.openstreetmap.org/way/962220869","insideCampus":true,"tags":{"bicycle":"yes","highway":"footway"}},"geometry":{"type":"LineString","coordinates":[[108.2894207,22.8391349],[108.2894874,22.8391348]]}},{"type":"Feature","id":"way/962220870","properties":{"id":"way/962220870","name":"","kind":"roads","osmVersion":1,"osmEditedAt":"2021-07-07T10:35:40Z","sourceUrl":"https://www.openstreetmap.org/way/962220870","insideCampus":true,"tags":{"bicycle":"yes","highway":"footway"}},"geometry":{"type":"LineString","coordinates":[[108.2894221,22.8394525],[108.2894875,22.8394524]]}},{"type":"Feature","id":"way/962220871","properties":{"id":"way/962220871","name":"","kind":"roads","osmVersion":1,"osmEditedAt":"2021-07-07T10:35:40Z","sourceUrl":"https://www.openstreetmap.org/way/962220871","insideCampus":true,"tags":{"bicycle":"yes","highway":"footway"}},"geometry":{"type":"LineString","coordinates":[[108.2894221,22.8394079],[108.2893925,22.839408]]}},{"type":"Feature","id":"way/962220872","properties":{"id":"way/962220872","name":"","kind":"roads","osmVersion":1,"osmEditedAt":"2021-07-07T10:35:40Z","sourceUrl":"https://www.openstreetmap.org/way/962220872","insideCampus":true,"tags":{"bicycle":"yes","highway":"footway"}},"geometry":{"type":"LineString","coordinates":[[108.2893926,22.8394945],[108.2894221,22.8394945]]}},{"type":"Feature","id":"way/962220873","properties":{"id":"way/962220873","name":"","kind":"roads","osmVersion":1,"osmEditedAt":"2021-07-07T10:35:40Z","sourceUrl":"https://www.openstreetmap.org/way/962220873","insideCampus":true,"tags":{"bicycle":"yes","highway":"steps","incline":"down","ramp:bicycle":"yes"}},"geometry":{"type":"LineString","coordinates":[[108.2894221,22.8394079],[108.2894221,22.8394525]]}},{"type":"Feature","id":"way/962220874","properties":{"id":"way/962220874","name":"","kind":"roads","osmVersion":1,"osmEditedAt":"2021-07-07T10:35:40Z","sourceUrl":"https://www.openstreetmap.org/way/962220874","insideCampus":true,"tags":{"bicycle":"yes","highway":"steps","incline":"down","ramp:bicycle":"yes"}},"geometry":{"type":"LineString","coordinates":[[108.2894221,22.8394945],[108.2894221,22.8394525]]}},{"type":"Feature","id":"way/962220875","properties":{"id":"way/962220875","name":"","kind":"roads","osmVersion":1,"osmEditedAt":"2021-07-07T10:35:40Z","sourceUrl":"https://www.openstreetmap.org/way/962220875","insideCampus":true,"tags":{"bicycle":"yes","highway":"footway"}},"geometry":{"type":"LineString","coordinates":[[108.2893909,22.8391673],[108.2894207,22.8391673]]}},{"type":"Feature","id":"way/962220876","properties":{"id":"way/962220876","name":"","kind":"roads","osmVersion":1,"osmEditedAt":"2021-07-07T10:35:40Z","sourceUrl":"https://www.openstreetmap.org/way/962220876","insideCampus":true,"tags":{"bicycle":"yes","highway":"footway"}},"geometry":{"type":"LineString","coordinates":[[108.2893908,22.8391001],[108.2894207,22.8391001]]}},{"type":"Feature","id":"way/962220877","properties":{"id":"way/962220877","name":"","kind":"roads","osmVersion":1,"osmEditedAt":"2021-07-07T10:35:40Z","sourceUrl":"https://www.openstreetmap.org/way/962220877","insideCampus":true,"tags":{"highway":"service","surface":"concrete"}},"geometry":{"type":"MultiLineString","coordinates":[[[108.2869208,22.8384312],[108.2871057,22.838431],[108.2871057,22.8383905]],[[108.2871057,22.8383905],[108.2871079,22.8380682],[108.2876202,22.8380138],[108.2877155,22.8381201],[108.2877114,22.8383898],[108.2871057,22.8383905]]]}},{"type":"Feature","id":"way/962220882","properties":{"id":"way/962220882","name":"校内建筑 962220882","kind":"buildings","osmVersion":1,"osmEditedAt":"2021-07-07T10:35:40Z","sourceUrl":"https://www.openstreetmap.org/way/962220882","insideCampus":true,"tags":{"building":"yes","building:colour":"#F0A0A0","building:levels":"1","roof:colour":"#912824"},"category":"service","height":3.3,"heightBasis":"OSM高度或层数","facadeBasis":"按建筑类型推定","landmark":null},"geometry":{"type":"Polygon","coordinates":[[[108.2870691,22.8384087],[108.287069,22.8383319],[108.2869883,22.838332],[108.2869884,22.8384087],[108.2870691,22.8384087]]]}},{"type":"Feature","id":"way/963419719","properties":{"id":"way/963419719","name":"","kind":"roads","osmVersion":1,"osmEditedAt":"2021-07-11T15:04:32Z","sourceUrl":"https://www.openstreetmap.org/way/963419719","insideCampus":true,"tags":{"handrail:right":"yes","highway":"steps","incline":"up","level":"0;1"}},"geometry":{"type":"LineString","coordinates":[[108.2905607,22.8475982],[108.2905595,22.8476062],[108.2905553,22.8476131],[108.2905484,22.847618],[108.29054,22.84762],[108.2905316,22.847619],[108.290524,22.8476151],[108.2905188,22.8476089],[108.2905165,22.8476012],[108.2905175,22.8475932],[108.2905218,22.8475863],[108.2905286,22.8475814],[108.290537,22.8475794]]}},{"type":"Feature","id":"way/963419720","properties":{"id":"way/963419720","name":"","kind":"roads","osmVersion":1,"osmEditedAt":"2021-07-11T15:04:32Z","sourceUrl":"https://www.openstreetmap.org/way/963419720","insideCampus":true,"tags":{"bridge":"yes","highway":"footway","indoor":"yes","level":"1"}},"geometry":{"type":"LineString","coordinates":[[108.290537,22.8475794],[108.2905365,22.8475696]]}},{"type":"Feature","id":"way/974196229","properties":{"id":"way/974196229","name":"","kind":"roads","osmVersion":1,"osmEditedAt":"2021-08-18T05:08:15Z","sourceUrl":"https://www.openstreetmap.org/way/974196229","insideCampus":true,"tags":{"bridge":"yes","highway":"service","layer":"1"}},"geometry":{"type":"LineString","coordinates":[[108.2860994,22.8567146],[108.286145,22.8567109]]}},{"type":"Feature","id":"way/974196230","properties":{"id":"way/974196230","name":"","kind":"roads","osmVersion":1,"osmEditedAt":"2021-08-18T05:08:15Z","sourceUrl":"https://www.openstreetmap.org/way/974196230","insideCampus":true,"tags":{"highway":"service"}},"geometry":{"type":"LineString","coordinates":[[108.286076,22.8567174],[108.2860994,22.8567146]]}},{"type":"Feature","id":"way/974196231","properties":{"id":"way/974196231","name":"","kind":"roads","osmVersion":1,"osmEditedAt":"2021-08-18T05:08:15Z","sourceUrl":"https://www.openstreetmap.org/way/974196231","insideCampus":true,"tags":{"bridge":"yes","highway":"service","layer":"1"}},"geometry":{"type":"LineString","coordinates":[[108.2861517,22.8560831],[108.2860719,22.856093]]}},{"type":"Feature","id":"way/974196232","properties":{"id":"way/974196232","name":"","kind":"roads","osmVersion":1,"osmEditedAt":"2021-08-18T05:08:15Z","sourceUrl":"https://www.openstreetmap.org/way/974196232","insideCampus":true,"tags":{"highway":"service"}},"geometry":{"type":"LineString","coordinates":[[108.2878337,22.8559117],[108.2861517,22.8560831]]}},{"type":"Feature","id":"way/977846122","properties":{"id":"way/977846122","name":"","kind":"roads","osmVersion":2,"osmEditedAt":"2022-01-10T08:02:42Z","sourceUrl":"https://www.openstreetmap.org/way/977846122","insideCampus":false,"tags":{"highway":"path","narrow":"yes"}},"geometry":{"type":"LineString","coordinates":[[108.2966173,22.8473397],[108.2972312,22.8463724],[108.2975503,22.8465462]]}},{"type":"Feature","id":"way/998096106","properties":{"id":"way/998096106","name":"鲁班路","kind":"roads","osmVersion":2,"osmEditedAt":"2021-12-02T04:34:23Z","sourceUrl":"https://www.openstreetmap.org/way/998096106","insideCampus":false,"tags":{"highway":"secondary","lanes":"2","name":"鲁班路","name:vi":"Đường Lỗ Ban","oneway":"yes"}},"geometry":{"type":"LineString","coordinates":[[108.27900228919002,22.835919538804458],[108.2793536,22.8367493]]}},{"type":"Feature","id":"way/998096107","properties":{"id":"way/998096107","name":"鲁班路","kind":"roads","osmVersion":2,"osmEditedAt":"2021-12-02T04:34:23Z","sourceUrl":"https://www.openstreetmap.org/way/998096107","insideCampus":false,"tags":{"highway":"secondary","lanes":"2","name":"鲁班路","name:vi":"Đường Lỗ Ban","oneway":"yes"}},"geometry":{"type":"LineString","coordinates":[[108.2792052,22.8367935],[108.27891425406446,22.836083398722543]]}},{"type":"Feature","id":"way/1008264020","properties":{"id":"way/1008264020","name":"","kind":"roads","osmVersion":1,"osmEditedAt":"2021-12-02T04:34:23Z","sourceUrl":"https://www.openstreetmap.org/way/1008264020","insideCampus":false,"tags":{"highway":"primary_link","oneway":"yes"}},"geometry":{"type":"LineString","coordinates":[[108.2794577,22.837462],[108.279297,22.837301]]}},{"type":"Feature","id":"way/1008264023","properties":{"id":"way/1008264023","name":"","kind":"roads","osmVersion":2,"osmEditedAt":"2022-01-10T08:02:42Z","sourceUrl":"https://www.openstreetmap.org/way/1008264023","insideCampus":false,"tags":{"cycleway:right":"shared_lane","highway":"secondary_link","oneway":"yes","sidewalk":"right"}},"geometry":{"type":"LineString","coordinates":[[108.27867795633892,22.836785989857006],[108.2787095,22.8367786],[108.278828,22.8367024],[108.2788722,22.836653],[108.2789138,22.8365863],[108.2789594,22.8364342]]}},{"type":"Feature","id":"way/1008264025","properties":{"id":"way/1008264025","name":"","kind":"roads","osmVersion":1,"osmEditedAt":"2021-12-02T04:34:23Z","sourceUrl":"https://www.openstreetmap.org/way/1008264025","insideCampus":false,"tags":{"highway":"secondary_link","oneway":"yes"}},"geometry":{"type":"LineString","coordinates":[[108.2789594,22.8364342],[108.2789433,22.8361543]]}},{"type":"Feature","id":"way/1008264029","properties":{"id":"way/1008264029","name":"","kind":"roads","osmVersion":5,"osmEditedAt":"2026-08-21T16:09:04Z","sourceUrl":"https://www.openstreetmap.org/way/1008264029","insideCampus":false,"tags":{"highway":"path","mofa":"yes","oneway":"yes","sidewalk":"right","surface":"asphalt"}},"geometry":{"type":"LineString","coordinates":[[108.279874,22.8369002],[108.2796004,22.8369546],[108.27863759318899,22.83721830601749]]}},{"type":"Feature","id":"way/1008264030","properties":{"id":"way/1008264030","name":"","kind":"roads","osmVersion":1,"osmEditedAt":"2021-12-02T04:34:23Z","sourceUrl":"https://www.openstreetmap.org/way/1008264030","insideCampus":false,"tags":{"highway":"primary_link","oneway":"yes"}},"geometry":{"type":"LineString","coordinates":[[108.2789663,22.8371289],[108.2786777,22.8370828]]}},{"type":"Feature","id":"way/1008264031","properties":{"id":"way/1008264031","name":"","kind":"roads","osmVersion":2,"osmEditedAt":"2022-01-10T08:02:42Z","sourceUrl":"https://www.openstreetmap.org/way/1008264031","insideCampus":false,"tags":{"cycleway:right":"shared_lane","highway":"primary_link","oneway":"yes","sidewalk":"right"}},"geometry":{"type":"LineString","coordinates":[[108.279297,22.837301],[108.2791317,22.8371813],[108.2789663,22.8371289]]}},{"type":"Feature","id":"way/1008264032","properties":{"id":"way/1008264032","name":"大学东路辅路","kind":"roads","osmVersion":3,"osmEditedAt":"2026-08-21T16:09:04Z","sourceUrl":"https://www.openstreetmap.org/way/1008264032","insideCampus":false,"tags":{"cycleway:right":"shared_lane","highway":"tertiary","maxspeed":"30","motorcycle":"yes","name":"大学东路辅路","oneway":"yes","sidewalk":"right","surface":"asphalt"}},"geometry":{"type":"LineString","coordinates":[[108.284389,22.8353783],[108.2842246,22.8355715],[108.283373,22.8358583]]}},{"type":"Feature","id":"way/1008264033","properties":{"id":"way/1008264033","name":"","kind":"roads","osmVersion":1,"osmEditedAt":"2021-12-02T04:34:23Z","sourceUrl":"https://www.openstreetmap.org/way/1008264033","insideCampus":false,"tags":{"highway":"secondary_link","oneway":"yes"}},"geometry":{"type":"LineString","coordinates":[[108.2790798,22.8361026],[108.2792973,22.8363304]]}},{"type":"Feature","id":"way/1008264034","properties":{"id":"way/1008264034","name":"","kind":"roads","osmVersion":2,"osmEditedAt":"2022-01-10T08:02:42Z","sourceUrl":"https://www.openstreetmap.org/way/1008264034","insideCampus":false,"tags":{"highway":"path","mofa":"yes","oneway":"yes","surface":"asphalt"}},"geometry":{"type":"LineString","coordinates":[[108.2787095,22.8367786],[108.2790264,22.8367197],[108.2794744,22.8365949],[108.2797641,22.8364837]]}},{"type":"Feature","id":"way/1008264035","properties":{"id":"way/1008264035","name":"","kind":"roads","osmVersion":1,"osmEditedAt":"2021-12-02T04:34:23Z","sourceUrl":"https://www.openstreetmap.org/way/1008264035","insideCampus":false,"tags":{"highway":"primary_link"}},"geometry":{"type":"LineString","coordinates":[[108.283373,22.8358583],[108.283325,22.835737]]}},{"type":"Feature","id":"way/1008264036","properties":{"id":"way/1008264036","name":"","kind":"roads","osmVersion":2,"osmEditedAt":"2022-01-10T08:02:42Z","sourceUrl":"https://www.openstreetmap.org/way/1008264036","insideCampus":false,"tags":{"highway":"path","mofa":"yes","oneway":"yes","sidewalk":"right","surface":"asphalt"}},"geometry":{"type":"LineString","coordinates":[[108.2803622,22.8363106],[108.2809308,22.8361326],[108.2831329,22.8354899],[108.2840958,22.8351809],[108.2843466,22.8352641]]}},{"type":"Feature","id":"way/1008264037","properties":{"id":"way/1008264037","name":"","kind":"roads","osmVersion":1,"osmEditedAt":"2021-12-02T04:34:23Z","sourceUrl":"https://www.openstreetmap.org/way/1008264037","insideCampus":false,"tags":{"highway":"secondary_link","oneway":"yes"}},"geometry":{"type":"LineString","coordinates":[[108.2803622,22.8363106],[108.2809427,22.8362035]]}},{"type":"Feature","id":"way/1008264038","properties":{"id":"way/1008264038","name":"","kind":"roads","osmVersion":2,"osmEditedAt":"2022-01-10T08:02:42Z","sourceUrl":"https://www.openstreetmap.org/way/1008264038","insideCampus":false,"tags":{"cycleway:right":"shared_lane","highway":"secondary_link","oneway":"yes","sidewalk":"right"}},"geometry":{"type":"LineString","coordinates":[[108.2792973,22.8363304],[108.2794556,22.8364367],[108.2795683,22.8364763],[108.2797641,22.8364837],[108.2803622,22.8363106]]}},{"type":"Feature","id":"way/1008264039","properties":{"id":"way/1008264039","name":"","kind":"roads","osmVersion":1,"osmEditedAt":"2021-12-02T04:34:23Z","sourceUrl":"https://www.openstreetmap.org/way/1008264039","insideCampus":false,"tags":{"highway":"primary_link","oneway":"yes"}},"geometry":{"type":"LineString","coordinates":[[108.2796353,22.8371733],[108.279586,22.8374463]]}},{"type":"Feature","id":"way/1008264040","properties":{"id":"way/1008264040","name":"","kind":"roads","osmVersion":2,"osmEditedAt":"2026-07-25T03:46:04Z","sourceUrl":"https://www.openstreetmap.org/way/1008264040","insideCampus":false,"tags":{"highway":"primary_link","oneway":"yes"}},"geometry":{"type":"LineString","coordinates":[[108.2809018,22.8365517],[108.280617,22.8366925]]}},{"type":"Feature","id":"way/1008264041","properties":{"id":"way/1008264041","name":"","kind":"roads","osmVersion":3,"osmEditedAt":"2026-08-21T16:09:04Z","sourceUrl":"https://www.openstreetmap.org/way/1008264041","insideCampus":false,"tags":{"cycleway:right":"shared_lane","highway":"primary_link","oneway":"yes","sidewalk":"right"}},"geometry":{"type":"LineString","coordinates":[[108.280617,22.8366925],[108.279874,22.8369002],[108.2797506,22.8369645],[108.2796876,22.8370386],[108.2796353,22.8371733]]}},{"type":"Feature","id":"way/1008264042","properties":{"id":"way/1008264042","name":"","kind":"roads","osmVersion":4,"osmEditedAt":"2026-08-21T16:09:04Z","sourceUrl":"https://www.openstreetmap.org/way/1008264042","insideCampus":false,"tags":{"highway":"path","mofa":"yes","oneway":"yes","sidewalk":"right","surface":"asphalt"}},"geometry":{"type":"LineString","coordinates":[[108.283373,22.8358583],[108.2831678,22.8359559],[108.280617,22.8366925]]}},{"type":"Feature","id":"way/1012786291","properties":{"id":"way/1012786291","name":"周边建筑 1012786291","kind":"buildings","osmVersion":3,"osmEditedAt":"2026-04-20T15:35:24Z","sourceUrl":"https://www.openstreetmap.org/way/1012786291","insideCampus":false,"tags":{"building":"train_station","layer":"-1","source":"http://n.sinaimg.cn/gx/crawl/20170904/v7_d-fykpyuf8983381.jpg"},"category":"service","height":9.899999999999999,"heightBasis":"按类型估算","facadeBasis":"按建筑类型推定","landmark":null},"geometry":{"type":"MultiPolygon","coordinates":[[[[108.2876555,22.8345539],[108.2876749,22.8346023],[108.28777510546175,22.834568103585937],[108.28775624687555,22.834519570625154],[108.2876555,22.8345539]]],[[[108.2866268,22.8344769],[108.2865506,22.8342872],[108.2866547,22.8342516],[108.2866396,22.8342139],[108.286485,22.8342667],[108.2865763,22.8344941],[108.2858285,22.8347493],[108.2857587,22.8345756],[108.285867,22.8345387],[108.28585,22.8344962],[108.2855259,22.8346069],[108.2855478,22.8346615],[108.2856388,22.8346304],[108.2857037,22.8347919],[108.2852909,22.8349328],[108.28527,22.8348808],[108.2852122,22.8349005],[108.2852264,22.834936],[108.2850777,22.8349867],[108.2851644,22.8352028],[108.2853132,22.835152],[108.2853369,22.8352108],[108.2853946,22.8351911],[108.2853566,22.8350964],[108.2862484,22.834792],[108.2863202,22.8349706],[108.2860295,22.8350698],[108.2860475,22.8351147],[108.2864614,22.8349734],[108.2863716,22.83475],[108.2870508,22.8345182],[108.2871308,22.8347175],[108.2869939,22.8347643],[108.2870098,22.8348039],[108.2872028,22.834738],[108.2871068,22.8344991],[108.28765159198747,22.83431323969107],[108.28761416316547,22.83424140432103],[108.2875593786232,22.834158676376834],[108.2866268,22.8344769]]]]}},{"type":"Feature","id":"way/1053204542","properties":{"id":"way/1053204542","name":"时代天骄","kind":"buildings","osmVersion":1,"osmEditedAt":"2022-04-20T03:20:11Z","sourceUrl":"https://www.openstreetmap.org/way/1053204542","insideCampus":false,"tags":{"building":"apartments","name":"时代天骄"},"category":"living","height":19.799999999999997,"heightBasis":"按类型估算","facadeBasis":"按建筑类型推定","landmark":null},"geometry":{"type":"Polygon","coordinates":[[[108.2851656,22.8343759],[108.28483,22.833538],[108.2843562,22.8336992],[108.2846916,22.8345371],[108.2851656,22.8343759]]]}},{"type":"Feature","id":"way/1053204543","properties":{"id":"way/1053204543","name":"城市碧园A座","kind":"buildings","osmVersion":1,"osmEditedAt":"2022-04-20T03:20:11Z","sourceUrl":"https://www.openstreetmap.org/way/1053204543","insideCampus":false,"tags":{"building":"apartments","name":"城市碧园A座"},"category":"living","height":19.799999999999997,"heightBasis":"按类型估算","facadeBasis":"按建筑类型推定","landmark":null},"geometry":{"type":"Polygon","coordinates":[[[108.2862971,22.8335048],[108.2860955,22.8330172],[108.2857342,22.8331441],[108.2859358,22.8336317],[108.2862971,22.8335048]]]}},{"type":"Feature","id":"way/1053204544","properties":{"id":"way/1053204544","name":"城市碧园B座","kind":"buildings","osmVersion":1,"osmEditedAt":"2022-04-20T03:20:11Z","sourceUrl":"https://www.openstreetmap.org/way/1053204544","insideCampus":false,"tags":{"building":"apartments","name":"城市碧园B座"},"category":"living","height":19.799999999999997,"heightBasis":"按类型估算","facadeBasis":"按建筑类型推定","landmark":null},"geometry":{"type":"Polygon","coordinates":[[[108.2864426,22.8332491],[108.2865033,22.833447],[108.28679319844285,22.83337159053441],[108.2866266253175,22.833261606536063],[108.28655007885824,22.833221084631678],[108.2864426,22.8332491]]]}},{"type":"Feature","id":"way/1053204547","properties":{"id":"way/1053204547","name":"南宁百货大楼","kind":"buildings","osmVersion":2,"osmEditedAt":"2026-03-24T13:03:15Z","sourceUrl":"https://www.openstreetmap.org/way/1053204547","insideCampus":false,"tags":{"building":"yes","building:levels":"5","name":"南宁百货大楼"},"category":"service","height":16.5,"heightBasis":"OSM高度或层数","facadeBasis":"按建筑类型推定","landmark":null},"geometry":{"type":"Polygon","coordinates":[[[108.2863976,22.8351869],[108.2863335,22.835145],[108.286088,22.8352298],[108.2860458,22.8351914],[108.2857668,22.8352885],[108.2857438,22.8353392],[108.2857429,22.8353849],[108.2857611,22.8354552],[108.2862356,22.8358022],[108.2866481,22.8353671],[108.2863976,22.8351869]]]}},{"type":"Feature","id":"way/1053204548","properties":{"id":"way/1053204548","name":"南百·NGS","kind":"buildings","osmVersion":3,"osmEditedAt":"2026-04-20T15:35:24Z","sourceUrl":"https://www.openstreetmap.org/way/1053204548","insideCampus":false,"tags":{"building":"yes","building:levels":"5","name":"南百·NGS","old_name":"南宁百货新世界店","payment:cash":"yes","payment:credit_cards":"yes","payment:unionpay":"yes","payment:visa":"yes","shop":"mall"},"category":"service","height":16.5,"heightBasis":"OSM高度或层数","facadeBasis":"按建筑类型推定","landmark":null},"geometry":{"type":"Polygon","coordinates":[[[108.2877278,22.8348748],[108.2874732,22.834836],[108.2874325,22.8348633],[108.2873706,22.8348456],[108.287307,22.8348346],[108.2872424,22.8348306],[108.2871777,22.8348336],[108.2871138,22.8348436],[108.2870516,22.8348603],[108.2869919,22.8348837],[108.2869356,22.8349133],[108.2868938,22.834898],[108.2864022,22.8350755],[108.286343,22.8351502],[108.2863976,22.8351869],[108.2867571,22.8354456],[108.2870986,22.8355139],[108.2874638,22.8354799],[108.287757,22.8353515],[108.28794373165077,22.835146488621998],[108.28793207349047,22.8350638553442],[108.28788920015764,22.83489997577451],[108.2877278,22.8348748]]]}},{"type":"Feature","id":"way/1053204549","properties":{"id":"way/1053204549","name":"高新大厦","kind":"buildings","osmVersion":2,"osmEditedAt":"2026-03-24T13:03:15Z","sourceUrl":"https://www.openstreetmap.org/way/1053204549","insideCampus":false,"tags":{"addr:housenumber":"2","addr:street":"火炬路","building":"office","name":"高新大厦"},"category":"service","height":9.899999999999999,"heightBasis":"按类型估算","facadeBasis":"按建筑类型推定","landmark":null},"geometry":{"type":"Polygon","coordinates":[[[108.2855052,22.8360323],[108.2855967,22.8360219],[108.2858929,22.8361611],[108.2859077,22.8362229],[108.2860431,22.8361944],[108.2861289,22.8360276],[108.2857139,22.8358161],[108.2856695,22.835739],[108.2855911,22.8356913],[108.2854753,22.8356884],[108.2853776,22.8357493],[108.2853373,22.8358532],[108.2853563,22.8359341],[108.2854136,22.8359984],[108.2855052,22.8360323]]]}},{"type":"Feature","id":"way/1057070360","properties":{"id":"way/1057070360","name":"","kind":"roads","osmVersion":2,"osmEditedAt":"2025-09-28T08:55:54Z","sourceUrl":"https://www.openstreetmap.org/way/1057070360","insideCampus":false,"tags":{"highway":"secondary","lit":"yes","oneway":"yes"}},"geometry":{"type":"LineString","coordinates":[[108.2950301715151,22.856664180990922],[108.2948032,22.8566905],[108.2941675,22.8567795],[108.2936425,22.8568777],[108.2935016,22.8568981]]}},{"type":"Feature","id":"way/1065799605","properties":{"id":"way/1065799605","name":"周边建筑 1065799605","kind":"buildings","osmVersion":2,"osmEditedAt":"2026-07-25T03:46:04Z","sourceUrl":"https://www.openstreetmap.org/way/1065799605","insideCampus":false,"tags":{"building":"commercial"},"category":"service","height":9.899999999999999,"heightBasis":"按类型估算","facadeBasis":"按建筑类型推定","landmark":null},"geometry":{"type":"Polygon","coordinates":[[[108.2804496,22.8372835],[108.2805112,22.8374928],[108.2807933,22.8374222],[108.2806714,22.8370081],[108.2802386,22.8371164],[108.280299,22.8373212],[108.2804496,22.8372835]]]}},{"type":"Feature","id":"way/1076517221","properties":{"id":"way/1076517221","name":"","kind":"roads","osmVersion":3,"osmEditedAt":"2026-04-20T15:35:24Z","sourceUrl":"https://www.openstreetmap.org/way/1076517221","insideCampus":true,"tags":{"area":"yes","highway":"pedestrian"}},"geometry":{"type":"Polygon","coordinates":[[[108.2941931,22.8430038],[108.2941934,22.8426577],[108.2937981,22.8426573],[108.2937977,22.843045],[108.294193,22.8430454],[108.2941931,22.8430038]]]}},{"type":"Feature","id":"way/1076517222","properties":{"id":"way/1076517222","name":"校内建筑 1076517222","kind":"buildings","osmVersion":1,"osmEditedAt":"2022-07-07T08:58:32Z","sourceUrl":"https://www.openstreetmap.org/way/1076517222","insideCampus":true,"tags":{"building":"dormitory","building:levels":"7"},"category":"living","height":23.099999999999998,"heightBasis":"OSM高度或层数","facadeBasis":"按建筑类型推定","landmark":null},"geometry":{"type":"Polygon","coordinates":[[[108.2937794,22.8431625],[108.2937791,22.843265],[108.2941004,22.8432657],[108.2941005,22.8432552],[108.2943696,22.8432558],[108.2943691,22.843441],[108.2942341,22.8434407],[108.2942336,22.843631],[108.2943531,22.8436313],[108.2943534,22.8435199],[108.2944195,22.84352],[108.2944197,22.8434457],[108.2944858,22.8434459],[108.2944863,22.843256],[108.2945282,22.8432561],[108.2945284,22.8431642],[108.2937794,22.8431625]]]}},{"type":"Feature","id":"way/1076517223","properties":{"id":"way/1076517223","name":"校内建筑 1076517223","kind":"buildings","osmVersion":1,"osmEditedAt":"2022-07-07T08:58:32Z","sourceUrl":"https://www.openstreetmap.org/way/1076517223","insideCampus":true,"tags":{"building":"dormitory","building:levels":"7"},"category":"living","height":23.099999999999998,"heightBasis":"OSM高度或层数","facadeBasis":"按建筑类型推定","landmark":null},"geometry":{"type":"Polygon","coordinates":[[[108.2934282,22.8433232],[108.2934276,22.8435389],[108.2936259,22.8435393],[108.2936255,22.8436951],[108.2938941,22.8436957],[108.2938938,22.8438144],[108.2941746,22.843815],[108.2941752,22.8435924],[108.2939784,22.843592],[108.2939785,22.8435521],[108.2939488,22.843552],[108.293949,22.8434738],[108.2937188,22.8434733],[108.293719,22.8434125],[108.2936779,22.8434124],[108.2936781,22.8433237],[108.2934282,22.8433232]]]}},{"type":"Feature","id":"way/1076517224","properties":{"id":"way/1076517224","name":"校内建筑 1076517224","kind":"buildings","osmVersion":1,"osmEditedAt":"2022-07-07T08:58:32Z","sourceUrl":"https://www.openstreetmap.org/way/1076517224","insideCampus":true,"tags":{"building":"university","building:levels":"4"},"category":"academic","height":13.2,"heightBasis":"OSM高度或层数","facadeBasis":"按建筑类型推定","landmark":null},"geometry":{"type":"Polygon","coordinates":[[[108.2934603,22.8431486],[108.2928211,22.8431472],[108.2928209,22.8432282],[108.2934601,22.8432296],[108.2934603,22.8431486]]]}},{"type":"Feature","id":"way/1076517225","properties":{"id":"way/1076517225","name":"校内建筑 1076517225","kind":"buildings","osmVersion":1,"osmEditedAt":"2022-07-07T08:58:32Z","sourceUrl":"https://www.openstreetmap.org/way/1076517225","insideCampus":true,"tags":{"building":"yes","building:levels":"2"},"category":"service","height":6.6,"heightBasis":"OSM高度或层数","facadeBasis":"按建筑类型推定","landmark":null},"geometry":{"type":"Polygon","coordinates":[[[108.2927873,22.8430928],[108.2925532,22.8430892],[108.2925511,22.843208],[108.2927852,22.8432116],[108.2927873,22.8430928]]]}},{"type":"Feature","id":"way/1076517226","properties":{"id":"way/1076517226","name":"校内建筑 1076517226","kind":"buildings","osmVersion":1,"osmEditedAt":"2022-07-07T08:58:32Z","sourceUrl":"https://www.openstreetmap.org/way/1076517226","insideCampus":true,"tags":{"building":"yes","building:levels":"2","power":"substation","substation":"distribution"},"category":"service","height":6.6,"heightBasis":"OSM高度或层数","facadeBasis":"按建筑类型推定","landmark":null},"geometry":{"type":"Polygon","coordinates":[[[108.2924419,22.8431692],[108.2922863,22.8431663],[108.2922842,22.8432614],[108.2924397,22.8432644],[108.2924419,22.8431692]]]}},{"type":"Feature","id":"way/1076517227","properties":{"id":"way/1076517227","name":"留学生公寓","kind":"buildings","osmVersion":1,"osmEditedAt":"2022-07-07T08:58:32Z","sourceUrl":"https://www.openstreetmap.org/way/1076517227","insideCampus":true,"tags":{"building":"yes","building:levels":"24"},"category":"living","height":79.19999999999999,"heightBasis":"OSM高度或层数","facadeBasis":"OSM 24 层轮廓定位；独立重建折角双翼、逐层凹阳台及栏杆、近实墙端面、转角玻璃窗带及顶部镂空框、裙楼遮阳竖板、入口与屋面。楼高按 24×3.3 米估算，塔楼退界和未见立面推定；外观照片拍摄日期未知。","landmark":"international-residence"},"geometry":{"type":"Polygon","coordinates":[[[108.2926309,22.8439217],[108.2921439,22.8438258],[108.2920435,22.8442586],[108.2924964,22.8443478],[108.2925084,22.8442961],[108.2927034,22.8443345],[108.2927579,22.8440996],[108.2926309,22.8439217]]]}},{"type":"Feature","id":"way/1076517231","properties":{"id":"way/1076517231","name":"校内建筑 1076517231","kind":"buildings","osmVersion":1,"osmEditedAt":"2022-07-07T08:58:32Z","sourceUrl":"https://www.openstreetmap.org/way/1076517231","insideCampus":true,"tags":{"building":"yes","building:levels":"1"},"category":"service","height":3.3,"heightBasis":"OSM高度或层数","facadeBasis":"按建筑类型推定","landmark":null},"geometry":{"type":"Polygon","coordinates":[[[108.2842739,22.8448977],[108.2844619,22.8449001],[108.2844632,22.8448157],[108.2842752,22.8448133],[108.2842739,22.8448977]]]}},{"type":"Feature","id":"way/1076517233","properties":{"id":"way/1076517233","name":"","kind":"roads","osmVersion":1,"osmEditedAt":"2022-07-07T08:58:32Z","sourceUrl":"https://www.openstreetmap.org/way/1076517233","insideCampus":true,"tags":{"highway":"footway"}},"geometry":{"type":"LineString","coordinates":[[108.2845167,22.8434433],[108.2845974,22.8434445]]}},{"type":"Feature","id":"way/1076517235","properties":{"id":"way/1076517235","name":"","kind":"roads","osmVersion":1,"osmEditedAt":"2022-07-07T08:58:32Z","sourceUrl":"https://www.openstreetmap.org/way/1076517235","insideCampus":true,"tags":{"highway":"footway"}},"geometry":{"type":"LineString","coordinates":[[108.2858352,22.8430925],[108.2858393,22.8434569]]}},{"type":"Feature","id":"way/1076517236","properties":{"id":"way/1076517236","name":"","kind":"roads","osmVersion":1,"osmEditedAt":"2022-07-07T08:58:32Z","sourceUrl":"https://www.openstreetmap.org/way/1076517236","insideCampus":true,"tags":{"highway":"footway"}},"geometry":{"type":"LineString","coordinates":[[108.2852569,22.8447829],[108.2852706,22.844935],[108.2853236,22.8450588]]}},{"type":"Feature","id":"way/1076517238","properties":{"id":"way/1076517238","name":"校内建筑 1076517238","kind":"buildings","osmVersion":1,"osmEditedAt":"2022-07-07T08:58:32Z","sourceUrl":"https://www.openstreetmap.org/way/1076517238","insideCampus":true,"tags":{"building":"yes","building:levels":"2"},"category":"service","height":6.6,"heightBasis":"OSM高度或层数","facadeBasis":"按建筑类型推定","landmark":null},"geometry":{"type":"Polygon","coordinates":[[[108.286464,22.8439993],[108.2864647,22.8441673],[108.286753,22.8441663],[108.2867524,22.8439984],[108.286464,22.8439993]]]}},{"type":"Feature","id":"way/1076517242","properties":{"id":"way/1076517242","name":"校内建筑 1076517242","kind":"buildings","osmVersion":1,"osmEditedAt":"2022-07-07T08:58:32Z","sourceUrl":"https://www.openstreetmap.org/way/1076517242","insideCampus":true,"tags":{"access":"yes","amenity":"toilets","building":"toilets"},"category":"service","height":9.899999999999999,"heightBasis":"按类型估算","facadeBasis":"按建筑类型推定","landmark":null},"geometry":{"type":"Polygon","coordinates":[[[108.2840984,22.8448005],[108.2840973,22.8448784],[108.2842635,22.8448805],[108.2842646,22.8448026],[108.2840984,22.8448005]]]}},{"type":"Feature","id":"way/1076517243","properties":{"id":"way/1076517243","name":"","kind":"sports","osmVersion":2,"osmEditedAt":"2026-07-25T03:46:04Z","sourceUrl":"https://www.openstreetmap.org/way/1076517243","insideCampus":true,"tags":{"access":"yes","leisure":"pitch","sport":"volleyball"}},"geometry":{"type":"Polygon","coordinates":[[[108.2844656,22.8447441],[108.2844681,22.8444846],[108.2842104,22.8444825],[108.2842079,22.844742],[108.2844656,22.8447441]]]}},{"type":"Feature","id":"way/1076517244","properties":{"id":"way/1076517244","name":"","kind":"roads","osmVersion":1,"osmEditedAt":"2022-07-07T08:58:32Z","sourceUrl":"https://www.openstreetmap.org/way/1076517244","insideCampus":true,"tags":{"highway":"service","service":"driveway"}},"geometry":{"type":"LineString","coordinates":[[108.2868257,22.843756],[108.2865782,22.8437548],[108.2865433,22.8437646],[108.2865226,22.8437838],[108.2865031,22.8438091],[108.2864843,22.8438543]]}},{"type":"Feature","id":"way/1076517245","properties":{"id":"way/1076517245","name":"","kind":"roads","osmVersion":1,"osmEditedAt":"2022-07-07T08:58:32Z","sourceUrl":"https://www.openstreetmap.org/way/1076517245","insideCampus":true,"tags":{"highway":"service","service":"driveway"}},"geometry":{"type":"LineString","coordinates":[[108.285781,22.845067],[108.2857849,22.8446582]]}},{"type":"Feature","id":"way/1076517246","properties":{"id":"way/1076517246","name":"","kind":"sports","osmVersion":1,"osmEditedAt":"2022-07-07T08:58:32Z","sourceUrl":"https://www.openstreetmap.org/way/1076517246","insideCampus":true,"tags":{"leisure":"pitch","sport":"tennis"}},"geometry":{"type":"Polygon","coordinates":[[[108.2865816,22.8449527],[108.286756,22.8449521],[108.2867546,22.8445985],[108.2865802,22.844599],[108.2865816,22.8449527]]]}},{"type":"Feature","id":"way/1076517247","properties":{"id":"way/1076517247","name":"","kind":"sports","osmVersion":1,"osmEditedAt":"2022-07-07T08:58:32Z","sourceUrl":"https://www.openstreetmap.org/way/1076517247","insideCampus":true,"tags":{"leisure":"pitch","sport":"tennis"}},"geometry":{"type":"Polygon","coordinates":[[[108.2864019,22.8445996],[108.2862161,22.8446002],[108.2862174,22.8449539],[108.2864032,22.8449533],[108.2864019,22.8445996]]]}},{"type":"Feature","id":"way/1076517248","properties":{"id":"way/1076517248","name":"","kind":"sports","osmVersion":1,"osmEditedAt":"2022-07-07T08:58:32Z","sourceUrl":"https://www.openstreetmap.org/way/1076517248","insideCampus":true,"tags":{"leisure":"pitch","sport":"tennis"}},"geometry":{"type":"Polygon","coordinates":[[[108.2862161,22.8446002],[108.2860391,22.8446008],[108.2860404,22.8449544],[108.2862174,22.8449539],[108.2862161,22.8446002]]]}},{"type":"Feature","id":"way/1076517249","properties":{"id":"way/1076517249","name":"","kind":"sports","osmVersion":1,"osmEditedAt":"2022-07-07T08:58:32Z","sourceUrl":"https://www.openstreetmap.org/way/1076517249","insideCampus":true,"tags":{"leisure":"pitch","sport":"tennis"}},"geometry":{"type":"Polygon","coordinates":[[[108.2860391,22.8446008],[108.2858453,22.8446014],[108.2858467,22.8449551],[108.2860404,22.8449544],[108.2860391,22.8446008]]]}},{"type":"Feature","id":"way/1076517250","properties":{"id":"way/1076517250","name":"","kind":"sports","osmVersion":1,"osmEditedAt":"2022-07-07T08:58:32Z","sourceUrl":"https://www.openstreetmap.org/way/1076517250","insideCampus":true,"tags":{"leisure":"pitch","sport":"tennis"}},"geometry":{"type":"Polygon","coordinates":[[[108.286259,22.8445528],[108.2864661,22.8445522],[108.2864648,22.8442021],[108.2862577,22.8442028],[108.286259,22.8445528]]]}},{"type":"Feature","id":"way/1076517251","properties":{"id":"way/1076517251","name":"","kind":"sports","osmVersion":1,"osmEditedAt":"2022-07-07T08:58:32Z","sourceUrl":"https://www.openstreetmap.org/way/1076517251","insideCampus":true,"tags":{"leisure":"pitch","sport":"tennis"}},"geometry":{"type":"Polygon","coordinates":[[[108.2860585,22.8442034],[108.2858438,22.8442041],[108.2858452,22.8445542],[108.2860599,22.8445535],[108.2860585,22.8442034]]]}},{"type":"Feature","id":"way/1076517252","properties":{"id":"way/1076517252","name":"","kind":"sports","osmVersion":1,"osmEditedAt":"2022-07-07T08:58:32Z","sourceUrl":"https://www.openstreetmap.org/way/1076517252","insideCampus":true,"tags":{"leisure":"pitch","sport":"tennis"}},"geometry":{"type":"Polygon","coordinates":[[[108.2862577,22.8442028],[108.2860585,22.8442034],[108.2860599,22.8445535],[108.286259,22.8445528],[108.2862577,22.8442028]]]}},{"type":"Feature","id":"way/1076517253","properties":{"id":"way/1076517253","name":"","kind":"sports","osmVersion":1,"osmEditedAt":"2022-07-07T08:58:32Z","sourceUrl":"https://www.openstreetmap.org/way/1076517253","insideCampus":true,"tags":{"leisure":"pitch","sport":"tennis"}},"geometry":{"type":"Polygon","coordinates":[[[108.2860585,22.8442034],[108.2864648,22.8442021],[108.2864624,22.8435543],[108.2858414,22.8435563],[108.2858438,22.8442041],[108.2860585,22.8442034]]]}},{"type":"Feature","id":"way/1076517254","properties":{"id":"way/1076517254","name":"","kind":"roads","osmVersion":1,"osmEditedAt":"2022-07-07T08:58:32Z","sourceUrl":"https://www.openstreetmap.org/way/1076517254","insideCampus":true,"tags":{"highway":"service","service":"parking_aisle"}},"geometry":{"type":"LineString","coordinates":[[108.2872649,22.8417771],[108.2868577,22.8417724]]}},{"type":"Feature","id":"way/1076517255","properties":{"id":"way/1076517255","name":"","kind":"roads","osmVersion":1,"osmEditedAt":"2022-07-07T08:58:32Z","sourceUrl":"https://www.openstreetmap.org/way/1076517255","insideCampus":true,"tags":{"highway":"service","service":"parking_aisle"}},"geometry":{"type":"LineString","coordinates":[[108.2875291,22.8417776],[108.2879199,22.8417782]]}},{"type":"Feature","id":"way/1079901366","properties":{"id":"way/1079901366","name":"","kind":"roads","osmVersion":1,"osmEditedAt":"2022-07-20T03:11:20Z","sourceUrl":"https://www.openstreetmap.org/way/1079901366","insideCampus":false,"tags":{"highway":"residential"}},"geometry":{"type":"LineString","coordinates":[[108.278408,22.8580421],[108.2783134,22.8581813],[108.2781632,22.8584185],[108.2778456,22.8587705],[108.2774808,22.8592055],[108.27738895219719,22.859319545083427]]}},{"type":"Feature","id":"way/1079901367","properties":{"id":"way/1079901367","name":"","kind":"roads","osmVersion":1,"osmEditedAt":"2022-07-20T03:11:20Z","sourceUrl":"https://www.openstreetmap.org/way/1079901367","insideCampus":false,"tags":{"highway":"service"}},"geometry":{"type":"LineString","coordinates":[[108.2786155,22.8581895],[108.2785401,22.8582411],[108.2782269,22.8583179]]}},{"type":"Feature","id":"way/1125301321","properties":{"id":"way/1125301321","name":"周边建筑 1125301321","kind":"buildings","osmVersion":1,"osmEditedAt":"2022-12-28T01:08:33Z","sourceUrl":"https://www.openstreetmap.org/way/1125301321","insideCampus":false,"tags":{"building":"yes"},"category":"service","height":9.899999999999999,"heightBasis":"按类型估算","facadeBasis":"按建筑类型推定","landmark":null},"geometry":{"type":"Polygon","coordinates":[[[108.278596,22.8522774],[108.2786628,22.8519122],[108.2781256,22.8518287],[108.2780939,22.8520023],[108.2780404,22.8519939],[108.2780237,22.8520851],[108.2779626,22.8520756],[108.2779442,22.852176],[108.278596,22.8522774]]]}},{"type":"Feature","id":"way/1132535205","properties":{"id":"way/1132535205","name":"","kind":"green","osmVersion":2,"osmEditedAt":"2026-06-07T11:12:20Z","sourceUrl":"https://www.openstreetmap.org/way/1132535205","insideCampus":false,"tags":{"leisure":"park"}},"geometry":{"type":"MultiPolygon","coordinates":[[[[108.2770507,22.8511165],[108.2771061,22.8511269],[108.277189,22.8510814],[108.2772137,22.8510326],[108.27717900736204,22.850706571962835],[108.27701396486769,22.85087735679671],[108.27684805101748,22.851087634992524],[108.2770507,22.8511165]]],[[[108.2772861,22.8483126],[108.2773954,22.847594],[108.2773531,22.8468104],[108.2772155,22.8463031],[108.27712154064473,22.845988711016332],[108.2769421455062,22.847058375487176],[108.27691273725794,22.84731397607944],[108.27690988641663,22.847570995970774],[108.27693361891542,22.847827097134473],[108.27698371886748,22.848079949901205],[108.27705973052977,22.848327254151254],[108.2771609624488,22.848566760237954],[108.27721660093982,22.848668493104018],[108.2772861,22.8483126]]]]}},{"type":"Feature","id":"way/1132535208","properties":{"id":"way/1132535208","name":"","kind":"roads","osmVersion":1,"osmEditedAt":"2023-01-16T18:27:06Z","sourceUrl":"https://www.openstreetmap.org/way/1132535208","insideCampus":false,"tags":{"area":"yes","highway":"pedestrian"}},"geometry":{"type":"Polygon","coordinates":[[[108.2770507,22.8511165],[108.2771061,22.8511269],[108.277189,22.8510814],[108.2772137,22.8510326],[108.2771865,22.850777],[108.27713605905221,22.850751014577373],[108.27701396486769,22.85087735679671],[108.2768825299392,22.851043936618677],[108.2770507,22.8511165]]]}},{"type":"Feature","id":"way/1132535209","properties":{"id":"way/1132535209","name":"","kind":"roads","osmVersion":2,"osmEditedAt":"2026-06-07T11:12:20Z","sourceUrl":"https://www.openstreetmap.org/way/1132535209","insideCampus":false,"tags":{"highway":"service"}},"geometry":{"type":"LineString","coordinates":[[108.2772433,22.8513072],[108.2772283,22.8515813],[108.2773485,22.8518351],[108.2774437,22.852029],[108.2776427,22.8522757],[108.2777465,22.852383],[108.2778535,22.8524787],[108.277906,22.8525753],[108.277918,22.8526788],[108.2777628,22.8534115],[108.2776642,22.8537227],[108.277618,22.8537633],[108.2774942,22.8538194],[108.2772991,22.8539025],[108.2771481,22.8539973],[108.2770893,22.8540591],[108.2770033,22.8541229],[108.2770201,22.8542505],[108.2771229,22.8543472],[108.277681,22.8549368],[108.2778445,22.8550945],[108.2778833,22.8566584],[108.2779715,22.8568892],[108.2781832,22.8571265],[108.2784972,22.8573021],[108.2785986,22.8573249]]}},{"type":"Feature","id":"way/1132535210","properties":{"id":"way/1132535210","name":"","kind":"green","osmVersion":1,"osmEditedAt":"2023-01-16T18:27:06Z","sourceUrl":"https://www.openstreetmap.org/way/1132535210","insideCampus":false,"tags":{"leisure":"park"}},"geometry":{"type":"Polygon","coordinates":[[[108.2782719,22.8575458],[108.2784731,22.8575101],[108.2785401,22.8574385],[108.2785366,22.8567785],[108.2785648,22.8565054],[108.2786601,22.8564111],[108.2788259,22.8563526],[108.2788012,22.8550813],[108.2782261,22.8550878],[108.2779861,22.8548603],[108.2776686,22.8546749],[108.2771146,22.8542262],[108.2771182,22.8541254],[108.2771993,22.8540344],[108.2777815,22.8540051],[108.2784484,22.8539466],[108.278773,22.8538881],[108.2789176,22.853732],[108.2789494,22.8524575],[108.2778291,22.8522739],[108.2778291,22.8516743],[108.2777427,22.8516219],[108.27663300208197,22.851452737178573],[108.27657716788329,22.851564652998704],[108.27648294369332,22.851816468372206],[108.2764161550093,22.85207562563833],[108.27637745430589,22.85233959302762],[108.27636885595116,22.852563232537765],[108.2765746,22.8527347],[108.2768628,22.8528522],[108.2769634,22.8530306],[108.2770869,22.8534888],[108.2770106,22.8537597],[108.2768517,22.8540116],[108.2768506,22.8543682],[108.2774344,22.8547903],[108.2775033,22.8549466],[108.27764,22.8552331],[108.2776617,22.8556031],[108.2774548,22.8555963],[108.277269,22.8556512],[108.2771442,22.8558392],[108.2770392,22.8561599],[108.2769355,22.856266],[108.27642501277727,22.856403312770148],[108.27643689361223,22.857270178808918],[108.27645178701349,22.85752489679191],[108.276457767786,22.857561733161855],[108.2782719,22.8575458]]]}},{"type":"Feature","id":"way/1132535211","properties":{"id":"way/1132535211","name":"","kind":"roads","osmVersion":1,"osmEditedAt":"2023-01-16T18:27:06Z","sourceUrl":"https://www.openstreetmap.org/way/1132535211","insideCampus":false,"tags":{"highway":"service"}},"geometry":{"type":"LineString","coordinates":[[108.2778833,22.8566584],[108.2777871,22.8568302],[108.2776674,22.8569452],[108.2774678,22.8570739],[108.2770337,22.8572118],[108.2766046,22.85729],[108.27643947151917,22.857314268083442]]}},{"type":"Feature","id":"way/1155152195","properties":{"id":"way/1155152195","name":"农院路","kind":"roads","osmVersion":2,"osmEditedAt":"2026-03-24T13:03:15Z","sourceUrl":"https://www.openstreetmap.org/way/1155152195","insideCampus":false,"tags":{"highway":"residential","name":"农院路","name:en":"Nongyuan Road","name:vi":"Đường Nông Viện","name:yue":"农院路","name:yue-Latn":"Nungjyun Lu","name:zh":"农院路","name:zh-Hans":"农院路","name:zh-Hant":"農院路"}},"geometry":{"type":"LineString","coordinates":[[108.2911303227195,22.83613809662096],[108.2911702,22.8362907],[108.2912145,22.8365346],[108.2912464,22.8375676],[108.2911862,22.8382103],[108.2911018,22.838481],[108.2900124,22.8410216],[108.2897185,22.8418271]]}},{"type":"Feature","id":"way/1155152196","properties":{"id":"way/1155152196","name":"火炬路","kind":"roads","osmVersion":2,"osmEditedAt":"2026-03-24T13:03:15Z","sourceUrl":"https://www.openstreetmap.org/way/1155152196","insideCampus":false,"tags":{"highway":"residential","name":"火炬路"}},"geometry":{"type":"LineString","coordinates":[[108.2851529,22.8349931],[108.2851962,22.8351062],[108.2852366,22.835269],[108.2852338,22.8354079],[108.285154,22.8359522],[108.2851559,22.8360143],[108.2851866,22.83608],[108.2852457,22.8361309],[108.2875266,22.8371442],[108.2883437,22.8375108],[108.2892348,22.8378599],[108.2908398,22.8383642],[108.2911018,22.838481]]}},{"type":"Feature","id":"way/1161700590","properties":{"id":"way/1161700590","name":"","kind":"sports","osmVersion":1,"osmEditedAt":"2023-04-12T14:02:04Z","sourceUrl":"https://www.openstreetmap.org/way/1161700590","insideCampus":false,"tags":{"leisure":"pitch","sport":"basketball"}},"geometry":{"type":"Polygon","coordinates":[[[108.2857388,22.8476757],[108.2862831,22.8477467],[108.2863723,22.8471666],[108.2855169,22.8470549],[108.2854278,22.8476351],[108.2857388,22.8476757]]]}},{"type":"Feature","id":"way/1161700591","properties":{"id":"way/1161700591","name":"主舞台","kind":"buildings","osmVersion":1,"osmEditedAt":"2023-04-12T14:02:04Z","sourceUrl":"https://www.openstreetmap.org/way/1161700591","insideCampus":false,"tags":{"building":"roof","layer":"1","name":"主舞台"},"category":"service","height":9.899999999999999,"heightBasis":"按类型估算","facadeBasis":"按建筑类型推定","landmark":null},"geometry":{"type":"Polygon","coordinates":[[[108.2859855,22.8478549],[108.286008,22.8477108],[108.2857388,22.8476757],[108.2857164,22.8478192],[108.2859855,22.8478549]]]}},{"type":"Feature","id":"way/1161700592","properties":{"id":"way/1161700592","name":"周边建筑 1161700592","kind":"buildings","osmVersion":1,"osmEditedAt":"2023-04-12T14:02:04Z","sourceUrl":"https://www.openstreetmap.org/way/1161700592","insideCampus":false,"tags":{"building":"yes"},"category":"service","height":9.899999999999999,"heightBasis":"按类型估算","facadeBasis":"按建筑类型推定","landmark":null},"geometry":{"type":"Polygon","coordinates":[[[108.2861869,22.8479906],[108.2861958,22.8479301],[108.2860487,22.8479117],[108.2860398,22.8479723],[108.2861869,22.8479906]]]}},{"type":"Feature","id":"way/1161700594","properties":{"id":"way/1161700594","name":"周边建筑 1161700594","kind":"buildings","osmVersion":1,"osmEditedAt":"2023-04-12T14:02:04Z","sourceUrl":"https://www.openstreetmap.org/way/1161700594","insideCampus":false,"tags":{"building":"yes"},"category":"service","height":9.899999999999999,"heightBasis":"按类型估算","facadeBasis":"按建筑类型推定","landmark":null},"geometry":{"type":"Polygon","coordinates":[[[108.2855998,22.8478918],[108.2856188,22.8477607],[108.2853903,22.8477325],[108.2853713,22.8478636],[108.2855998,22.8478918]]]}},{"type":"Feature","id":"way/1257085281","properties":{"id":"way/1257085281","name":"","kind":"roads","osmVersion":1,"osmEditedAt":"2024-03-03T06:06:21Z","sourceUrl":"https://www.openstreetmap.org/way/1257085281","insideCampus":false,"tags":{"highway":"tertiary","oneway":"yes"}},"geometry":{"type":"LineString","coordinates":[[108.2851529,22.8349931],[108.2854132,22.8348001],[108.2867269,22.834348],[108.2874224,22.8341254],[108.28752874342966,22.83411241539743]]}},{"type":"Feature","id":"way/1257085282","properties":{"id":"way/1257085282","name":"","kind":"roads","osmVersion":2,"osmEditedAt":"2026-03-24T13:03:15Z","sourceUrl":"https://www.openstreetmap.org/way/1257085282","insideCampus":false,"tags":{"highway":"primary_link","oneway":"yes","surface":"asphalt"}},"geometry":{"type":"LineString","coordinates":[[108.2870569,22.8342419],[108.2871682,22.8341836],[108.2872415,22.8341394],[108.2872997,22.8340974],[108.2874375,22.834052],[108.28747773968202,22.834035396679873]]}},{"type":"Feature","id":"way/1257085283","properties":{"id":"way/1257085283","name":"","kind":"roads","osmVersion":1,"osmEditedAt":"2024-03-03T06:06:21Z","sourceUrl":"https://www.openstreetmap.org/way/1257085283","insideCampus":false,"tags":{"highway":"primary_link","oneway":"yes"}},"geometry":{"type":"LineString","coordinates":[[108.2865333,22.8345283],[108.2867269,22.834348]]}},{"type":"Feature","id":"way/1379222466","properties":{"id":"way/1379222466","name":"","kind":"roads","osmVersion":1,"osmEditedAt":"2025-04-21T02:56:45Z","sourceUrl":"https://www.openstreetmap.org/way/1379222466","insideCampus":false,"tags":{"highway":"trunk_link","oneway":"yes"}},"geometry":{"type":"LineString","coordinates":[[108.2830896,22.8578562],[108.2822895,22.8579932]]}},{"type":"Feature","id":"way/1379222467","properties":{"id":"way/1379222467","name":"","kind":"roads","osmVersion":2,"osmEditedAt":"2026-06-07T11:12:20Z","sourceUrl":"https://www.openstreetmap.org/way/1379222467","insideCampus":false,"tags":{"highway":"trunk_link","oneway":"yes"}},"geometry":{"type":"LineString","coordinates":[[108.2820659,22.8576259],[108.2822865,22.8576483],[108.2827904,22.8576501],[108.2831084,22.8576816]]}},{"type":"Feature","id":"way/1379222481","properties":{"id":"way/1379222481","name":"","kind":"roads","osmVersion":1,"osmEditedAt":"2025-04-21T02:56:45Z","sourceUrl":"https://www.openstreetmap.org/way/1379222481","insideCampus":false,"tags":{"highway":"service"}},"geometry":{"type":"LineString","coordinates":[[108.2821561,22.8598011],[108.2820764,22.8580404]]}},{"type":"Feature","id":"way/1379222486","properties":{"id":"way/1379222486","name":"","kind":"sports","osmVersion":1,"osmEditedAt":"2025-04-21T02:56:45Z","sourceUrl":"https://www.openstreetmap.org/way/1379222486","insideCampus":false,"tags":{"hoops":"2","leisure":"pitch","sport":"basketball"}},"geometry":{"type":"Polygon","coordinates":[[[108.2820615,22.8490695],[108.2820665,22.8489381],[108.2817997,22.8489295],[108.2817947,22.8490609],[108.2820615,22.8490695]]]}},{"type":"Feature","id":"way/1379222487","properties":{"id":"way/1379222487","name":"","kind":"sports","osmVersion":1,"osmEditedAt":"2025-04-21T02:56:45Z","sourceUrl":"https://www.openstreetmap.org/way/1379222487","insideCampus":false,"tags":{"hoops":"2","leisure":"pitch","sport":"basketball"}},"geometry":{"type":"Polygon","coordinates":[[[108.2820678,22.8488865],[108.2820728,22.848755],[108.281806,22.8487465],[108.2818011,22.8488779],[108.2820678,22.8488865]]]}},{"type":"Feature","id":"way/1379222488","properties":{"id":"way/1379222488","name":"","kind":"sports","osmVersion":1,"osmEditedAt":"2025-04-21T02:56:45Z","sourceUrl":"https://www.openstreetmap.org/way/1379222488","insideCampus":false,"tags":{"hoops":"2","leisure":"pitch","sport":"basketball"}},"geometry":{"type":"Polygon","coordinates":[[[108.2857567,22.8495995],[108.2857724,22.8494688],[108.2855071,22.8494417],[108.2854914,22.8495724],[108.2857567,22.8495995]]]}},{"type":"Feature","id":"way/1456747460","properties":{"id":"way/1456747460","name":"","kind":"roads","osmVersion":1,"osmEditedAt":"2025-12-07T19:40:15Z","sourceUrl":"https://www.openstreetmap.org/way/1456747460","insideCampus":true,"tags":{"highway":"footway"}},"geometry":{"type":"LineString","coordinates":[[108.2883288,22.8413916],[108.2883275,22.8413619]]}},{"type":"Feature","id":"way/1456747461","properties":{"id":"way/1456747461","name":"","kind":"roads","osmVersion":1,"osmEditedAt":"2025-12-07T19:40:15Z","sourceUrl":"https://www.openstreetmap.org/way/1456747461","insideCampus":false,"tags":{"highway":"footway"}},"geometry":{"type":"LineString","coordinates":[[108.2796876,22.8453413],[108.2797221,22.8451773]]}},{"type":"Feature","id":"way/1467685049","properties":{"id":"way/1467685049","name":"","kind":"roads","osmVersion":1,"osmEditedAt":"2026-01-16T21:18:37Z","sourceUrl":"https://www.openstreetmap.org/way/1467685049","insideCampus":true,"tags":{"highway":"footway"}},"geometry":{"type":"LineString","coordinates":[[108.2915685,22.8474316],[108.291373,22.8474844]]}},{"type":"Feature","id":"way/1467685050","properties":{"id":"way/1467685050","name":"","kind":"roads","osmVersion":2,"osmEditedAt":"2026-04-20T15:35:24Z","sourceUrl":"https://www.openstreetmap.org/way/1467685050","insideCampus":true,"tags":{"highway":"footway"}},"geometry":{"type":"LineString","coordinates":[[108.2940911,22.8425496],[108.2940909,22.8426847],[108.2941513,22.8426848],[108.2941513,22.8427129]]}},{"type":"Feature","id":"way/1467685052","properties":{"id":"way/1467685052","name":"","kind":"roads","osmVersion":3,"osmEditedAt":"2026-01-16T21:19:32Z","sourceUrl":"https://www.openstreetmap.org/way/1467685052","insideCampus":true,"tags":{"highway":"footway"}},"geometry":{"type":"LineString","coordinates":[[108.2905365,22.8475696],[108.2905341,22.8475586],[108.2905406,22.8475559],[108.2905829,22.8475639],[108.2906077,22.8475575],[108.2907056,22.8475138],[108.2907316,22.847512],[108.2909429,22.8475318],[108.2909349,22.8473884],[108.2910006,22.847373],[108.2910817,22.8473594],[108.2911602,22.8473143],[108.2911978,22.8473149],[108.2911972,22.8473291],[108.2912058,22.8473421]]}},{"type":"Feature","id":"way/1467685053","properties":{"id":"way/1467685053","name":"","kind":"roads","osmVersion":1,"osmEditedAt":"2026-01-16T21:18:37Z","sourceUrl":"https://www.openstreetmap.org/way/1467685053","insideCampus":true,"tags":{"highway":"footway"}},"geometry":{"type":"LineString","coordinates":[[108.2911885,22.8473421],[108.2912098,22.8473143],[108.2912266,22.8473149],[108.2912306,22.8474867],[108.2913081,22.8475081],[108.291373,22.8474844]]}},{"type":"Feature","id":"way/1467685184","properties":{"id":"way/1467685184","name":"","kind":"roads","osmVersion":1,"osmEditedAt":"2026-01-16T21:19:11Z","sourceUrl":"https://www.openstreetmap.org/way/1467685184","insideCampus":true,"tags":{"highway":"footway"}},"geometry":{"type":"LineString","coordinates":[[108.2909429,22.8475318],[108.2909423,22.8475769],[108.2909642,22.8475813]]}},{"type":"Feature","id":"way/1467685185","properties":{"id":"way/1467685185","name":"","kind":"roads","osmVersion":1,"osmEditedAt":"2026-01-16T21:19:11Z","sourceUrl":"https://www.openstreetmap.org/way/1467685185","insideCampus":true,"tags":{"highway":"footway"}},"geometry":{"type":"LineString","coordinates":[[108.2909423,22.8475769],[108.2909356,22.8476551],[108.29084,22.8476789],[108.2908374,22.8476698],[108.2908304,22.8476568]]}},{"type":"Feature","id":"way/1474800678","properties":{"id":"way/1474800678","name":"","kind":"roads","osmVersion":1,"osmEditedAt":"2026-02-06T17:22:04Z","sourceUrl":"https://www.openstreetmap.org/way/1474800678","insideCampus":true,"tags":{"highway":"footway"}},"geometry":{"type":"LineString","coordinates":[[108.287921,22.8426777],[108.2886041,22.8426777],[108.2886094,22.8418581]]}},{"type":"Feature","id":"way/1474800679","properties":{"id":"way/1474800679","name":"","kind":"roads","osmVersion":1,"osmEditedAt":"2026-02-06T17:22:04Z","sourceUrl":"https://www.openstreetmap.org/way/1474800679","insideCampus":true,"tags":{"highway":"footway"}},"geometry":{"type":"LineString","coordinates":[[108.2879205,22.8422797],[108.2892146,22.8422879]]}},{"type":"Feature","id":"way/1474800680","properties":{"id":"way/1474800680","name":"","kind":"roads","osmVersion":1,"osmEditedAt":"2026-02-06T17:22:04Z","sourceUrl":"https://www.openstreetmap.org/way/1474800680","insideCampus":true,"tags":{"highway":"footway"}},"geometry":{"type":"LineString","coordinates":[[108.2886041,22.8426777],[108.2885813,22.8428847],[108.2885015,22.843043],[108.2879215,22.8430397]]}},{"type":"Feature","id":"way/1474800682","properties":{"id":"way/1474800682","name":"东校园东区31栋","kind":"buildings","osmVersion":1,"osmEditedAt":"2026-02-06T17:22:04Z","sourceUrl":"https://www.openstreetmap.org/way/1474800682","insideCampus":true,"tags":{"building":"apartments","name":"东校园东区31栋"},"category":"living","height":19.799999999999997,"heightBasis":"按类型估算","facadeBasis":"按建筑类型推定","landmark":null},"geometry":{"type":"Polygon","coordinates":[[[108.2928011,22.8479864],[108.2928068,22.8478816],[108.2922077,22.8478539],[108.292202,22.8479586],[108.2928011,22.8479864]]]}},{"type":"Feature","id":"way/1474800683","properties":{"id":"way/1474800683","name":"东校园东区32栋","kind":"buildings","osmVersion":1,"osmEditedAt":"2026-02-06T17:22:04Z","sourceUrl":"https://www.openstreetmap.org/way/1474800683","insideCampus":true,"tags":{"building":"apartments","name":"东校园东区32栋"},"category":"living","height":19.799999999999997,"heightBasis":"按类型估算","facadeBasis":"按建筑类型推定","landmark":null},"geometry":{"type":"Polygon","coordinates":[[[108.29277,22.8482578],[108.2927757,22.848153],[108.2921767,22.8481253],[108.292171,22.8482299],[108.29277,22.8482578]]]}},{"type":"Feature","id":"way/1474800684","properties":{"id":"way/1474800684","name":"东校园东区33栋","kind":"buildings","osmVersion":1,"osmEditedAt":"2026-02-06T17:22:04Z","sourceUrl":"https://www.openstreetmap.org/way/1474800684","insideCampus":true,"tags":{"building":"apartments","name":"东校园东区33栋"},"category":"living","height":19.799999999999997,"heightBasis":"按类型估算","facadeBasis":"按建筑类型推定","landmark":null},"geometry":{"type":"Polygon","coordinates":[[[108.2927354,22.8485416],[108.2927402,22.8484808],[108.2927629,22.8484824],[108.2927671,22.8484294],[108.2924991,22.8484113],[108.2924944,22.84847],[108.2925134,22.8484713],[108.292509,22.8485264],[108.2927354,22.8485416]]]}},{"type":"Feature","id":"way/1474800685","properties":{"id":"way/1474800685","name":"东校园东区18栋","kind":"buildings","osmVersion":1,"osmEditedAt":"2026-02-06T17:22:04Z","sourceUrl":"https://www.openstreetmap.org/way/1474800685","insideCampus":true,"tags":{"building":"apartments","name":"东校园东区18栋"},"category":"living","height":19.799999999999997,"heightBasis":"按类型估算","facadeBasis":"按建筑类型推定","landmark":null},"geometry":{"type":"Polygon","coordinates":[[[108.2924072,22.8486984],[108.2921456,22.8486871],[108.2921417,22.8487633],[108.2924033,22.8487746],[108.2924072,22.8486984]]]}},{"type":"Feature","id":"way/1474800686","properties":{"id":"way/1474800686","name":"东校园东区19栋","kind":"buildings","osmVersion":1,"osmEditedAt":"2026-02-06T17:22:04Z","sourceUrl":"https://www.openstreetmap.org/way/1474800686","insideCampus":true,"tags":{"building":"apartments","name":"东校园东区19栋"},"category":"living","height":19.799999999999997,"heightBasis":"按类型估算","facadeBasis":"按建筑类型推定","landmark":null},"geometry":{"type":"Polygon","coordinates":[[[108.2927029,22.8487108],[108.2924414,22.8486995],[108.2924375,22.8487757],[108.292699,22.848787],[108.2927029,22.8487108]]]}},{"type":"Feature","id":"way/1474800688","properties":{"id":"way/1474800688","name":"东校园学生公寓18栋","kind":"buildings","osmVersion":1,"osmEditedAt":"2026-02-06T17:22:04Z","sourceUrl":"https://www.openstreetmap.org/way/1474800688","insideCampus":true,"tags":{"building":"apartments","name":"东校园学生公寓18栋"},"category":"living","height":19.799999999999997,"heightBasis":"按类型估算","facadeBasis":"按建筑类型推定","landmark":null},"geometry":{"type":"Polygon","coordinates":[[[108.2950084,22.8461806],[108.295011,22.846064],[108.2948199,22.8460604],[108.2948244,22.8458567],[108.2946911,22.8458542],[108.2946838,22.8461743],[108.2950084,22.8461806]]]}},{"type":"Feature","id":"way/1474800689","properties":{"id":"way/1474800689","name":"东校园学生宿舍7栋","kind":"buildings","osmVersion":1,"osmEditedAt":"2026-02-06T17:22:04Z","sourceUrl":"https://www.openstreetmap.org/way/1474800689","insideCampus":true,"tags":{"building":"apartments","name":"东校园学生宿舍7栋"},"category":"living","height":19.799999999999997,"heightBasis":"按类型估算","facadeBasis":"按建筑类型推定","landmark":null},"geometry":{"type":"Polygon","coordinates":[[[108.2947062,22.8464763],[108.2949094,22.8464883],[108.2949077,22.8465134],[108.2951382,22.846527],[108.2951366,22.8465498],[108.2953516,22.8465625],[108.2953574,22.8464792],[108.2951801,22.8464688],[108.2951822,22.8464393],[108.2949234,22.8464241],[108.2949248,22.8464037],[108.2947121,22.8463911],[108.2947062,22.8464763]]]}},{"type":"Feature","id":"way/1474800690","properties":{"id":"way/1474800690","name":"东校园东区1栋","kind":"buildings","osmVersion":1,"osmEditedAt":"2026-02-06T17:22:04Z","sourceUrl":"https://www.openstreetmap.org/way/1474800690","insideCampus":true,"tags":{"building":"apartments","name":"东校园东区1栋"},"category":"living","height":19.799999999999997,"heightBasis":"按类型估算","facadeBasis":"按建筑类型推定","landmark":null},"geometry":{"type":"Polygon","coordinates":[[[108.2960496,22.8471217],[108.296096,22.847038],[108.2955462,22.8467796],[108.2954998,22.8468634],[108.2960496,22.8471217]]]}},{"type":"Feature","id":"way/1474800691","properties":{"id":"way/1474800691","name":"广西大学动物医院","kind":"buildings","osmVersion":1,"osmEditedAt":"2026-02-06T17:22:04Z","sourceUrl":"https://www.openstreetmap.org/way/1474800691","insideCampus":true,"tags":{"addr:city":"南宁市","addr:district":"西乡塘区","addr:housenumber":"100","addr:postcode":"530004","addr:province":"广西壮族自治区","addr:street":"鲁班路","amenity":"veterinary","building":"yes","name":"广西大学动物医院"},"category":"service","height":9.899999999999999,"heightBasis":"按类型估算","facadeBasis":"按建筑类型推定","landmark":null},"geometry":{"type":"Polygon","coordinates":[[[108.2798312,22.8541061],[108.279838,22.8536267],[108.2796845,22.8536228],[108.2796756,22.8541012],[108.2798312,22.8541061]]]}},{"type":"Feature","id":"way/1474800693","properties":{"id":"way/1474800693","name":"友谊园","kind":"green","osmVersion":1,"osmEditedAt":"2026-02-06T17:22:04Z","sourceUrl":"https://www.openstreetmap.org/way/1474800693","insideCampus":true,"tags":{"landuse":"orchard","name":"友谊园"}},"geometry":{"type":"Polygon","coordinates":[[[108.2934389,22.8454173],[108.2934145,22.845333],[108.2917314,22.8449827],[108.2916643,22.8452674],[108.2928047,22.845747],[108.2934389,22.8454173]]]}},{"type":"Feature","id":"way/1492215397","properties":{"id":"way/1492215397","name":"","kind":"roads","osmVersion":1,"osmEditedAt":"2026-03-24T13:03:15Z","sourceUrl":"https://www.openstreetmap.org/way/1492215397","insideCampus":false,"tags":{"highway":"service"}},"geometry":{"type":"LineString","coordinates":[[108.2862839,22.8351621],[108.2861987,22.8350994],[108.2860866,22.8348138]]}},{"type":"Feature","id":"way/1492215398","properties":{"id":"way/1492215398","name":"","kind":"roads","osmVersion":1,"osmEditedAt":"2026-03-24T13:03:15Z","sourceUrl":"https://www.openstreetmap.org/way/1492215398","insideCampus":false,"tags":{"highway":"service","layer":"-1","tunnel":"building_passage"}},"geometry":{"type":"LineString","coordinates":[[108.2866187,22.8353982],[108.2862839,22.8351621]]}},{"type":"Feature","id":"way/1492215402","properties":{"id":"way/1492215402","name":"","kind":"roads","osmVersion":1,"osmEditedAt":"2026-03-24T13:03:15Z","sourceUrl":"https://www.openstreetmap.org/way/1492215402","insideCampus":true,"tags":{"highway":"service"}},"geometry":{"type":"LineString","coordinates":[[108.2896849,22.8515905],[108.2888254,22.8515779]]}},{"type":"Feature","id":"way/1492215403","properties":{"id":"way/1492215403","name":"","kind":"roads","osmVersion":1,"osmEditedAt":"2026-03-24T13:03:15Z","sourceUrl":"https://www.openstreetmap.org/way/1492215403","insideCampus":true,"tags":{"highway":"service"}},"geometry":{"type":"LineString","coordinates":[[108.2896891,22.8513511],[108.2896849,22.8515905],[108.290727,22.8516058]]}},{"type":"Feature","id":"way/1492215404","properties":{"id":"way/1492215404","name":"","kind":"roads","osmVersion":1,"osmEditedAt":"2026-03-24T13:03:15Z","sourceUrl":"https://www.openstreetmap.org/way/1492215404","insideCampus":true,"tags":{"highway":"service"}},"geometry":{"type":"LineString","coordinates":[[108.2888296,22.8513385],[108.2888132,22.852286]]}},{"type":"Feature","id":"way/1492215405","properties":{"id":"way/1492215405","name":"","kind":"roads","osmVersion":1,"osmEditedAt":"2026-03-24T13:03:15Z","sourceUrl":"https://www.openstreetmap.org/way/1492215405","insideCampus":true,"tags":{"bridge":"yes","highway":"footway","layer":"1"}},"geometry":{"type":"LineString","coordinates":[[108.2898279,22.8468222],[108.2895809,22.8469211]]}},{"type":"Feature","id":"way/1492215406","properties":{"id":"way/1492215406","name":"","kind":"roads","osmVersion":1,"osmEditedAt":"2026-03-24T13:03:15Z","sourceUrl":"https://www.openstreetmap.org/way/1492215406","insideCampus":true,"tags":{"highway":"footway"}},"geometry":{"type":"LineString","coordinates":[[108.2899088,22.8467898],[108.2898279,22.8468222]]}},{"type":"Feature","id":"way/1492215407","properties":{"id":"way/1492215407","name":"","kind":"roads","osmVersion":1,"osmEditedAt":"2026-03-24T13:03:15Z","sourceUrl":"https://www.openstreetmap.org/way/1492215407","insideCampus":true,"tags":{"highway":"service"}},"geometry":{"type":"LineString","coordinates":[[108.2867785,22.8479117],[108.286938,22.8479606]]}},{"type":"Feature","id":"way/1492215409","properties":{"id":"way/1492215409","name":"","kind":"roads","osmVersion":1,"osmEditedAt":"2026-03-24T13:03:15Z","sourceUrl":"https://www.openstreetmap.org/way/1492215409","insideCampus":false,"tags":{"highway":"service","service":"parking_aisle"}},"geometry":{"type":"MultiLineString","coordinates":[[[108.2854705,22.8362307],[108.2853986,22.8363634]],[[108.2853986,22.8363634],[108.2853565,22.836441],[108.2852679,22.8364342],[108.2852123,22.836454],[108.2851707,22.8365065],[108.28505,22.8364565],[108.2851077,22.8362538],[108.2853986,22.8363634]]]}},{"type":"Feature","id":"way/1492215411","properties":{"id":"way/1492215411","name":"创业大厦","kind":"buildings","osmVersion":2,"osmEditedAt":"2026-07-25T03:46:04Z","sourceUrl":"https://www.openstreetmap.org/way/1492215411","insideCampus":false,"tags":{"addr:housenumber":"1","addr:street":"火炬路","building":"yes","building:levels":"12","name":"创业大厦"},"category":"service","height":39.599999999999994,"heightBasis":"OSM高度或层数","facadeBasis":"按建筑类型推定","landmark":null},"geometry":{"type":"Polygon","coordinates":[[[108.2855866,22.8364551],[108.2854253,22.8363886],[108.2853878,22.8364658],[108.2853525,22.8364583],[108.2853164,22.8364573],[108.2852807,22.8364627],[108.28525,22.8364729],[108.2852217,22.8364879],[108.2851967,22.8365072],[108.2851757,22.8365303],[108.2851594,22.8365564],[108.2850376,22.8365011],[108.2849949,22.8365809],[108.2850277,22.8365959],[108.2850096,22.8366298],[108.2852678,22.836747],[108.2853227,22.8367306],[108.2853277,22.8367447],[108.28541,22.8367201],[108.2854051,22.8367061],[108.2854661,22.8366879],[108.2855469,22.8365368],[108.2855866,22.8364551]]]}},{"type":"Feature","id":"way/1492215412","properties":{"id":"way/1492215412","name":"","kind":"roads","osmVersion":1,"osmEditedAt":"2026-03-24T13:03:15Z","sourceUrl":"https://www.openstreetmap.org/way/1492215412","insideCampus":false,"tags":{"highway":"steps"}},"geometry":{"type":"LineString","coordinates":[[108.2860385,22.8350922],[108.2861314,22.8350606]]}},{"type":"Feature","id":"way/1492215413","properties":{"id":"way/1492215413","name":"周边建筑 1492215413","kind":"buildings","osmVersion":1,"osmEditedAt":"2026-03-24T13:03:15Z","sourceUrl":"https://www.openstreetmap.org/way/1492215413","insideCampus":false,"tags":{"building":"yes","building:levels":"1"},"category":"service","height":3.3,"heightBasis":"OSM高度或层数","facadeBasis":"按建筑类型推定","landmark":null},"geometry":{"type":"Polygon","coordinates":[[[108.2863855,22.8349625],[108.2864015,22.8350031],[108.2868702,22.8348456],[108.2868542,22.834805],[108.2863855,22.8349625]]]}},{"type":"Feature","id":"way/1492215420","properties":{"id":"way/1492215420","name":"","kind":"roads","osmVersion":1,"osmEditedAt":"2026-03-24T13:03:15Z","sourceUrl":"https://www.openstreetmap.org/way/1492215420","insideCampus":false,"tags":{"highway":"primary_link","oneway":"yes","surface":"asphalt"}},"geometry":{"type":"LineString","coordinates":[[108.2874122,22.8343691],[108.286951,22.8346321]]}},{"type":"Feature","id":"way/1492215421","properties":{"id":"way/1492215421","name":"","kind":"roads","osmVersion":1,"osmEditedAt":"2026-03-24T13:03:15Z","sourceUrl":"https://www.openstreetmap.org/way/1492215421","insideCampus":false,"tags":{"highway":"primary_link","oneway":"yes","surface":"asphalt"}},"geometry":{"type":"LineString","coordinates":[[108.2871276,22.8343241],[108.287177,22.834448]]}},{"type":"Feature","id":"way/1492215422","properties":{"id":"way/1492215422","name":"","kind":"roads","osmVersion":1,"osmEditedAt":"2026-03-24T13:03:15Z","sourceUrl":"https://www.openstreetmap.org/way/1492215422","insideCampus":false,"tags":{"crossing":"marked","crossing:markings":"zebra","footway":"crossing","highway":"footway"}},"geometry":{"type":"LineString","coordinates":[[108.2850574,22.8353268],[108.2852366,22.835269]]}},{"type":"Feature","id":"way/1492215423","properties":{"id":"way/1492215423","name":"","kind":"roads","osmVersion":2,"osmEditedAt":"2026-04-20T15:35:24Z","sourceUrl":"https://www.openstreetmap.org/way/1492215423","insideCampus":false,"tags":{"highway":"service"}},"geometry":{"type":"LineString","coordinates":[[108.28795101070045,22.83519808267449],[108.2878228,22.8353354],[108.2876122,22.8354491],[108.2873319,22.8355295],[108.2870999,22.8355418],[108.2867566,22.8354763],[108.2866506,22.8354207],[108.2866187,22.8353982]]}},{"type":"Feature","id":"way/1492215424","properties":{"id":"way/1492215424","name":"南大门","kind":"buildings","osmVersion":2,"osmEditedAt":"2026-04-22T04:32:51Z","sourceUrl":"https://www.openstreetmap.org/way/1492215424","insideCampus":true,"tags":{"building":"gatehouse","layer":"1","man_made":"ceremonial_gate"},"category":"landmark","height":12.5,"heightBasis":"参考照片估算","facadeBasis":"参考照片独立建模","landmark":"south-gate"},"geometry":{"type":"Polygon","coordinates":[[[108.2847748,22.8359408],[108.2843483,22.8359346],[108.2843476,22.8359729],[108.2847741,22.8359791],[108.2847748,22.8359408]]]}},{"type":"Feature","id":"way/1501460934","properties":{"id":"way/1501460934","name":"周边建筑 1501460934","kind":"buildings","osmVersion":1,"osmEditedAt":"2026-04-20T15:35:24Z","sourceUrl":"https://www.openstreetmap.org/way/1501460934","insideCampus":false,"tags":{"building":"kiosk","building:levels":"1"},"category":"service","height":3.3,"heightBasis":"OSM高度或层数","facadeBasis":"按建筑类型推定","landmark":null},"geometry":{"type":"Polygon","coordinates":[[[108.286122,22.8349914],[108.286013,22.8350287],[108.2860295,22.8350698],[108.2861386,22.8350326],[108.286122,22.8349914]]]}},{"type":"Feature","id":"way/1501460937","properties":{"id":"way/1501460937","name":"校内建筑 1501460937","kind":"buildings","osmVersion":1,"osmEditedAt":"2026-04-20T15:35:24Z","sourceUrl":"https://www.openstreetmap.org/way/1501460937","insideCampus":true,"tags":{"building":"yes"},"category":"service","height":9.899999999999999,"heightBasis":"按类型估算","facadeBasis":"按建筑类型推定","landmark":null},"geometry":{"type":"Polygon","coordinates":[[[108.2933247,22.8411823],[108.2932613,22.8411815],[108.2932606,22.8412328],[108.2932707,22.8412329],[108.2932702,22.8412653],[108.2933314,22.8412661],[108.2933545,22.8412541],[108.2933293,22.841231],[108.2933241,22.8412189],[108.2933247,22.8411823]]]}},{"type":"Feature","id":"way/1501460938","properties":{"id":"way/1501460938","name":"停车楼","kind":"buildings","osmVersion":1,"osmEditedAt":"2026-04-20T15:35:24Z","sourceUrl":"https://www.openstreetmap.org/way/1501460938","insideCampus":false,"tags":{"building":"parking","name":"停车楼"},"category":"service","height":9.899999999999999,"heightBasis":"按类型估算","facadeBasis":"按建筑类型推定","landmark":null},"geometry":{"type":"Polygon","coordinates":[[[108.2874071,22.8358722],[108.2874935,22.8357769],[108.2872888,22.8356194],[108.2871044,22.8358229],[108.2873689,22.8360263],[108.2874669,22.8359181],[108.2874071,22.8358722]]]}},{"type":"Feature","id":"way/1501460939","properties":{"id":"way/1501460939","name":"","kind":"roads","osmVersion":1,"osmEditedAt":"2026-04-20T15:35:24Z","sourceUrl":"https://www.openstreetmap.org/way/1501460939","insideCampus":false,"tags":{"highway":"service","service":"driveway"}},"geometry":{"type":"LineString","coordinates":[[108.2870999,22.8355418],[108.2872072,22.8356704]]}},{"type":"Feature","id":"way/1501460942","properties":{"id":"way/1501460942","name":"研究生院","kind":"buildings","osmVersion":1,"osmEditedAt":"2026-04-20T15:35:24Z","sourceUrl":"https://www.openstreetmap.org/way/1501460942","insideCampus":true,"tags":{"building":"university","name":"研究生院"},"category":"academic","height":16.5,"heightBasis":"按类型估算","facadeBasis":"按建筑类型推定","landmark":null},"geometry":{"type":"Polygon","coordinates":[[[108.2938592,22.8423172],[108.2938333,22.8422927],[108.2937392,22.8423768],[108.2935211,22.8423741],[108.2935198,22.8424659],[108.2936379,22.8424673],[108.293527,22.8425665],[108.293573,22.8426102],[108.2935357,22.8426098],[108.2935353,22.8426404],[108.2936057,22.8426412],[108.2936233,22.842658],[108.2939013,22.8424095],[108.2940402,22.8424112],[108.2940392,22.8424486],[108.2940486,22.8424612],[108.2940643,22.8424663],[108.2940801,22.842462],[108.2940902,22.8424498],[108.2940913,22.8424118],[108.2940985,22.8424119],[108.2940998,22.8423202],[108.2938592,22.8423172]]]}},{"type":"Feature","id":"way/1501460945","properties":{"id":"way/1501460945","name":"校内建筑 1501460945","kind":"buildings","osmVersion":1,"osmEditedAt":"2026-04-20T15:35:24Z","sourceUrl":"https://www.openstreetmap.org/way/1501460945","insideCampus":true,"tags":{"building":"university"},"category":"academic","height":16.5,"heightBasis":"按类型估算","facadeBasis":"按建筑类型推定","landmark":null},"geometry":{"type":"Polygon","coordinates":[[[108.2928466,22.8422852],[108.2928478,22.8422068],[108.2927826,22.842206],[108.2927803,22.8423675],[108.2931752,22.8423724],[108.2931757,22.8423363],[108.2932106,22.8423368],[108.2932113,22.8422896],[108.2928466,22.8422852]]]}},{"type":"Feature","id":"way/1501460946","properties":{"id":"way/1501460946","name":"校内建筑 1501460946","kind":"buildings","osmVersion":1,"osmEditedAt":"2026-04-20T15:35:24Z","sourceUrl":"https://www.openstreetmap.org/way/1501460946","insideCampus":true,"tags":{"building":"university"},"category":"academic","height":16.5,"heightBasis":"按类型估算","facadeBasis":"按建筑类型推定","landmark":null},"geometry":{"type":"Polygon","coordinates":[[[108.2944726,22.8418381],[108.2944733,22.8417899],[108.2943286,22.8417881],[108.2943249,22.8420454],[108.2943371,22.8420456],[108.2943366,22.8420814],[108.2948762,22.842088],[108.2948797,22.8418431],[108.2944726,22.8418381]]]}},{"type":"Feature","id":"way/1501460947","properties":{"id":"way/1501460947","name":"","kind":"green","osmVersion":1,"osmEditedAt":"2026-04-20T15:35:24Z","sourceUrl":"https://www.openstreetmap.org/way/1501460947","insideCampus":true,"tags":{"leisure":"park"}},"geometry":{"type":"Polygon","coordinates":[[[108.2941407,22.8417229],[108.2928009,22.8416969],[108.2927835,22.8421023],[108.2941353,22.8421258],[108.2941407,22.8417229]]]}},{"type":"Feature","id":"way/1501460948","properties":{"id":"way/1501460948","name":"校内建筑 1501460948","kind":"buildings","osmVersion":1,"osmEditedAt":"2026-04-20T15:35:24Z","sourceUrl":"https://www.openstreetmap.org/way/1501460948","insideCampus":true,"tags":{"building":"university"},"category":"academic","height":16.5,"heightBasis":"按类型估算","facadeBasis":"按建筑类型推定","landmark":null},"geometry":{"type":"Polygon","coordinates":[[[108.2931045,22.8415931],[108.2931055,22.8415236],[108.2928555,22.8415205],[108.2928543,22.8416038],[108.2929853,22.8416054],[108.292984,22.8416943],[108.2932225,22.8416972],[108.2932229,22.8416659],[108.293254,22.8416662],[108.2932551,22.841595],[108.2931045,22.8415931]]]}},{"type":"Feature","id":"way/1501460949","properties":{"id":"way/1501460949","name":"校内建筑 1501460949","kind":"buildings","osmVersion":1,"osmEditedAt":"2026-04-20T15:35:24Z","sourceUrl":"https://www.openstreetmap.org/way/1501460949","insideCampus":true,"tags":{"building":"university"},"category":"academic","height":16.5,"heightBasis":"按类型估算","facadeBasis":"按建筑类型推定","landmark":null},"geometry":{"type":"Polygon","coordinates":[[[108.293862,22.8415692],[108.2938622,22.8415538],[108.2937235,22.8415521],[108.2937223,22.841637],[108.2938282,22.8416383],[108.2938275,22.8416877],[108.2941325,22.8416914],[108.2941342,22.8415726],[108.293862,22.8415692]]]}},{"type":"Feature","id":"way/1501460952","properties":{"id":"way/1501460952","name":"校内建筑 1501460952","kind":"buildings","osmVersion":1,"osmEditedAt":"2026-04-20T15:35:24Z","sourceUrl":"https://www.openstreetmap.org/way/1501460952","insideCampus":true,"tags":{"building":"university"},"category":"academic","height":16.5,"heightBasis":"按类型估算","facadeBasis":"按建筑类型推定","landmark":null},"geometry":{"type":"Polygon","coordinates":[[[108.2942411,22.8412791],[108.2942538,22.8412793],[108.2942543,22.8412449],[108.2935319,22.8412361],[108.2935299,22.8413743],[108.2939484,22.8413794],[108.2939488,22.8413506],[108.2942401,22.8413542],[108.2942411,22.8412791]]]}},{"type":"Feature","id":"way/1501460953","properties":{"id":"way/1501460953","name":"校内建筑 1501460953","kind":"buildings","osmVersion":1,"osmEditedAt":"2026-04-20T15:35:24Z","sourceUrl":"https://www.openstreetmap.org/way/1501460953","insideCampus":true,"tags":{"building":"university"},"category":"academic","height":16.5,"heightBasis":"按类型估算","facadeBasis":"按建筑类型推定","landmark":null},"geometry":{"type":"Polygon","coordinates":[[[108.2932563,22.8412652],[108.2932702,22.8412653],[108.2932707,22.8412329],[108.2925338,22.8412239],[108.2925322,22.8413347],[108.2928272,22.8413383],[108.2928268,22.8413642],[108.2932548,22.8413694],[108.2932563,22.8412652]]]}},{"type":"Feature","id":"way/1501460954","properties":{"id":"way/1501460954","name":"","kind":"roads","osmVersion":1,"osmEditedAt":"2026-04-20T15:35:24Z","sourceUrl":"https://www.openstreetmap.org/way/1501460954","insideCampus":true,"tags":{"highway":"footway"}},"geometry":{"type":"LineString","coordinates":[[108.2941509,22.8430453],[108.2941509,22.8430904]]}},{"type":"Feature","id":"way/1501460955","properties":{"id":"way/1501460955","name":"","kind":"roads","osmVersion":1,"osmEditedAt":"2026-04-20T15:35:24Z","sourceUrl":"https://www.openstreetmap.org/way/1501460955","insideCampus":true,"tags":{"highway":"steps"}},"geometry":{"type":"LineString","coordinates":[[108.294151,22.8429971],[108.2941509,22.8430453]]}},{"type":"Feature","id":"way/1501460956","properties":{"id":"way/1501460956","name":"","kind":"roads","osmVersion":1,"osmEditedAt":"2026-04-20T15:35:24Z","sourceUrl":"https://www.openstreetmap.org/way/1501460956","insideCampus":true,"tags":{"highway":"footway"}},"geometry":{"type":"LineString","coordinates":[[108.2941512,22.8427951],[108.294151,22.8429971]]}},{"type":"Feature","id":"way/1501460957","properties":{"id":"way/1501460957","name":"","kind":"roads","osmVersion":1,"osmEditedAt":"2026-04-20T15:35:24Z","sourceUrl":"https://www.openstreetmap.org/way/1501460957","insideCampus":true,"tags":{"highway":"steps"}},"geometry":{"type":"LineString","coordinates":[[108.2941513,22.8427129],[108.2941512,22.8427951]]}},{"type":"Feature","id":"way/1501460958","properties":{"id":"way/1501460958","name":"","kind":"roads","osmVersion":1,"osmEditedAt":"2026-04-20T15:35:24Z","sourceUrl":"https://www.openstreetmap.org/way/1501460958","insideCampus":true,"tags":{"highway":"footway"}},"geometry":{"type":"LineString","coordinates":[[108.2940931,22.8428697],[108.2937505,22.8428694]]}},{"type":"Feature","id":"way/1501460959","properties":{"id":"way/1501460959","name":"","kind":"roads","osmVersion":1,"osmEditedAt":"2026-04-20T15:35:24Z","sourceUrl":"https://www.openstreetmap.org/way/1501460959","insideCampus":true,"tags":{"highway":"steps"}},"geometry":{"type":"LineString","coordinates":[[108.2941511,22.8428698],[108.2940931,22.8428697]]}},{"type":"Feature","id":"way/1502374550","properties":{"id":"way/1502374550","name":"校内建筑 1502374550","kind":"buildings","osmVersion":1,"osmEditedAt":"2026-04-22T04:32:51Z","sourceUrl":"https://www.openstreetmap.org/way/1502374550","insideCampus":true,"tags":{"amenity":"shelter","building":"yes","shelter_type":"gazebo"},"category":"service","height":9.899999999999999,"heightBasis":"按类型估算","facadeBasis":"按建筑类型推定","landmark":null},"geometry":{"type":"Polygon","coordinates":[[[108.2841132,22.8380455],[108.2841293,22.8380278],[108.2841294,22.8380044],[108.2841109,22.8379873],[108.2840823,22.8379872],[108.2840654,22.8380056],[108.2840655,22.8380287],[108.2840808,22.8380462],[108.2841132,22.8380455]]]}},{"type":"Feature","id":"way/1502374551","properties":{"id":"way/1502374551","name":"校内建筑 1502374551","kind":"buildings","osmVersion":1,"osmEditedAt":"2026-04-22T04:32:51Z","sourceUrl":"https://www.openstreetmap.org/way/1502374551","insideCampus":true,"tags":{"amenity":"shelter","building":"yes","shelter_type":"gazebo"},"category":"service","height":9.899999999999999,"heightBasis":"按类型估算","facadeBasis":"按建筑类型推定","landmark":null},"geometry":{"type":"Polygon","coordinates":[[[108.2849843,22.8380857],[108.2850004,22.8380679],[108.2850005,22.8380445],[108.284982,22.8380275],[108.2849534,22.8380274],[108.2849366,22.8380458],[108.2849367,22.8380688],[108.284952,22.8380864],[108.2849843,22.8380857]]]}},{"type":"Feature","id":"way/1502374552","properties":{"id":"way/1502374552","name":"","kind":"roads","osmVersion":1,"osmEditedAt":"2026-04-22T04:32:51Z","sourceUrl":"https://www.openstreetmap.org/way/1502374552","insideCampus":true,"tags":{"highway":"path","surface":"paving_stones"}},"geometry":{"type":"LineString","coordinates":[[108.284715,22.836361],[108.2848499,22.8363624]]}},{"type":"Feature","id":"way/1502374553","properties":{"id":"way/1502374553","name":"","kind":"roads","osmVersion":1,"osmEditedAt":"2026-04-22T04:32:51Z","sourceUrl":"https://www.openstreetmap.org/way/1502374553","insideCampus":true,"tags":{"highway":"path","surface":"paving_stones"}},"geometry":{"type":"LineString","coordinates":[[108.2847213,22.8360287],[108.2847929,22.8360373],[108.284843,22.8360692],[108.2848615,22.8360834]]}},{"type":"Feature","id":"way/1502374554","properties":{"id":"way/1502374554","name":"","kind":"roads","osmVersion":1,"osmEditedAt":"2026-04-22T04:32:51Z","sourceUrl":"https://www.openstreetmap.org/way/1502374554","insideCampus":true,"tags":{"highway":"footway"}},"geometry":{"type":"LineString","coordinates":[[108.2843979,22.8360662],[108.2842745,22.8360841],[108.2842196,22.8360971],[108.2841046,22.8361428],[108.2839772,22.8361689],[108.2838162,22.8361835],[108.2836724,22.8361601]]}},{"type":"Feature","id":"way/1502374555","properties":{"id":"way/1502374555","name":"","kind":"roads","osmVersion":1,"osmEditedAt":"2026-04-22T04:32:51Z","sourceUrl":"https://www.openstreetmap.org/way/1502374555","insideCampus":true,"tags":{"highway":"path","surface":"paving_stones"}},"geometry":{"type":"LineString","coordinates":[[108.2839772,22.8361689],[108.2839139,22.8360639],[108.2838812,22.8360532]]}},{"type":"Feature","id":"way/1502374556","properties":{"id":"way/1502374556","name":"","kind":"roads","osmVersion":1,"osmEditedAt":"2026-04-22T04:32:51Z","sourceUrl":"https://www.openstreetmap.org/way/1502374556","insideCampus":true,"tags":{"highway":"path","surface":"paving_stones"}},"geometry":{"type":"LineString","coordinates":[[108.2841762,22.8366786],[108.2841462,22.836631],[108.284117,22.8366095],[108.2840738,22.8365815],[108.2840376,22.836575],[108.2839944,22.8365879]]}},{"type":"Feature","id":"way/1502374557","properties":{"id":"way/1502374557","name":"","kind":"roads","osmVersion":1,"osmEditedAt":"2026-04-22T04:32:51Z","sourceUrl":"https://www.openstreetmap.org/way/1502374557","insideCampus":true,"tags":{"highway":"footway","surface":"paved"}},"geometry":{"type":"LineString","coordinates":[[108.2848024,22.837411],[108.284638,22.8374069]]}},{"type":"Feature","id":"way/1502374558","properties":{"id":"way/1502374558","name":"","kind":"roads","osmVersion":1,"osmEditedAt":"2026-04-22T04:32:51Z","sourceUrl":"https://www.openstreetmap.org/way/1502374558","insideCampus":true,"tags":{"highway":"footway"}},"geometry":{"type":"LineString","coordinates":[[108.2850371,22.8372282],[108.2850226,22.8371885],[108.2849965,22.8371495],[108.2849633,22.8371289],[108.2849144,22.8371143],[108.2848236,22.8370905],[108.2847855,22.8370479],[108.2847846,22.8370078],[108.2847961,22.8369713],[108.2848223,22.8369267],[108.2848601,22.8368907]]}},{"type":"Feature","id":"way/1502374559","properties":{"id":"way/1502374559","name":"","kind":"roads","osmVersion":1,"osmEditedAt":"2026-04-22T04:32:51Z","sourceUrl":"https://www.openstreetmap.org/way/1502374559","insideCampus":true,"tags":{"highway":"path","informal":"yes"}},"geometry":{"type":"LineString","coordinates":[[108.28504,22.8373907],[108.2850195,22.8373175],[108.2849964,22.8372911]]}},{"type":"Feature","id":"way/1502374560","properties":{"id":"way/1502374560","name":"","kind":"roads","osmVersion":1,"osmEditedAt":"2026-04-22T04:32:51Z","sourceUrl":"https://www.openstreetmap.org/way/1502374560","insideCampus":true,"tags":{"highway":"path","surface":"paving_stones"}},"geometry":{"type":"LineString","coordinates":[[108.2851303,22.8374726],[108.2852733,22.8374773]]}},{"type":"Feature","id":"way/1502374561","properties":{"id":"way/1502374561","name":"","kind":"roads","osmVersion":1,"osmEditedAt":"2026-04-22T04:32:51Z","sourceUrl":"https://www.openstreetmap.org/way/1502374561","insideCampus":true,"tags":{"highway":"path","surface":"paving_stones"}},"geometry":{"type":"LineString","coordinates":[[108.2848242,22.8379835],[108.2846251,22.8379761]]}},{"type":"Feature","id":"way/1502374562","properties":{"id":"way/1502374562","name":"","kind":"roads","osmVersion":1,"osmEditedAt":"2026-04-22T04:32:51Z","sourceUrl":"https://www.openstreetmap.org/way/1502374562","insideCampus":true,"tags":{"highway":"path","surface":"paving_stones"}},"geometry":{"type":"LineString","coordinates":[[108.2848516,22.8381737],[108.2848831,22.838025]]}},{"type":"Feature","id":"way/1502374563","properties":{"id":"way/1502374563","name":"","kind":"roads","osmVersion":1,"osmEditedAt":"2026-04-22T04:32:51Z","sourceUrl":"https://www.openstreetmap.org/way/1502374563","insideCampus":true,"tags":{"highway":"path"}},"geometry":{"type":"LineString","coordinates":[[108.2848234,22.8384289],[108.2848292,22.8383612],[108.2848537,22.8383039]]}},{"type":"Feature","id":"way/1502374564","properties":{"id":"way/1502374564","name":"","kind":"roads","osmVersion":1,"osmEditedAt":"2026-04-22T04:32:51Z","sourceUrl":"https://www.openstreetmap.org/way/1502374564","insideCampus":true,"tags":{"highway":"footway"}},"geometry":{"type":"LineString","coordinates":[[108.2850359,22.8384321],[108.2850344,22.8386372]]}},{"type":"Feature","id":"way/1502374565","properties":{"id":"way/1502374565","name":"","kind":"roads","osmVersion":1,"osmEditedAt":"2026-04-22T04:32:51Z","sourceUrl":"https://www.openstreetmap.org/way/1502374565","insideCampus":true,"tags":{"highway":"footway"}},"geometry":{"type":"LineString","coordinates":[[108.2840146,22.8384228],[108.2840131,22.8386542]]}},{"type":"Feature","id":"way/1502374566","properties":{"id":"way/1502374566","name":"校内建筑 1502374566","kind":"buildings","osmVersion":4,"osmEditedAt":"2026-05-19T00:56:18Z","sourceUrl":"https://www.openstreetmap.org/way/1502374566","insideCampus":true,"tags":{"building":"yes","height":"5.5","material":"stone","memorial":"column"},"category":"service","height":5.5,"heightBasis":"OSM高度或层数","facadeBasis":"按建筑类型推定","landmark":null},"geometry":{"type":"Polygon","coordinates":[[[108.284513,22.8369832],[108.2845126,22.836965],[108.2844923,22.8369654],[108.2844927,22.8369835],[108.284513,22.8369832]]]}},{"type":"Feature","id":"way/1502374567","properties":{"id":"way/1502374567","name":"校内建筑 1502374567","kind":"buildings","osmVersion":4,"osmEditedAt":"2026-05-19T00:56:18Z","sourceUrl":"https://www.openstreetmap.org/way/1502374567","insideCampus":true,"tags":{"building":"yes","height":"5.5","material":"stone","memorial":"column"},"category":"service","height":5.5,"heightBasis":"OSM高度或层数","facadeBasis":"按建筑类型推定","landmark":null},"geometry":{"type":"Polygon","coordinates":[[[108.2845975,22.836981],[108.2845972,22.8369629],[108.2845769,22.8369632],[108.2845772,22.8369813],[108.2845975,22.836981]]]}},{"type":"Feature","id":"way/1502374568","properties":{"id":"way/1502374568","name":"校内建筑 1502374568","kind":"buildings","osmVersion":4,"osmEditedAt":"2026-05-19T00:56:18Z","sourceUrl":"https://www.openstreetmap.org/way/1502374568","insideCampus":true,"tags":{"building":"yes","height":"4.5","material":"stone","memorial":"column"},"category":"service","height":4.5,"heightBasis":"OSM高度或层数","facadeBasis":"按建筑类型推定","landmark":null},"geometry":{"type":"Polygon","coordinates":[[[108.2844713,22.8369829],[108.2844708,22.8369665],[108.2844519,22.836967],[108.2844524,22.8369834],[108.2844713,22.8369829]]]}},{"type":"Feature","id":"way/1502374569","properties":{"id":"way/1502374569","name":"校内建筑 1502374569","kind":"buildings","osmVersion":4,"osmEditedAt":"2026-05-19T00:56:18Z","sourceUrl":"https://www.openstreetmap.org/way/1502374569","insideCampus":true,"tags":{"building":"yes","height":"4.5","material":"stone","memorial":"column"},"category":"service","height":4.5,"heightBasis":"OSM高度或层数","facadeBasis":"按建筑类型推定","landmark":null},"geometry":{"type":"Polygon","coordinates":[[[108.2846355,22.8369792],[108.284635,22.8369628],[108.2846161,22.8369633],[108.2846166,22.8369798],[108.2846355,22.8369792]]]}},{"type":"Feature","id":"way/1502721908","properties":{"id":"way/1502721908","name":"","kind":"roads","osmVersion":1,"osmEditedAt":"2026-04-23T02:17:07Z","sourceUrl":"https://www.openstreetmap.org/way/1502721908","insideCampus":true,"tags":{"highway":"path"}},"geometry":{"type":"LineString","coordinates":[[108.2881082,22.8545569],[108.2883734,22.8536952],[108.2886412,22.8528488]]}},{"type":"Feature","id":"way/1502721912","properties":{"id":"way/1502721912","name":"","kind":"roads","osmVersion":2,"osmEditedAt":"2026-07-25T03:46:04Z","sourceUrl":"https://www.openstreetmap.org/way/1502721912","insideCampus":true,"tags":{"highway":"service","service":"driveway"}},"geometry":{"type":"LineString","coordinates":[[108.283699,22.8424921],[108.2843305,22.8424976]]}},{"type":"Feature","id":"way/1502721913","properties":{"id":"way/1502721913","name":"","kind":"roads","osmVersion":1,"osmEditedAt":"2026-04-23T02:17:07Z","sourceUrl":"https://www.openstreetmap.org/way/1502721913","insideCampus":true,"tags":{"highway":"service"}},"geometry":{"type":"LineString","coordinates":[[108.2822298,22.837678],[108.2822205,22.8381898],[108.2822425,22.8387686]]}},{"type":"Feature","id":"way/1502721915","properties":{"id":"way/1502721915","name":"校内建筑 1502721915","kind":"buildings","osmVersion":1,"osmEditedAt":"2026-04-23T02:17:07Z","sourceUrl":"https://www.openstreetmap.org/way/1502721915","insideCampus":true,"tags":{"building":"university"},"category":"academic","height":16.5,"heightBasis":"按类型估算","facadeBasis":"按建筑类型推定","landmark":null},"geometry":{"type":"Polygon","coordinates":[[[108.2843852,22.8429671],[108.2843863,22.8429063],[108.2845788,22.8429094],[108.2845803,22.8428306],[108.2843261,22.8428264],[108.2843235,22.8429661],[108.2843852,22.8429671]]]}},{"type":"Feature","id":"way/1502723420","properties":{"id":"way/1502723420","name":"校内建筑 1502723420","kind":"buildings","osmVersion":1,"osmEditedAt":"2026-04-23T02:33:05Z","sourceUrl":"https://www.openstreetmap.org/way/1502723420","insideCampus":true,"tags":{"building":"university","construction":"yes"},"category":"academic","height":16.5,"heightBasis":"按类型估算","facadeBasis":"按建筑类型推定","landmark":null},"geometry":{"type":"Polygon","coordinates":[[[108.2895537,22.8520555],[108.2896657,22.852133],[108.2897638,22.8521502],[108.2898712,22.8521287],[108.2899553,22.8520641],[108.290002,22.851935],[108.2899459,22.851935],[108.2898666,22.8518791],[108.2898058,22.8518575],[108.2897078,22.8518575],[108.2896424,22.8518791],[108.289563,22.8519522],[108.2895023,22.8519565],[108.2895537,22.8520555]]]}},{"type":"Feature","id":"way/1527161833","properties":{"id":"way/1527161833","name":"","kind":"roads","osmVersion":1,"osmEditedAt":"2026-06-07T11:12:20Z","sourceUrl":"https://www.openstreetmap.org/way/1527161833","insideCampus":false,"tags":{"highway":"trunk_link","oneway":"yes"}},"geometry":{"type":"LineString","coordinates":[[108.27647659265864,22.857677678045665],[108.27653,22.8576689]]}},{"type":"Feature","id":"way/1544361439","properties":{"id":"way/1544361439","name":"周边建筑 1544361439","kind":"buildings","osmVersion":1,"osmEditedAt":"2026-07-25T03:46:04Z","sourceUrl":"https://www.openstreetmap.org/way/1544361439","insideCampus":false,"tags":{"building":"yes"},"category":"service","height":9.899999999999999,"heightBasis":"按类型估算","facadeBasis":"按建筑类型推定","landmark":null},"geometry":{"type":"Polygon","coordinates":[[[108.2797907,22.8372262],[108.279835,22.8373318],[108.2799089,22.8373055],[108.2798974,22.8372781],[108.2800142,22.8372365],[108.2799814,22.8371583],[108.2797907,22.8372262]]]}},{"type":"Feature","id":"way/1544361440","properties":{"id":"way/1544361440","name":"周边建筑 1544361440","kind":"buildings","osmVersion":1,"osmEditedAt":"2026-07-25T03:46:04Z","sourceUrl":"https://www.openstreetmap.org/way/1544361440","insideCampus":false,"tags":{"building":"yes","building:levels":"1"},"category":"service","height":3.3,"heightBasis":"OSM高度或层数","facadeBasis":"按建筑类型推定","landmark":null},"geometry":{"type":"Polygon","coordinates":[[[108.2801371,22.8369242],[108.2801273,22.8368931],[108.2799549,22.836939],[108.2799744,22.8370012],[108.2801468,22.8369552],[108.2801371,22.8369242]]]}},{"type":"Feature","id":"way/1544361442","properties":{"id":"way/1544361442","name":"","kind":"roads","osmVersion":1,"osmEditedAt":"2026-07-25T03:46:04Z","sourceUrl":"https://www.openstreetmap.org/way/1544361442","insideCampus":false,"tags":{"highway":"service","oneway":"yes","service":"driveway"}},"geometry":{"type":"LineString","coordinates":[[108.2803689,22.8374168],[108.2803917,22.837491],[108.2804239,22.8375231],[108.2804976,22.8375441]]}},{"type":"Feature","id":"way/1544361443","properties":{"id":"way/1544361443","name":"","kind":"roads","osmVersion":1,"osmEditedAt":"2026-07-25T03:46:04Z","sourceUrl":"https://www.openstreetmap.org/way/1544361443","insideCampus":false,"tags":{"highway":"service","oneway":"yes","service":"driveway"}},"geometry":{"type":"LineString","coordinates":[[108.280864,22.8374297],[108.2807994,22.8374471],[108.2807642,22.837449],[108.2807374,22.83744]]}},{"type":"Feature","id":"way/1544361444","properties":{"id":"way/1544361444","name":"周边建筑 1544361444","kind":"buildings","osmVersion":1,"osmEditedAt":"2026-07-25T03:46:04Z","sourceUrl":"https://www.openstreetmap.org/way/1544361444","insideCampus":false,"tags":{"building":"yes","building:levels":"6"},"category":"service","height":19.799999999999997,"heightBasis":"OSM高度或层数","facadeBasis":"按建筑类型推定","landmark":null},"geometry":{"type":"Polygon","coordinates":[[[108.2807884,22.8369649],[108.2808693,22.8372463],[108.2808794,22.8372438],[108.2809405,22.8374564],[108.2810084,22.8374398],[108.2808663,22.8369459],[108.2807884,22.8369649]]]}},{"type":"Feature","id":"way/1544361445","properties":{"id":"way/1544361445","name":"","kind":"roads","osmVersion":1,"osmEditedAt":"2026-07-25T03:46:04Z","sourceUrl":"https://www.openstreetmap.org/way/1544361445","insideCampus":false,"tags":{"highway":"service"}},"geometry":{"type":"LineString","coordinates":[[108.2812728,22.838324],[108.2810797,22.8379242]]}},{"type":"Feature","id":"way/1544361446","properties":{"id":"way/1544361446","name":"","kind":"roads","osmVersion":2,"osmEditedAt":"2026-07-25T03:56:36Z","sourceUrl":"https://www.openstreetmap.org/way/1544361446","insideCampus":false,"tags":{"highway":"residential"}},"geometry":{"type":"LineString","coordinates":[[108.2810797,22.8379242],[108.281163,22.837708],[108.2808326,22.8365859]]}},{"type":"Feature","id":"way/1544361449","properties":{"id":"way/1544361449","name":"周边建筑 1544361449","kind":"buildings","osmVersion":1,"osmEditedAt":"2026-07-25T03:46:04Z","sourceUrl":"https://www.openstreetmap.org/way/1544361449","insideCampus":false,"tags":{"building":"residential"},"category":"living","height":19.799999999999997,"heightBasis":"按类型估算","facadeBasis":"按建筑类型推定","landmark":null},"geometry":{"type":"Polygon","coordinates":[[[108.281144,22.83716],[108.2812707,22.8375883],[108.2814594,22.8375409],[108.2814512,22.8375131],[108.2814641,22.8375098],[108.2814536,22.8374742],[108.2814777,22.8374681],[108.2814628,22.8374177],[108.2814802,22.8374133],[108.2813872,22.8370989],[108.281144,22.83716]]]}},{"type":"Feature","id":"way/1544361450","properties":{"id":"way/1544361450","name":"周边建筑 1544361450","kind":"buildings","osmVersion":2,"osmEditedAt":"2026-08-21T16:09:04Z","sourceUrl":"https://www.openstreetmap.org/way/1544361450","insideCampus":false,"tags":{"addr:housenumber":"104","addr:street":"大学东路","building":"commercial","building:levels":"12"},"category":"service","height":39.599999999999994,"heightBasis":"OSM高度或层数","facadeBasis":"按建筑类型推定","landmark":null},"geometry":{"type":"Polygon","coordinates":[[[108.2811673,22.836908],[108.2814665,22.8368309],[108.2814194,22.8366758],[108.2811202,22.8367529],[108.2811673,22.836908]]]}},{"type":"Feature","id":"way/1544361451","properties":{"id":"way/1544361451","name":"周边建筑 1544361451","kind":"buildings","osmVersion":1,"osmEditedAt":"2026-07-25T03:46:04Z","sourceUrl":"https://www.openstreetmap.org/way/1544361451","insideCampus":false,"tags":{"addr:housenumber":"106","addr:street":"大学东路","building":"commercial","building:levels":"7"},"category":"service","height":23.099999999999998,"heightBasis":"OSM高度或层数","facadeBasis":"按建筑类型推定","landmark":null},"geometry":{"type":"Polygon","coordinates":[[[108.2814692,22.8368396],[108.2811602,22.8369193],[108.2811135,22.8367654],[108.2809563,22.8368059],[108.28104,22.8370815],[108.2815061,22.8369613],[108.2814692,22.8368396]]]}},{"type":"Feature","id":"way/1544361452","properties":{"id":"way/1544361452","name":"","kind":"green","osmVersion":1,"osmEditedAt":"2026-07-25T03:46:04Z","sourceUrl":"https://www.openstreetmap.org/way/1544361452","insideCampus":false,"tags":{"landuse":"forest"}},"geometry":{"type":"Polygon","coordinates":[[[108.2824315,22.8362303],[108.281419,22.8365183],[108.2814506,22.8366167],[108.2824597,22.8363242],[108.2824315,22.8362303]]]}},{"type":"Feature","id":"way/1544361453","properties":{"id":"way/1544361453","name":"","kind":"roads","osmVersion":1,"osmEditedAt":"2026-07-25T03:46:04Z","sourceUrl":"https://www.openstreetmap.org/way/1544361453","insideCampus":false,"tags":{"highway":"service"}},"geometry":{"type":"LineString","coordinates":[[108.2811958,22.836655],[108.2811414,22.8364842]]}},{"type":"Feature","id":"way/1544361454","properties":{"id":"way/1544361454","name":"","kind":"roads","osmVersion":2,"osmEditedAt":"2026-08-21T16:09:04Z","sourceUrl":"https://www.openstreetmap.org/way/1544361454","insideCampus":false,"tags":{"highway":"service"}},"geometry":{"type":"MultiLineString","coordinates":[[[108.2807274,22.8369585],[108.2802093,22.837093],[108.2802898,22.8373612],[108.2804319,22.8373291],[108.2804976,22.8375441],[108.2808879,22.837512],[108.2807274,22.8369585]],[[108.2807274,22.8369585],[108.2808783,22.8367409],[108.2810844,22.8366851]]]}},{"type":"Feature","id":"way/1544361455","properties":{"id":"way/1544361455","name":"","kind":"roads","osmVersion":2,"osmEditedAt":"2026-08-21T16:09:04Z","sourceUrl":"https://www.openstreetmap.org/way/1544361455","insideCampus":false,"tags":{"highway":"footway"}},"geometry":{"type":"LineString","coordinates":[[108.2814089,22.8365974],[108.2814733,22.8365535],[108.2815162,22.8365387],[108.2815564,22.8365689],[108.281579,22.8366491]]}},{"type":"Feature","id":"way/1544361457","properties":{"id":"way/1544361457","name":"","kind":"roads","osmVersion":2,"osmEditedAt":"2026-08-21T16:09:04Z","sourceUrl":"https://www.openstreetmap.org/way/1544361457","insideCampus":false,"tags":{"highway":"service"}},"geometry":{"type":"MultiLineString","coordinates":[[[108.2825638,22.8363057],[108.2824516,22.8364367]],[[108.2824516,22.8364367],[108.282457,22.8369373],[108.2822987,22.8369521],[108.2822424,22.837004],[108.2815933,22.8370071],[108.2815826,22.8369682],[108.2815243,22.8369645],[108.2814378,22.8366901],[108.2817315,22.8366048],[108.2817737,22.8365733],[108.2823282,22.8364194],[108.2824516,22.8364367]]]}},{"type":"Feature","id":"way/1544361458","properties":{"id":"way/1544361458","name":"学员楼","kind":"buildings","osmVersion":1,"osmEditedAt":"2026-07-25T03:46:04Z","sourceUrl":"https://www.openstreetmap.org/way/1544361458","insideCampus":false,"tags":{"addr:housenumber":"100-1","addr:street":"大学东路","building":"commercial","name":"学员楼","owner":"广西大学"},"category":"service","height":9.899999999999999,"heightBasis":"按类型估算","facadeBasis":"按建筑类型推定","landmark":null},"geometry":{"type":"Polygon","coordinates":[[[108.2822357,22.8369713],[108.2822512,22.8369478],[108.282251,22.836799],[108.2823485,22.8367989],[108.2823484,22.8367194],[108.2823907,22.836708],[108.2823616,22.8366159],[108.2823947,22.8366158],[108.2823946,22.8365517],[108.2823832,22.8365337],[108.2823213,22.8364884],[108.2821202,22.8365424],[108.282115,22.836522],[108.2820104,22.836517],[108.2818495,22.8365665],[108.2817717,22.8366097],[108.281778,22.8366344],[108.2814557,22.836721],[108.2815252,22.8369406],[108.2820445,22.836801],[108.2820447,22.8369565],[108.2821351,22.8369564],[108.2821438,22.8369694],[108.2821626,22.8369818],[108.2821928,22.8369849],[108.2822156,22.8369823],[108.2822357,22.8369713]]]}},{"type":"Feature","id":"way/1544361459","properties":{"id":"way/1544361459","name":"","kind":"roads","osmVersion":1,"osmEditedAt":"2026-07-25T03:46:04Z","sourceUrl":"https://www.openstreetmap.org/way/1544361459","insideCampus":true,"tags":{"highway":"service"}},"geometry":{"type":"LineString","coordinates":[[108.2907311,22.8513664],[108.2907167,22.8522019]]}},{"type":"Feature","id":"way/1544361463","properties":{"id":"way/1544361463","name":"校内建筑 1544361463","kind":"buildings","osmVersion":1,"osmEditedAt":"2026-07-25T03:46:04Z","sourceUrl":"https://www.openstreetmap.org/way/1544361463","insideCampus":true,"tags":{"building":"yes"},"category":"service","height":9.899999999999999,"heightBasis":"按类型估算","facadeBasis":"按建筑类型推定","landmark":null},"geometry":{"type":"Polygon","coordinates":[[[108.2830373,22.8446019],[108.2829551,22.8446015],[108.2829542,22.8447387],[108.2830365,22.8447391],[108.2830373,22.8446019]]]}},{"type":"Feature","id":"way/1544361464","properties":{"id":"way/1544361464","name":"校内建筑 1544361464","kind":"buildings","osmVersion":1,"osmEditedAt":"2026-07-25T03:46:04Z","sourceUrl":"https://www.openstreetmap.org/way/1544361464","insideCampus":true,"tags":{"building":"yes"},"category":"service","height":9.899999999999999,"heightBasis":"按类型估算","facadeBasis":"按建筑类型推定","landmark":null},"geometry":{"type":"Polygon","coordinates":[[[108.2830365,22.8447391],[108.2829542,22.8447387],[108.2829531,22.8449104],[108.2830354,22.8449108],[108.2830365,22.8447391]]]}},{"type":"Feature","id":"way/1544361466","properties":{"id":"way/1544361466","name":"校内建筑 1544361466","kind":"buildings","osmVersion":1,"osmEditedAt":"2026-07-25T03:46:04Z","sourceUrl":"https://www.openstreetmap.org/way/1544361466","insideCampus":true,"tags":{"building":"yes","building:levels":"1"},"category":"service","height":3.3,"heightBasis":"OSM高度或层数","facadeBasis":"按建筑类型推定","landmark":null},"geometry":{"type":"Polygon","coordinates":[[[108.2823782,22.8448661],[108.2823776,22.8449676],[108.2824154,22.8449678],[108.2824161,22.8448663],[108.2823782,22.8448661]]]}},{"type":"Feature","id":"way/1544361467","properties":{"id":"way/1544361467","name":"校内建筑 1544361467","kind":"buildings","osmVersion":1,"osmEditedAt":"2026-07-25T03:46:04Z","sourceUrl":"https://www.openstreetmap.org/way/1544361467","insideCampus":true,"tags":{"building":"roof"},"category":"service","height":9.899999999999999,"heightBasis":"按类型估算","facadeBasis":"按建筑类型推定","landmark":null},"geometry":{"type":"Polygon","coordinates":[[[108.2825371,22.8447668],[108.2823788,22.8447659],[108.2823782,22.8448661],[108.2825365,22.844867],[108.2825371,22.8447668]]]}},{"type":"Feature","id":"way/1544361468","properties":{"id":"way/1544361468","name":"","kind":"roads","osmVersion":1,"osmEditedAt":"2026-07-25T03:46:04Z","sourceUrl":"https://www.openstreetmap.org/way/1544361468","insideCampus":true,"tags":{"highway":"footway"}},"geometry":{"type":"LineString","coordinates":[[108.2825536,22.8448925],[108.2825542,22.8447126]]}},{"type":"Feature","id":"way/1544361469","properties":{"id":"way/1544361469","name":"校内建筑 1544361469","kind":"buildings","osmVersion":1,"osmEditedAt":"2026-07-25T03:46:04Z","sourceUrl":"https://www.openstreetmap.org/way/1544361469","insideCampus":true,"tags":{"building":"roof"},"category":"service","height":9.899999999999999,"heightBasis":"按类型估算","facadeBasis":"按建筑类型推定","landmark":null},"geometry":{"type":"Polygon","coordinates":[[[108.2827036,22.8449693],[108.282704,22.8449056],[108.2825072,22.8449046],[108.2825068,22.8449683],[108.2827036,22.8449693]]]}},{"type":"Feature","id":"way/1544361470","properties":{"id":"way/1544361470","name":"","kind":"roads","osmVersion":1,"osmEditedAt":"2026-07-25T03:46:04Z","sourceUrl":"https://www.openstreetmap.org/way/1544361470","insideCampus":true,"tags":{"highway":"footway"}},"geometry":{"type":"LineString","coordinates":[[108.2829049,22.844893],[108.2824945,22.8448924],[108.2824945,22.8450142],[108.2824718,22.8450659]]}},{"type":"Feature","id":"way/1544361471","properties":{"id":"way/1544361471","name":"","kind":"roads","osmVersion":1,"osmEditedAt":"2026-07-25T03:46:04Z","sourceUrl":"https://www.openstreetmap.org/way/1544361471","insideCampus":true,"tags":{"highway":"service","service":"parking_aisle"}},"geometry":{"type":"LineString","coordinates":[[108.2817995,22.844821],[108.282351,22.8448201],[108.2823503,22.8450649]]}},{"type":"Feature","id":"way/1544361473","properties":{"id":"way/1544361473","name":"博萃楼","kind":"buildings","osmVersion":1,"osmEditedAt":"2026-07-25T03:46:04Z","sourceUrl":"https://www.openstreetmap.org/way/1544361473","insideCampus":true,"tags":{"building":"yes","building:levels":"6","name":"博萃楼"},"category":"service","height":19.799999999999997,"heightBasis":"OSM高度或层数","facadeBasis":"按建筑类型推定","landmark":null},"geometry":{"type":"Polygon","coordinates":[[[108.2824348,22.8415898],[108.2824342,22.8417597],[108.2828487,22.8417605],[108.2828491,22.8415906],[108.2824348,22.8415898]]]}},{"type":"Feature","id":"way/1544361475","properties":{"id":"way/1544361475","name":"周边建筑 1544361475","kind":"buildings","osmVersion":1,"osmEditedAt":"2026-07-25T03:46:04Z","sourceUrl":"https://www.openstreetmap.org/way/1544361475","insideCampus":false,"tags":{"building":"roof","building:levels":"1"},"category":"service","height":3.3,"heightBasis":"OSM高度或层数","facadeBasis":"按建筑类型推定","landmark":null},"geometry":{"type":"Polygon","coordinates":[[[108.285034,22.8361167],[108.2849898,22.8361125],[108.2849446,22.8365212],[108.2849889,22.8365254],[108.285034,22.8361167]]]}},{"type":"Feature","id":"way/1544361478","properties":{"id":"way/1544361478","name":"火炬路捐血屋","kind":"buildings","osmVersion":1,"osmEditedAt":"2026-07-25T03:46:04Z","sourceUrl":"https://www.openstreetmap.org/way/1544361478","insideCampus":false,"tags":{"brand":"南宁中心血站","building":"yes","healthcare":"blood_donation","name":"火炬路捐血屋"},"category":"service","height":9.899999999999999,"heightBasis":"按类型估算","facadeBasis":"按建筑类型推定","landmark":null},"geometry":{"type":"Polygon","coordinates":[[[108.2850797,22.8356597],[108.2850454,22.8356551],[108.2850364,22.835712],[108.2850707,22.8357166],[108.2850797,22.8356597]]]}},{"type":"Feature","id":"way/1544361479","properties":{"id":"way/1544361479","name":"","kind":"green","osmVersion":1,"osmEditedAt":"2026-07-25T03:46:04Z","sourceUrl":"https://www.openstreetmap.org/way/1544361479","insideCampus":false,"tags":{"landuse":"grass"}},"geometry":{"type":"Polygon","coordinates":[[[108.2845709,22.8357699],[108.284583,22.835755],[108.2846001,22.8357038],[108.2846021,22.8356237],[108.2845974,22.8355944],[108.284579,22.8355826],[108.2845612,22.8355805],[108.2845438,22.835582],[108.284524,22.835595],[108.2845189,22.8356262],[108.2845236,22.8357016],[108.2845374,22.8357513],[108.2845478,22.8357677],[108.2845595,22.8357714],[108.2845709,22.8357699]]]}},{"type":"Feature","id":"way/1544362526","properties":{"id":"way/1544362526","name":"","kind":"roads","osmVersion":1,"osmEditedAt":"2026-07-25T03:56:36Z","sourceUrl":"https://www.openstreetmap.org/way/1544362526","insideCampus":false,"tags":{"highway":"service"}},"geometry":{"type":"LineString","coordinates":[[108.2809969,22.8371439],[108.281415,22.8370448],[108.2815088,22.837381]]}},{"type":"Feature","id":"way/1546535666","properties":{"id":"way/1546535666","name":"","kind":"roads","osmVersion":1,"osmEditedAt":"2026-08-01T13:45:05Z","sourceUrl":"https://www.openstreetmap.org/way/1546535666","insideCampus":false,"tags":{"highway":"living_street"}},"geometry":{"type":"LineString","coordinates":[[108.29703926368417,22.851864566924856],[108.2958857,22.8513736],[108.2951745,22.8511062],[108.2949643,22.8510568]]}},{"type":"Feature","id":"way/1551346371","properties":{"id":"way/1551346371","name":"周边建筑 1551346371","kind":"buildings","osmVersion":1,"osmEditedAt":"2026-08-21T16:09:04Z","sourceUrl":"https://www.openstreetmap.org/way/1551346371","insideCampus":false,"tags":{"building":"yes","building:levels":"1"},"category":"service","height":3.3,"heightBasis":"OSM高度或层数","facadeBasis":"按建筑类型推定","landmark":null},"geometry":{"type":"Polygon","coordinates":[[[108.2797762,22.8363232],[108.2797664,22.8362921],[108.279594,22.836338],[108.2796135,22.8364002],[108.2797859,22.8363542],[108.2797762,22.8363232]]]}},{"type":"Feature","id":"way/1551346373","properties":{"id":"way/1551346373","name":"","kind":"roads","osmVersion":1,"osmEditedAt":"2026-08-21T16:09:04Z","sourceUrl":"https://www.openstreetmap.org/way/1551346373","insideCampus":false,"tags":{"highway":"service"}},"geometry":{"type":"LineString","coordinates":[[108.279297,22.837301],[108.2789276,22.8373992]]}},{"type":"Feature","id":"way/1551346374","properties":{"id":"way/1551346374","name":"周边建筑 1551346374","kind":"buildings","osmVersion":2,"osmEditedAt":"2026-08-21T16:20:47Z","sourceUrl":"https://www.openstreetmap.org/way/1551346374","insideCampus":false,"tags":{"building":"roof","layer":"1"},"category":"service","height":9.899999999999999,"heightBasis":"按类型估算","facadeBasis":"按建筑类型推定","landmark":null},"geometry":{"type":"Polygon","coordinates":[[[108.2790829,22.8372358],[108.2789332,22.8372756],[108.2789986,22.8374845],[108.2791483,22.8374447],[108.2790829,22.8372358]]]}},{"type":"Feature","id":"way/1551346375","properties":{"id":"way/1551346375","name":"周边建筑 1551346375","kind":"buildings","osmVersion":1,"osmEditedAt":"2026-08-21T16:09:04Z","sourceUrl":"https://www.openstreetmap.org/way/1551346375","insideCampus":false,"tags":{"building":"yes"},"category":"service","height":9.899999999999999,"heightBasis":"按类型估算","facadeBasis":"按建筑类型推定","landmark":null},"geometry":{"type":"Polygon","coordinates":[[[108.278907,22.837544],[108.2792385,22.8374558],[108.2792253,22.8374136],[108.2788938,22.8375017],[108.278907,22.837544]]]}},{"type":"Feature","id":"way/1551346378","properties":{"id":"way/1551346378","name":"","kind":"roads","osmVersion":1,"osmEditedAt":"2026-08-21T16:09:04Z","sourceUrl":"https://www.openstreetmap.org/way/1551346378","insideCampus":false,"tags":{"footway":"link","highway":"footway"}},"geometry":{"type":"LineString","coordinates":[[108.2815162,22.8365387],[108.2814994,22.8365059],[108.2814524,22.8364513]]}},{"type":"Feature","id":"way/1551346379","properties":{"id":"way/1551346379","name":"","kind":"roads","osmVersion":1,"osmEditedAt":"2026-08-21T16:09:04Z","sourceUrl":"https://www.openstreetmap.org/way/1551346379","insideCampus":false,"tags":{"highway":"footway","sidewalk":"no"}},"geometry":{"type":"LineString","coordinates":[[108.2830277,22.8359963],[108.2830638,22.8360301],[108.2831376,22.8360542],[108.2831926,22.836056],[108.2833663,22.8359837],[108.2834635,22.8359621],[108.2835701,22.835967],[108.2836398,22.8359472],[108.2836771,22.8359105],[108.2836781,22.8358558],[108.2836468,22.8357661]]}},{"type":"Feature","id":"way/1551346380","properties":{"id":"way/1551346380","name":"","kind":"roads","osmVersion":1,"osmEditedAt":"2026-08-21T16:09:04Z","sourceUrl":"https://www.openstreetmap.org/way/1551346380","insideCampus":false,"tags":{"highway":"footway","sidewalk":"no"}},"geometry":{"type":"LineString","coordinates":[[108.2814733,22.8365535],[108.2814713,22.8365306],[108.2814994,22.8365059],[108.2815504,22.8364923],[108.2816168,22.8364973],[108.2816704,22.836496],[108.2817241,22.8364713],[108.2817663,22.8364447],[108.2818394,22.8364212],[108.2819145,22.8364144],[108.2819729,22.83642],[108.2820292,22.8364101],[108.2820862,22.8363817],[108.2821251,22.8363489],[108.2821834,22.8363409],[108.2822357,22.8363508],[108.2823021,22.8363372],[108.2823531,22.8363125],[108.2823852,22.8362785],[108.2825617,22.8361309]]}},{"type":"Feature","id":"way/1551346381","properties":{"id":"way/1551346381","name":"","kind":"roads","osmVersion":1,"osmEditedAt":"2026-08-21T16:09:04Z","sourceUrl":"https://www.openstreetmap.org/way/1551346381","insideCampus":false,"tags":{"footway":"link","highway":"footway"}},"geometry":{"type":"LineString","coordinates":[[108.2819927,22.8365125],[108.2819729,22.83642]]}},{"type":"Feature","id":"way/1551346383","properties":{"id":"way/1551346383","name":"","kind":"roads","osmVersion":1,"osmEditedAt":"2026-08-21T16:09:04Z","sourceUrl":"https://www.openstreetmap.org/way/1551346383","insideCampus":false,"tags":{"highway":"service","service":"parking_aisle"}},"geometry":{"type":"LineString","coordinates":[[108.2802528,22.8369136],[108.2806263,22.8368202]]}},{"type":"Feature","id":"way/1551346384","properties":{"id":"way/1551346384","name":"","kind":"roads","osmVersion":1,"osmEditedAt":"2026-08-21T16:09:04Z","sourceUrl":"https://www.openstreetmap.org/way/1551346384","insideCampus":false,"tags":{"highway":"service","service":"driveway"}},"geometry":{"type":"LineString","coordinates":[[108.2803771,22.8367596],[108.2804109,22.8368741]]}},{"type":"Feature","id":"way/1551346385","properties":{"id":"way/1551346385","name":"","kind":"roads","osmVersion":1,"osmEditedAt":"2026-08-21T16:09:04Z","sourceUrl":"https://www.openstreetmap.org/way/1551346385","insideCampus":false,"tags":{"highway":"service","service":"driveway"}},"geometry":{"type":"LineString","coordinates":[[108.2813741,22.8366068],[108.2813978,22.8366814]]}},{"type":"Feature","id":"way/1551346386","properties":{"id":"way/1551346386","name":"","kind":"roads","osmVersion":1,"osmEditedAt":"2026-08-21T16:09:04Z","sourceUrl":"https://www.openstreetmap.org/way/1551346386","insideCampus":false,"tags":{"highway":"service"}},"geometry":{"type":"LineString","coordinates":[[108.2811013,22.8366806],[108.2814089,22.8365974]]}},{"type":"Feature","id":"relation/6695830","properties":{"id":"relation/6695830","name":"明月湖","kind":"water","osmVersion":4,"osmEditedAt":"2024-07-21T08:22:53Z","sourceUrl":"https://www.openstreetmap.org/relation/6695830","insideCampus":false,"tags":{"name":"明月湖","name:en":"Moon Lake","name:yue":"明月湖","name:yue-Latn":"Mingjyut Wu","name:zh":"明月湖","natural":"water","type":"multipolygon","water":"lake"}},"geometry":{"type":"Polygon","coordinates":[[[108.2769355,22.856266],[108.2770392,22.8561599],[108.2771442,22.8558392],[108.277269,22.8556512],[108.2774548,22.8555963],[108.2776617,22.8556031],[108.27764,22.8552331],[108.2775033,22.8549466],[108.2774344,22.8547903],[108.2768506,22.8543682],[108.2768517,22.8540116],[108.2770106,22.8537597],[108.2770869,22.8534888],[108.2769634,22.8530306],[108.2768628,22.8528522],[108.2765746,22.8527347],[108.27636885595116,22.852563232537765],[108.27636721965953,22.852605791779375],[108.27642501277727,22.856403312770148],[108.2769355,22.856266]]]}},{"type":"Feature","id":"relation/11382821","properties":{"id":"relation/11382821","name":"紫荆湖","kind":"water","osmVersion":2,"osmEditedAt":"2021-06-20T15:15:01Z","sourceUrl":"https://www.openstreetmap.org/relation/11382821","insideCampus":true,"tags":{"name":"紫荆湖","natural":"water","type":"multipolygon","water":"pond"}},"geometry":{"type":"Polygon","coordinates":[[[108.2899364,22.8477869],[108.2899578,22.8478338],[108.2901804,22.848212],[108.2902287,22.8482664],[108.290289,22.848327],[108.290334,22.8483838],[108.2904191,22.8485086],[108.2904822,22.8486372],[108.2907182,22.8490399],[108.2909331,22.8495311],[108.2909842,22.8495807],[108.291069,22.8497097],[108.2910884,22.8498287],[108.2910884,22.8500473],[108.2911099,22.8500587],[108.2912948,22.8500587],[108.2913811,22.8500473],[108.2914365,22.8500445],[108.2914488,22.8499962],[108.2914488,22.8498457],[108.2914112,22.8496407],[108.2913566,22.8495462],[108.2911589,22.8492157],[108.2906002,22.848364],[108.2904875,22.8481688],[108.2904527,22.8480996],[108.290429,22.8480026],[108.2902073,22.8476979],[108.2899605,22.84773],[108.2899364,22.8477869]],[[108.2903474,22.8482367],[108.290391,22.8482194],[108.2904319,22.8482275],[108.290462,22.8482472],[108.2905278,22.8483186],[108.2905526,22.8483501],[108.2905586,22.8483779],[108.2905536,22.8483959],[108.2905338,22.8484215],[108.290506,22.8484413],[108.2904865,22.8484416],[108.2904563,22.8484348],[108.2903792,22.8483387],[108.2903434,22.848297],[108.290336,22.8482757],[108.2903367,22.8482553],[108.2903474,22.8482367]]]}},{"type":"Feature","id":"relation/11564702","properties":{"id":"relation/11564702","name":"图书馆","kind":"buildings","osmVersion":3,"osmEditedAt":"2022-03-25T09:36:08Z","sourceUrl":"https://www.openstreetmap.org/relation/11564702","insideCampus":true,"tags":{"building":"university","building:levels":"11","type":"multipolygon"},"category":"academic","height":36,"heightBasis":"参考照片估算","facadeBasis":"保留 OSM 内院与约 11.6° 建筑轴线；重建退台、幕墙、回纹、南侧六柱入口和北侧四柱门廊、双向馆名与台阶。北门按 2026 校方公告采用 6.60×2.55 米门洞及六片玻璃门；其他细部尺寸与未见面为参考估算。","landmark":"library"},"geometry":{"type":"Polygon","coordinates":[[[108.2897914,22.8430131],[108.2900295,22.8430582],[108.2900471,22.842979],[108.2902922,22.8430255],[108.2902728,22.8431124],[108.2905098,22.8431573],[108.2905389,22.843027],[108.290781,22.8430729],[108.2908232,22.8428837],[108.2905973,22.8428409],[108.2906116,22.8427764],[108.290754,22.8428033],[108.2907946,22.8426212],[108.2906201,22.8425881],[108.290635,22.8425211],[108.2899938,22.8423996],[108.2899794,22.8424644],[108.2897853,22.8424276],[108.2897441,22.842612],[108.289876,22.842637],[108.2898616,22.8427015],[108.2896034,22.8426525],[108.2895636,22.8428309],[108.2898211,22.8428797],[108.2897914,22.8430131]],[[108.290155,22.8426898],[108.2901653,22.8426441],[108.290371,22.842683],[108.2903607,22.8427288],[108.2903957,22.8427354],[108.2903813,22.8427999],[108.2901112,22.8427488],[108.2901256,22.8426843],[108.290155,22.8426898]]]}},{"type":"Feature","id":"relation/11564703","properties":{"id":"relation/11564703","name":"林学院","kind":"buildings","osmVersion":3,"osmEditedAt":"2021-06-23T06:09:07Z","sourceUrl":"https://www.openstreetmap.org/relation/11564703","insideCampus":true,"tags":{"building":"university","faculty":"forestry","name":"林学院","office":"educational_institution","operator":"广西大学","type":"multipolygon","website":"https://lxy.gxu.edu.cn/"},"category":"academic","height":16.5,"heightBasis":"按类型估算","facadeBasis":"按建筑类型推定","landmark":null},"geometry":{"type":"Polygon","coordinates":[[[108.2892642,22.8462629],[108.2892497,22.8463242],[108.2896562,22.8464057],[108.2896396,22.8464762],[108.2898354,22.8465155],[108.2899267,22.8461288],[108.289344,22.8460119],[108.2892837,22.8462668],[108.2892642,22.8462629]],[[108.2894251,22.8463149],[108.2894538,22.8463208],[108.2894811,22.8462078],[108.2896746,22.8462474],[108.2896396,22.8463923],[108.2894174,22.8463468],[108.2894251,22.8463149]]]}},{"type":"Feature","id":"relation/11564704","properties":{"id":"relation/11564704","name":"动物科学技术学院","kind":"buildings","osmVersion":4,"osmEditedAt":"2021-06-23T06:09:07Z","sourceUrl":"https://www.openstreetmap.org/relation/11564704","insideCampus":true,"tags":{"building":"university","faculty":"animal_science_and_technology","name":"动物科学技术学院","office":"educational_institution","operator":"广西大学","type":"multipolygon","website":"https://dky.gxu.edu.cn/"},"category":"academic","height":16.5,"heightBasis":"按类型估算","facadeBasis":"按建筑类型推定","landmark":null},"geometry":{"type":"Polygon","coordinates":[[[108.2910602,22.8448566],[108.2910513,22.8448975],[108.2909027,22.84487],[108.2909486,22.8446585],[108.2904927,22.8445743],[108.2904243,22.8448891],[108.2915559,22.8450981],[108.291587,22.844955],[108.2914193,22.8449241],[108.2914106,22.8449638],[108.2911841,22.844922],[108.291193,22.8448811],[108.2910602,22.8448566]],[[108.2907974,22.8448207],[108.2908346,22.8448276],[108.2908283,22.8448563],[108.290642,22.8448219],[108.2906704,22.8446914],[108.2908195,22.844719],[108.2907974,22.8448207]]]}},{"type":"Feature","id":"relation/11564915","properties":{"id":"relation/11564915","name":"校内建筑 11564915","kind":"buildings","osmVersion":2,"osmEditedAt":"2020-12-04T05:33:46Z","sourceUrl":"https://www.openstreetmap.org/relation/11564915","insideCampus":true,"tags":{"building":"university","building:colour":"#E2CDB8","building:levels":"6","roof:colour":"#646658","type":"multipolygon"},"category":"academic","height":19.799999999999997,"heightBasis":"OSM高度或层数","facadeBasis":"按建筑类型推定","landmark":null},"geometry":{"type":"Polygon","coordinates":[[[108.2835538,22.8368829],[108.2835593,22.8368547],[108.283555,22.8368262],[108.2835415,22.8368004],[108.2835199,22.8367797],[108.2834924,22.8367662],[108.2834617,22.8367611],[108.2834595,22.8367369],[108.2834596,22.8367119],[108.2835521,22.836712],[108.2835524,22.8365034],[108.2834649,22.8365033],[108.2834656,22.8364246],[108.28354,22.8363087],[108.2834615,22.836271],[108.2834008,22.8362493],[108.2833381,22.836233],[108.2832741,22.8362221],[108.2832092,22.8362167],[108.2831441,22.836217],[108.2830777,22.8362231],[108.2830123,22.836235],[108.2829484,22.8362526],[108.2828866,22.8362757],[108.2828275,22.8363042],[108.2828907,22.8364153],[108.2828925,22.8365025],[108.2827047,22.8365022],[108.2827046,22.8365507],[108.2826143,22.8365505],[108.2826141,22.8366752],[108.2828103,22.8366755],[108.28281,22.8368509],[108.2826598,22.8368507],[108.2826597,22.8369583],[108.2828098,22.8369585],[108.2828098,22.8369521],[108.2832705,22.836948],[108.2832705,22.8369591],[108.2833768,22.8369592],[108.2833769,22.8369034],[108.2833996,22.836926],[108.2834271,22.8369395],[108.2834578,22.8369446],[108.2834886,22.8369407],[108.2835167,22.8369282],[108.2835391,22.8369083],[108.2835538,22.8368829]],[[108.2829558,22.8364048],[108.2830104,22.8363873],[108.2830666,22.8363748],[108.2831238,22.8363674],[108.2831235,22.836504],[108.2829535,22.8365026],[108.2829558,22.8364048]],[[108.2834098,22.8364106],[108.2834083,22.8365038],[108.2832324,22.8365042],[108.2832347,22.8363677],[108.2833184,22.8363811],[108.2833809,22.8363987],[108.2834098,22.8364106]],[[108.282955,22.8366088],[108.2834044,22.8366094],[108.2834042,22.8367368],[108.2829548,22.8367362],[108.282955,22.8366088]]]}},{"type":"Feature","id":"relation/11564998","properties":{"id":"relation/11564998","name":"物理资治楼","kind":"buildings","osmVersion":1,"osmEditedAt":"2020-08-31T15:52:32Z","sourceUrl":"https://www.openstreetmap.org/relation/11564998","insideCampus":true,"tags":{"building":"university","name":"物理资治楼","type":"multipolygon"},"category":"academic","height":16.5,"heightBasis":"按类型估算","facadeBasis":"按建筑类型推定","landmark":null},"geometry":{"type":"Polygon","coordinates":[[[108.2829814,22.8385698],[108.2829813,22.8385997],[108.2829463,22.8385996],[108.2829469,22.8383812],[108.2828798,22.8383315],[108.2823029,22.8383298],[108.2823017,22.8386968],[108.2835378,22.8387003],[108.2835382,22.8385714],[108.2829814,22.8385698]],[[108.2827272,22.8384114],[108.2828352,22.8385048],[108.2828347,22.838635],[108.2824014,22.8386335],[108.2824024,22.8384102],[108.2827272,22.8384114]]]}},{"type":"Feature","id":"relation/11564999","properties":{"id":"relation/11564999","name":"资源环境与材料学院","kind":"buildings","osmVersion":3,"osmEditedAt":"2021-06-23T06:09:07Z","sourceUrl":"https://www.openstreetmap.org/relation/11564999","insideCampus":true,"tags":{"building":"university","faculty":"resources_environment_and_materials","name":"资源环境与材料学院","office":"educational_institution","operator":"广西大学","type":"multipolygon","website":"https://zyhjcl.gxu.edu.cn/"},"category":"academic","height":16.5,"heightBasis":"按类型估算","facadeBasis":"按建筑类型推定","landmark":null},"geometry":{"type":"Polygon","coordinates":[[[108.2825808,22.8388899],[108.2825805,22.8389676],[108.2825096,22.8389673],[108.2825099,22.8388891],[108.2822863,22.8388866],[108.2822816,22.8392451],[108.2825084,22.8392477],[108.2825087,22.8391727],[108.2825765,22.8391729],[108.2825761,22.8392484],[108.2832257,22.8392508],[108.2832273,22.8388923],[108.2825808,22.8388899]],[[108.2825095,22.8389984],[108.2826489,22.8389989],[108.2826483,22.839137],[108.2825089,22.8391365],[108.2825095,22.8389984]],[[108.282793,22.8389994],[108.2829932,22.8390002],[108.2829926,22.8391383],[108.2827924,22.8391375],[108.282793,22.8389994]],[[108.2830677,22.8390004],[108.2831368,22.8390007],[108.2831362,22.8391388],[108.2830671,22.8391385],[108.2830677,22.8390004]]]}},{"type":"Feature","id":"relation/11970474","properties":{"id":"relation/11970474","name":"综合实验大楼","kind":"buildings","osmVersion":2,"osmEditedAt":"2020-12-03T03:47:08Z","sourceUrl":"https://www.openstreetmap.org/relation/11970474","insideCampus":true,"tags":{"building":"university","building:levels":"10","name":"综合实验大楼","type":"building"},"category":"academic","height":33.0,"heightBasis":"OSM高度或层数","facadeBasis":"参考照片独立建模","landmark":"laboratory"},"geometry":{"type":"Polygon","coordinates":[[[108.2852096,22.8389127],[108.2851195,22.8389128],[108.2851195,22.8388846],[108.2850601,22.8388847],[108.28506,22.8388235],[108.284756,22.8388239],[108.2847559,22.8387496],[108.2842896,22.8387501],[108.2842897,22.8388244],[108.2839844,22.8388248],[108.2839844,22.8388739],[108.2839159,22.8388739],[108.2839159,22.8388959],[108.2838276,22.838896],[108.2838279,22.8390814],[108.2839162,22.8390813],[108.2839162,22.8391078],[108.2839797,22.8391077],[108.2839798,22.8391695],[108.284281,22.8391692],[108.2842811,22.839244],[108.2847475,22.8392434],[108.2847474,22.8391687],[108.2850557,22.8391683],[108.2850556,22.8391185],[108.2851198,22.8391184],[108.2851198,22.839098],[108.2852099,22.8390979],[108.2852096,22.8389127]]]}},{"type":"Feature","id":"relation/11970573","properties":{"id":"relation/11970573","name":"育林楼","kind":"buildings","osmVersion":1,"osmEditedAt":"2020-12-02T05:22:24Z","sourceUrl":"https://www.openstreetmap.org/relation/11970573","insideCampus":true,"tags":{"building":"university","name":"育林楼","type":"multipolygon"},"category":"academic","height":16.5,"heightBasis":"按类型估算","facadeBasis":"按建筑类型推定","landmark":null},"geometry":{"type":"Polygon","coordinates":[[[108.2873235,22.8401546],[108.2878335,22.840154],[108.2878331,22.8399146],[108.2874829,22.839915],[108.2874829,22.8398981],[108.2873231,22.8398983],[108.2873231,22.8399062],[108.2869841,22.8399066],[108.2869843,22.8400752],[108.2873234,22.8400748],[108.2873235,22.8401546]],[[108.2873233,22.8400112],[108.2874813,22.840011],[108.2874813,22.8399909],[108.2877436,22.8399906],[108.2877437,22.8400744],[108.2873234,22.8400748],[108.2873233,22.8400112]]]}},{"type":"Feature","id":"relation/11970574","properties":{"id":"relation/11970574","name":"新闻传播学院","kind":"buildings","osmVersion":3,"osmEditedAt":"2021-06-23T06:09:07Z","sourceUrl":"https://www.openstreetmap.org/relation/11970574","insideCampus":true,"tags":{"building":"university","building:levels":"7","faculty":"news_and_propagation","name":"新闻传播学院","office":"educational_institution","operator":"广西大学","type":"multipolygon","website":"https://xwcb.gxu.edu.cn/"},"category":"academic","height":23.099999999999998,"heightBasis":"OSM高度或层数","facadeBasis":"按建筑类型推定","landmark":null},"geometry":{"type":"Polygon","coordinates":[[[108.2877815,22.8415346],[108.2877855,22.8411412],[108.2869709,22.8411335],[108.2869692,22.8413065],[108.287072,22.8413081],[108.2870404,22.8413223],[108.2870116,22.8413461],[108.2869939,22.8413722],[108.2869798,22.8414049],[108.2869779,22.8414423],[108.2869912,22.841483],[108.2870138,22.8415115],[108.2870633,22.8415288],[108.2869669,22.841528],[108.2869652,22.8417086],[108.2877797,22.8417153],[108.2877815,22.8415346]],[[108.2875395,22.8413166],[108.2875374,22.8415326],[108.2873342,22.841531],[108.2873363,22.8413148],[108.2875395,22.8413166]]]}},{"type":"Feature","id":"relation/11970576","properties":{"id":"relation/11970576","name":"西校园学生宿舍28栋","kind":"buildings","osmVersion":3,"osmEditedAt":"2021-07-07T10:35:40Z","sourceUrl":"https://www.openstreetmap.org/relation/11970576","insideCampus":true,"tags":{"alt_name":"广西大学-青年教职工宿舍楼","building":"dormitory","building:colour":"#D0D0D0","building:levels":"8","name":"西校园学生宿舍28栋","ref":"西28","roof:colour":"#D0D0D0","type":"multipolygon"},"category":"living","height":26.4,"heightBasis":"OSM高度或层数","facadeBasis":"按建筑类型推定","landmark":null},"geometry":{"type":"Polygon","coordinates":[[[108.2876777,22.8382571],[108.2876034,22.8382572],[108.2876033,22.8381731],[108.2876464,22.8381731],[108.2876462,22.838073],[108.2871399,22.8380735],[108.2871401,22.8381691],[108.2871772,22.838169],[108.2871773,22.838253],[108.2871648,22.8382531],[108.2871649,22.8383559],[108.2876779,22.8383554],[108.2876777,22.8382571]],[[108.2872278,22.8381712],[108.2875523,22.8381709],[108.2875525,22.8382547],[108.2872279,22.8382551],[108.2872278,22.8381712]]]}},{"type":"Feature","id":"relation/11971046","properties":{"id":"relation/11971046","name":"第六教学楼","kind":"buildings","osmVersion":1,"osmEditedAt":"2020-12-02T08:52:49Z","sourceUrl":"https://www.openstreetmap.org/relation/11971046","insideCampus":true,"tags":{"building":"university","building:levels":"6","name":"第六教学楼","short_name":"六教","type":"multipolygon"},"category":"academic","height":19.799999999999997,"heightBasis":"OSM高度或层数","facadeBasis":"参考照片独立建模","landmark":"teaching-six"},"geometry":{"type":"Polygon","coordinates":[[[108.2901694,22.8460926],[108.2912606,22.8462968],[108.2913769,22.8457692],[108.2902857,22.845565],[108.2901694,22.8460926]],[[108.2904155,22.8457879],[108.2905023,22.8458047],[108.2904709,22.8459422],[108.2903841,22.8459254],[108.2904155,22.8457879]],[[108.2906577,22.8459785],[108.290689,22.8458409],[108.2907519,22.8458531],[108.2907639,22.8458006],[108.2908425,22.8458158],[108.2908305,22.8458684],[108.2908879,22.8458795],[108.2908565,22.846017],[108.2907992,22.8460059],[108.2907874,22.8460572],[108.2907088,22.8460419],[108.2907205,22.8459906],[108.2906577,22.8459785]],[[108.2910507,22.8460546],[108.2910821,22.8459171],[108.2911689,22.8459339],[108.2911375,22.8460715],[108.2910507,22.8460546]]]}},{"type":"Feature","id":"relation/11971048","properties":{"id":"relation/11971048","name":"学生公寓东16栋","kind":"buildings","osmVersion":1,"osmEditedAt":"2020-12-02T08:52:49Z","sourceUrl":"https://www.openstreetmap.org/relation/11971048","insideCampus":true,"tags":{"building":"dormitory","building:levels":"8","name":"学生公寓东16栋","type":"multipolygon"},"category":"living","height":26.4,"heightBasis":"OSM高度或层数","facadeBasis":"按建筑类型推定","landmark":null},"geometry":{"type":"Polygon","coordinates":[[[108.2954717,22.8475416],[108.29546,22.8476789],[108.2959672,22.8477154],[108.2959271,22.8478518],[108.2963944,22.8479507],[108.2966731,22.8474856],[108.2966801,22.8474678],[108.296681,22.8474537],[108.2966667,22.8474472],[108.2959931,22.8474095],[108.2959788,22.8475781],[108.2954717,22.8475416]],[[108.296016,22.8476823],[108.2960995,22.8476825],[108.2961048,22.8475806],[108.2960215,22.847577],[108.2960219,22.8475572],[108.2965223,22.8475862],[108.2963978,22.847804],[108.2960083,22.8477246],[108.296016,22.8476823]]]}},{"type":"Feature","id":"relation/12774256","properties":{"id":"relation/12774256","name":"校内建筑 12774256","kind":"buildings","osmVersion":1,"osmEditedAt":"2021-05-30T13:50:19Z","sourceUrl":"https://www.openstreetmap.org/relation/12774256","insideCampus":true,"tags":{"building":"yes","type":"multipolygon"},"category":"service","height":9.899999999999999,"heightBasis":"按类型估算","facadeBasis":"按建筑类型推定","landmark":null},"geometry":{"type":"Polygon","coordinates":[[[108.2910446,22.8555239],[108.2909656,22.8549491],[108.2897159,22.855095],[108.2897949,22.8556698],[108.2910446,22.8555239]],[[108.2898003,22.8554659],[108.289776,22.8552843],[108.2909541,22.8551506],[108.2909784,22.8553321],[108.2898003,22.8554659]]]}},{"type":"Feature","id":"relation/12774258","properties":{"id":"relation/12774258","name":"大学生活动中心","kind":"buildings","osmVersion":2,"osmEditedAt":"2021-06-18T16:49:56Z","sourceUrl":"https://www.openstreetmap.org/relation/12774258","insideCampus":true,"tags":{"building":"university","building:levels":"5","name":"大学生活动中心","name:en":"Student Center","name:yue":"大学生活动中心","name:yue-Latn":"Daaihoksaang Wutdung Zungslam","name:zh":"大学生活动中心","name:zh-Hans":"大学生活动中心","name:zh-Hant":"大學生活動中心","short_name":"大活","type":"multipolygon"},"category":"culture","height":22,"heightBasis":"参考照片估算","facadeBasis":"参考照片独立建模","landmark":"student-center"},"geometry":{"type":"Polygon","coordinates":[[[108.2907636,22.8478415],[108.290806,22.8478383],[108.2908408,22.8478247],[108.2908722,22.8478028],[108.2909297,22.8477744],[108.290953,22.8477651],[108.290974,22.8477598],[108.2910005,22.8477584],[108.2910239,22.8477631],[108.2910509,22.8477753],[108.2911088,22.8478159],[108.2911272,22.8478257],[108.2911674,22.8478377],[108.2911897,22.8478405],[108.2912333,22.8478383],[108.2912563,22.8478335],[108.2912771,22.8478265],[108.2913163,22.8478045],[108.2913434,22.8477795],[108.2913546,22.8477648],[108.2913651,22.847747],[108.291372,22.8477281],[108.2913765,22.8477091],[108.2913785,22.8476885],[108.2913781,22.847664],[108.2913687,22.8476105],[108.2913615,22.8475887],[108.2913311,22.847518],[108.2913229,22.8474932],[108.2913184,22.847468],[108.2913215,22.8474424],[108.291345,22.8473803],[108.2913534,22.8473387],[108.2913493,22.8473178],[108.2913419,22.8472934],[108.291328,22.8472661],[108.2913024,22.8472374],[108.2912836,22.8472235],[108.2912357,22.8471993],[108.2912023,22.8471914],[108.2911701,22.8471907],[108.2911411,22.8471955],[108.2911107,22.8472134],[108.2910845,22.8472358],[108.2910604,22.8472666],[108.2910435,22.8472977],[108.2910302,22.8473114],[108.2910094,22.8473267],[108.2909827,22.8473404],[108.2909439,22.8473516],[108.2908598,22.8473591],[108.2908027,22.8473599],[108.2907768,22.8473645],[108.2907558,22.8473705],[108.2907342,22.8473805],[108.290709,22.8474021],[108.2906936,22.84742],[108.2906779,22.8474342],[108.2906492,22.8474575],[108.2906286,22.8474718],[108.2906011,22.8474846],[108.2905846,22.8474888],[108.2905439,22.847491],[108.2905226,22.8474879],[108.2904594,22.8474712],[108.2904308,22.8474703],[108.2904088,22.847475],[108.290392,22.8474851],[108.2903813,22.8475037],[108.2903767,22.8475276],[108.2903776,22.8475478],[108.2903848,22.8475724],[108.2904027,22.847613],[108.2904198,22.8476396],[108.2904484,22.8476748],[108.2904806,22.8477059],[108.2905182,22.8477378],[108.2905631,22.8477695],[108.2906188,22.8477967],[108.2906956,22.8478236],[108.2907205,22.8478342],[108.2907636,22.8478415]],[[108.2905531,22.8475727],[108.2905658,22.847583],[108.2905696,22.8475901],[108.2905713,22.8475978],[108.2905679,22.8476131],[108.2905632,22.8476197],[108.2905491,22.8476283],[108.2905407,22.8476299],[108.2905241,22.8476268],[108.2905113,22.8476165],[108.2905076,22.8476094],[108.2905059,22.8476017],[108.2905092,22.8475864],[108.2905204,22.8475746],[108.2905281,22.8475712],[108.2905365,22.8475696],[108.2905531,22.8475727]]]}},{"type":"Feature","id":"relation/12774259","properties":{"id":"relation/12774259","name":"","kind":"sports","osmVersion":2,"osmEditedAt":"2022-07-07T08:58:32Z","sourceUrl":"https://www.openstreetmap.org/relation/12774259","insideCampus":true,"tags":{"leisure":"track","sport":"running","type":"multipolygon"}},"geometry":{"type":"Polygon","coordinates":[[[108.2855348,22.8435006],[108.285509,22.8434423],[108.2854747,22.8433881],[108.2854322,22.8433388],[108.2853825,22.8432958],[108.2853267,22.8432597],[108.2852658,22.8432313],[108.2852011,22.8432112],[108.2851341,22.8431998],[108.2850658,22.8431974],[108.2849945,22.8432046],[108.2849251,22.8432216],[108.2848594,22.843248],[108.2847986,22.8432831],[108.2847443,22.8433263],[108.2846976,22.8433765],[108.2846597,22.8434326],[108.2846312,22.8434933],[108.2846131,22.8435573],[108.2846082,22.8444786],[108.2846304,22.8445397],[108.2846619,22.8445972],[108.2847021,22.8446499],[108.28475,22.8446968],[108.2848047,22.8447369],[108.2848652,22.8447692],[108.2849301,22.8447932],[108.284998,22.8448084],[108.2850676,22.8448143],[108.2851321,22.8448116],[108.2851955,22.8448011],[108.2852569,22.8447829],[108.2853151,22.8447573],[108.2853691,22.8447248],[108.285418,22.844686],[108.2854608,22.8446417],[108.2854968,22.8445923],[108.2855255,22.8445391],[108.2855462,22.8444828],[108.2855512,22.8435615],[108.2855348,22.8435006]],[[108.2854141,22.8445107],[108.28539,22.8445569],[108.2853586,22.8445992],[108.2853206,22.8446367],[108.285277,22.8446685],[108.2852286,22.8446938],[108.2851767,22.8447121],[108.2851223,22.844723],[108.2850668,22.8447262],[108.285005,22.8447206],[108.2849452,22.8447056],[108.2848889,22.8446814],[108.2848379,22.8446489],[108.2847935,22.844609],[108.284757,22.8445627],[108.2847295,22.8445115],[108.2847282,22.8435074],[108.2847515,22.8434606],[108.2847823,22.8434177],[108.2848198,22.8433796],[108.2848631,22.8433472],[108.2849114,22.8433213],[108.2849633,22.8433024],[108.2850178,22.8432911],[108.2850735,22.8432876],[108.2851283,22.8432918],[108.2851818,22.8433035],[108.2852328,22.8433226],[108.2852801,22.8433484],[108.2853227,22.8433806],[108.2853595,22.8434182],[108.2853898,22.8434606],[108.2854128,22.8435066],[108.2854141,22.8445107]]]}},{"type":"Feature","id":"relation/12867147","properties":{"id":"relation/12867147","name":"稻香湖","kind":"water","osmVersion":1,"osmEditedAt":"2021-06-20T15:15:01Z","sourceUrl":"https://www.openstreetmap.org/relation/12867147","insideCampus":true,"tags":{"name":"稻香湖","natural":"water","type":"multipolygon","water":"lake"}},"geometry":{"type":"Polygon","coordinates":[[[108.2843419,22.8535483],[108.2843174,22.8532973],[108.2842819,22.852969],[108.2841596,22.85278],[108.2841248,22.8527369],[108.2840476,22.852686],[108.2840116,22.8526674],[108.2839992,22.8526367],[108.2840344,22.8526125],[108.2841215,22.8525576],[108.284192,22.8524648],[108.2841557,22.8524154],[108.2839612,22.8524121],[108.2838087,22.8524429],[108.2828346,22.852794],[108.2825537,22.8528864],[108.2823982,22.8529343],[108.2822384,22.8530508],[108.2821227,22.8531468],[108.2820058,22.8531587],[108.2819441,22.8531158],[108.2818708,22.8530122],[108.2818787,22.8528998],[108.2819251,22.8528631],[108.2819971,22.8528213],[108.2820161,22.8527502],[108.2819368,22.8526606],[108.281832,22.852575],[108.2816448,22.852577],[108.2813387,22.8525945],[108.2810508,22.8526915],[108.2809328,22.8526682],[108.2805,22.8525464],[108.2801269,22.8524787],[108.2799826,22.8525282],[108.2797676,22.8526765],[108.2796066,22.8528487],[108.279553,22.8529401],[108.2795432,22.8530465],[108.2795333,22.8531243],[108.2795527,22.8531857],[108.279601,22.8532635],[108.2796713,22.8534233],[108.2796377,22.8534414],[108.2796013,22.8534517],[108.2796097,22.8534981],[108.2797161,22.8534956],[108.2797441,22.8535239],[108.2799234,22.8535549],[108.2800914,22.8536917],[108.2802399,22.8538621],[108.280506,22.8540118],[108.2807805,22.8541615],[108.2809513,22.8542286],[108.2812398,22.8542854],[108.2814835,22.854306],[108.2816488,22.8543086],[108.281912,22.8542905],[108.2821333,22.8542183],[108.282251,22.854115],[108.2823322,22.8540247],[108.282364,22.8539615],[108.2824452,22.8539357],[108.2825237,22.8539331],[108.2826133,22.8539667],[108.2826273,22.8540286],[108.2827029,22.854137],[108.2827449,22.8542145],[108.2828206,22.8542584],[108.282829,22.854328],[108.2828962,22.8544158],[108.2829438,22.8544984],[108.2830727,22.8544055],[108.2831539,22.8544081],[108.2833023,22.854501],[108.2833696,22.8545474],[108.283448,22.8545242],[108.283588,22.8545139],[108.2836917,22.8544803],[108.2837673,22.854439],[108.2838121,22.8543332],[108.2838681,22.8542816],[108.2839522,22.8542377],[108.2840558,22.8542325],[108.284137,22.8542403],[108.2841538,22.8543177],[108.284221,22.8544261],[108.2842855,22.8544803],[108.2842855,22.8545242],[108.2843667,22.8545991],[108.2844843,22.8546145],[108.2846048,22.8546171],[108.2847161,22.8545802],[108.2847385,22.8545518],[108.2847777,22.8544873],[108.2847917,22.8544047],[108.2848505,22.8543118],[108.2849485,22.8542111],[108.2849989,22.854206],[108.2850326,22.854206],[108.2851754,22.8542937],[108.2856152,22.8544744],[108.2856852,22.854557],[108.2856768,22.8545905],[108.2856152,22.8546499],[108.2855843,22.8546886],[108.2856516,22.8547222],[108.2856712,22.8547635],[108.2857832,22.8548125],[108.2858028,22.8548719],[108.285716,22.8550009],[108.2856236,22.8550629],[108.2854499,22.8551067],[108.2853069,22.8551523],[108.2853183,22.8553726],[108.2854583,22.8553778],[108.2855563,22.8553984],[108.2855956,22.8554165],[108.285744,22.8554397],[108.285786,22.8554242],[108.2858252,22.8553597],[108.2858644,22.8553442],[108.2859625,22.8553184],[108.2860262,22.855346],[108.2860604,22.8553639],[108.2860994,22.8553662],[108.2861165,22.8553347],[108.2860969,22.8552426],[108.2860457,22.8551797],[108.2860287,22.8551145],[108.2861189,22.8549932],[108.2861457,22.8549348],[108.2862676,22.8548044],[108.2863822,22.8546449],[108.286431,22.8545146],[108.2864383,22.8544337],[108.286431,22.8543753],[108.2863603,22.8543258],[108.2863042,22.8542629],[108.2862603,22.8542607],[108.286192,22.8542539],[108.286075,22.8542292],[108.2860238,22.8541731],[108.2859506,22.8539529],[108.2859458,22.8538001],[108.2858921,22.8537057],[108.2857952,22.8536368],[108.2856762,22.8535345],[108.2856173,22.8535371],[108.2855529,22.853599],[108.2853652,22.8538081],[108.2853316,22.8537797],[108.2852168,22.8537926],[108.28513,22.8538132],[108.2850375,22.8538132],[108.2848331,22.8537668],[108.2846622,22.8537719],[108.2845026,22.8537694],[108.2843682,22.8537139],[108.2843186,22.8536543],[108.2843419,22.8535483]],[[108.2825825,22.8538222],[108.2824704,22.8537654],[108.2824704,22.853675],[108.2825265,22.8536363],[108.2825937,22.8535976],[108.2827758,22.8535202],[108.2828626,22.8535408],[108.282885,22.8536053],[108.2828906,22.8537267],[108.2828626,22.8538144],[108.2827533,22.8538583],[108.2826497,22.8538635],[108.2825825,22.8538222]]]}},{"type":"Feature","id":"relation/12874251","properties":{"id":"relation/12874251","name":"生命科学与技术学院","kind":"buildings","osmVersion":4,"osmEditedAt":"2021-06-23T06:09:07Z","sourceUrl":"https://www.openstreetmap.org/relation/12874251","insideCampus":true,"tags":{"building":"university","faculty":"life_science_and_technology","name":"生命科学与技术学院","office":"educational_institution","operator":"广西大学","type":"multipolygon","website":"https://lst.gxu.edu.cn/"},"category":"academic","height":16.5,"heightBasis":"按类型估算","facadeBasis":"按建筑类型推定","landmark":null},"geometry":{"type":"Polygon","coordinates":[[[108.2892832,22.8456374],[108.2892662,22.845609],[108.2892292,22.8455977],[108.2892864,22.8453617],[108.289308,22.8453389],[108.2893203,22.8453133],[108.2893203,22.8452877],[108.289308,22.8452565],[108.2892925,22.8452337],[108.2892709,22.8452138],[108.2892339,22.8452053],[108.2891753,22.8452053],[108.2885588,22.8450816],[108.2884795,22.8454604],[108.2884313,22.8454502],[108.2883872,22.8456433],[108.2892447,22.845828],[108.2892832,22.8456374]],[[108.2889172,22.8455546],[108.288612,22.8454889],[108.2886632,22.845287],[108.2889684,22.8453528],[108.2889172,22.8455546]]]}},{"type":"Feature","id":"relation/12874252","properties":{"id":"relation/12874252","name":"23号楼","kind":"buildings","osmVersion":1,"osmEditedAt":"2021-06-22T17:21:46Z","sourceUrl":"https://www.openstreetmap.org/relation/12874252","insideCampus":true,"tags":{"building":"dormitory","name":"23号楼","type":"multipolygon"},"category":"living","height":19.799999999999997,"heightBasis":"按类型估算","facadeBasis":"按建筑类型推定","landmark":null},"geometry":{"type":"Polygon","coordinates":[[[108.2891612,22.8459763],[108.288682,22.8458827],[108.2885862,22.8462989],[108.2890654,22.8463925],[108.2891612,22.8459763]],[[108.2887704,22.8460133],[108.2890298,22.8460665],[108.2889888,22.8462365],[108.2887293,22.8461833],[108.2887704,22.8460133]]]}},{"type":"Feature","id":"relation/12874253","properties":{"id":"relation/12874253","name":"校内建筑 12874253","kind":"buildings","osmVersion":1,"osmEditedAt":"2021-06-22T17:21:46Z","sourceUrl":"https://www.openstreetmap.org/relation/12874253","insideCampus":true,"tags":{"building":"school","type":"multipolygon"},"category":"academic","height":16.5,"heightBasis":"按类型估算","facadeBasis":"按建筑类型推定","landmark":null},"geometry":{"type":"Polygon","coordinates":[[[108.2844158,22.8567075],[108.284345,22.8567155],[108.2843247,22.8565624],[108.2843903,22.8565551],[108.28437,22.8564023],[108.2828798,22.8565702],[108.2828997,22.8567199],[108.2830117,22.8567072],[108.2830324,22.8568634],[108.2829257,22.8568754],[108.2829392,22.8569773],[108.2844293,22.8568094],[108.2844158,22.8567075]],[[108.2839329,22.856631],[108.2842381,22.8565966],[108.2842552,22.8567256],[108.28395,22.85676],[108.2839329,22.856631]],[[108.2836559,22.8567931],[108.283635,22.8566359],[108.2838563,22.856611],[108.2838771,22.8567682],[108.2836559,22.8567931]],[[108.2831828,22.8568464],[108.283164,22.8567045],[108.2835327,22.856663],[108.2835515,22.8568049],[108.2831828,22.8568464]]]}},{"type":"Feature","id":"relation/12874254","properties":{"id":"relation/12874254","name":"校内建筑 12874254","kind":"buildings","osmVersion":1,"osmEditedAt":"2021-06-22T17:21:46Z","sourceUrl":"https://www.openstreetmap.org/relation/12874254","insideCampus":true,"tags":{"building":"school","type":"multipolygon"},"category":"academic","height":16.5,"heightBasis":"按类型估算","facadeBasis":"按建筑类型推定","landmark":null},"geometry":{"type":"Polygon","coordinates":[[[108.2879168,22.8563581],[108.2878466,22.8563663],[108.2878252,22.8562098],[108.2878914,22.8562021],[108.2878689,22.8560381],[108.2863795,22.8562114],[108.2864008,22.8563673],[108.2865122,22.8563543],[108.2865332,22.856508],[108.286426,22.8565205],[108.2864436,22.8566493],[108.287933,22.8564766],[108.2879168,22.8563581]],[[108.2873899,22.8562554],[108.2877535,22.8562136],[108.2877738,22.8563638],[108.2874102,22.8564055],[108.2873899,22.8562554]],[[108.2871266,22.8564376],[108.2871047,22.8562852],[108.2873255,22.8562584],[108.2873473,22.8564108],[108.2871266,22.8564376]],[[108.2866782,22.8564943],[108.2866565,22.8563455],[108.2870337,22.8562988],[108.2870554,22.8564477],[108.2866782,22.8564943]]]}},{"type":"Feature","id":"relation/12874255","properties":{"id":"relation/12874255","name":"校内建筑 12874255","kind":"buildings","osmVersion":1,"osmEditedAt":"2021-06-22T17:21:46Z","sourceUrl":"https://www.openstreetmap.org/relation/12874255","insideCampus":true,"tags":{"building":"school","type":"multipolygon"},"category":"academic","height":16.5,"heightBasis":"按类型估算","facadeBasis":"按建筑类型推定","landmark":null},"geometry":{"type":"Polygon","coordinates":[[[108.2894827,22.8562806],[108.2894125,22.8562887],[108.2893911,22.8561323],[108.2894572,22.8561246],[108.2894336,22.8559518],[108.2879442,22.8561251],[108.2879667,22.8562897],[108.2880781,22.8562768],[108.2880991,22.8564305],[108.2879919,22.8564429],[108.2880095,22.8565718],[108.2894989,22.8563991],[108.2894827,22.8562806]],[[108.2893105,22.8561349],[108.2893317,22.8563011],[108.2882003,22.8564242],[108.288179,22.8562579],[108.2893105,22.8561349]]]}},{"type":"Feature","id":"relation/12874256","properties":{"id":"relation/12874256","name":"A栋","kind":"buildings","osmVersion":1,"osmEditedAt":"2021-06-22T17:21:46Z","sourceUrl":"https://www.openstreetmap.org/relation/12874256","insideCampus":false,"tags":{"building":"school","name":"A栋","type":"multipolygon"},"category":"academic","height":16.5,"heightBasis":"按类型估算","facadeBasis":"按建筑类型推定","landmark":null},"geometry":{"type":"Polygon","coordinates":[[[108.2859799,22.8463447],[108.2864442,22.8464184],[108.2864611,22.8463282],[108.2864106,22.8463202],[108.2864715,22.845994],[108.2860184,22.845922],[108.2859976,22.8460335],[108.2860369,22.8460397],[108.2859799,22.8463447]],[[108.2863796,22.8461006],[108.2863371,22.8463083],[108.2860762,22.846263],[108.2861187,22.8460553],[108.2863796,22.8461006]]]}},{"type":"Feature","id":"relation/12874257","properties":{"id":"relation/12874257","name":"B栋","kind":"buildings","osmVersion":1,"osmEditedAt":"2021-06-22T17:21:46Z","sourceUrl":"https://www.openstreetmap.org/relation/12874257","insideCampus":false,"tags":{"building":"school","name":"B栋","type":"multipolygon"},"category":"academic","height":16.5,"heightBasis":"按类型估算","facadeBasis":"按建筑类型推定","landmark":null},"geometry":{"type":"Polygon","coordinates":[[[108.2855472,22.8459326],[108.2854948,22.8462187],[108.2859569,22.8462906],[108.2859839,22.8461428],[108.2859415,22.8461362],[108.285961,22.8460295],[108.2859199,22.8460231],[108.2859421,22.8459019],[108.2858075,22.845881],[108.2858042,22.8458993],[108.2855109,22.8458538],[108.2854979,22.8459249],[108.2855472,22.8459326]],[[108.285814,22.8459823],[108.2858022,22.846043],[108.2858468,22.8460504],[108.2858272,22.8461511],[108.2856137,22.8461158],[108.2856451,22.8459544],[108.285814,22.8459823]]]}},{"type":"Feature","id":"relation/12874258","properties":{"id":"relation/12874258","name":"周边建筑 12874258","kind":"buildings","osmVersion":1,"osmEditedAt":"2021-06-22T17:21:46Z","sourceUrl":"https://www.openstreetmap.org/relation/12874258","insideCampus":false,"tags":{"building":"school","type":"multipolygon"},"category":"academic","height":16.5,"heightBasis":"按类型估算","facadeBasis":"按建筑类型推定","landmark":null},"geometry":{"type":"Polygon","coordinates":[[[108.2827413,22.8476484],[108.2829362,22.8476482],[108.2829363,22.8477142],[108.2831813,22.8477139],[108.2831807,22.8472387],[108.2828427,22.8472391],[108.2828426,22.847165],[108.2824889,22.8471654],[108.2824894,22.8475593],[108.2827412,22.847559],[108.2827413,22.8476484]],[[108.282777,22.8473272],[108.283012,22.8473269],[108.2830121,22.8473662],[108.2830907,22.8473661],[108.2830911,22.8476385],[108.2829691,22.8476386],[108.282969,22.8475516],[108.2828551,22.8475517],[108.282855,22.8474716],[108.2826411,22.8474719],[108.2826411,22.8474086],[108.2826066,22.8474086],[108.2826064,22.8472598],[108.2827769,22.8472596],[108.282777,22.8473272]]]}},{"type":"Feature","id":"relation/12874259","properties":{"id":"relation/12874259","name":"专家楼","kind":"buildings","osmVersion":1,"osmEditedAt":"2021-06-22T17:21:46Z","sourceUrl":"https://www.openstreetmap.org/relation/12874259","insideCampus":true,"tags":{"building":"school","name":"专家楼","type":"multipolygon"},"category":"academic","height":16.5,"heightBasis":"按类型估算","facadeBasis":"按建筑类型推定","landmark":null},"geometry":{"type":"Polygon","coordinates":[[[108.283551,22.8428288],[108.2835501,22.8421424],[108.2829537,22.8421431],[108.2829542,22.8424832],[108.2834636,22.8424826],[108.2834638,22.8426771],[108.2829545,22.8426777],[108.2829547,22.8428295],[108.283551,22.8428288]],[[108.2834171,22.8422322],[108.2834172,22.8423225],[108.2829934,22.842323],[108.2829933,22.8422327],[108.2834171,22.8422322]]]}},{"type":"Feature","id":"relation/12875606","properties":{"id":"relation/12875606","name":"土木建筑工程学院","kind":"buildings","osmVersion":3,"osmEditedAt":"2024-04-04T05:05:28Z","sourceUrl":"https://www.openstreetmap.org/relation/12875606","insideCampus":true,"tags":{"building":"university","building:levels":"8","faculty":"civil_engineering;architecture","name":"土木建筑工程学院","office":"educational_institution","operator":"广西大学","type":"multipolygon","website":"https://tmjz.gxu.edu.cn/"},"category":"academic","height":26.4,"heightBasis":"OSM高度或层数","facadeBasis":"按建筑类型推定","landmark":null},"geometry":{"type":"Polygon","coordinates":[[[108.2833899,22.8396219],[108.28339,22.8396502],[108.2829566,22.8396507],[108.2829565,22.839542],[108.2832035,22.8395417],[108.2832033,22.8393917],[108.282851,22.8393921],[108.2828514,22.8397156],[108.2830099,22.8397154],[108.2830101,22.8398851],[108.2830438,22.8398851],[108.283044,22.8400425],[108.2831854,22.8400424],[108.2831853,22.8400072],[108.2834374,22.8400069],[108.2834375,22.840077],[108.2835531,22.8400769],[108.2835525,22.8396217],[108.2833899,22.8396219]],[[108.2834609,22.8397454],[108.2834611,22.8399052],[108.2832081,22.8399055],[108.2832079,22.8397457],[108.2834609,22.8397454]]]}},{"type":"Feature","id":"relation/12875607","properties":{"id":"relation/12875607","name":"邵逸夫楼","kind":"buildings","osmVersion":1,"osmEditedAt":"2021-06-23T06:09:07Z","sourceUrl":"https://www.openstreetmap.org/relation/12875607","insideCampus":true,"tags":{"building":"university","name":"邵逸夫楼","type":"multipolygon"},"category":"academic","height":16.5,"heightBasis":"按类型估算","facadeBasis":"按建筑类型推定","landmark":null},"geometry":{"type":"Polygon","coordinates":[[[108.2838859,22.8397358],[108.2838861,22.8398444],[108.2843268,22.8398439],[108.2843267,22.8397955],[108.2843762,22.8397954],[108.2843761,22.8397141],[108.2844037,22.8397141],[108.2844035,22.8395944],[108.2840294,22.8395948],[108.2839966,22.8396082],[108.2838108,22.8396084],[108.2838109,22.8397359],[108.2838859,22.8397358]],[[108.2840154,22.8397357],[108.2840515,22.8397356],[108.2840515,22.8397145],[108.2843426,22.8397142],[108.2843426,22.8397687],[108.2840154,22.8397691],[108.2840154,22.8397357]]]}},{"type":"Feature","id":"relation/12876719","properties":{"id":"relation/12876719","name":"","kind":"sports","osmVersion":1,"osmEditedAt":"2021-06-23T11:29:59Z","sourceUrl":"https://www.openstreetmap.org/relation/12876719","insideCampus":false,"tags":{"leisure":"pitch","sport":"athletics","type":"multipolygon"}},"geometry":{"type":"Polygon","coordinates":[[[108.2832989,22.8470835],[108.2832706,22.8470971],[108.2832494,22.8471191],[108.2832382,22.8471467],[108.2832376,22.8471713],[108.283245,22.8471948],[108.2832598,22.8472153],[108.2832806,22.8472307],[108.2833054,22.8472396],[108.2832389,22.8472307],[108.2832332,22.8472666],[108.2837303,22.8473333],[108.283736,22.8472974],[108.2836088,22.8472803],[108.2836333,22.8472777],[108.2836561,22.847269],[108.2836753,22.8472547],[108.2836895,22.8472361],[108.2836975,22.8472147],[108.2836986,22.8471905],[108.2836919,22.847167],[108.283678,22.8471465],[108.2836581,22.8471306],[108.283634,22.8471209],[108.2833307,22.8470801],[108.2832989,22.8470835]],[[108.2833276,22.8472258],[108.2833469,22.8471034],[108.2836144,22.8471398],[108.2835952,22.8472616],[108.2833276,22.8472258]]]}},{"type":"Feature","id":"relation/20369638","properties":{"id":"relation/20369638","name":"农林动教学科研实验中心","kind":"buildings","osmVersion":2,"osmEditedAt":"2026-04-23T02:33:05Z","sourceUrl":"https://www.openstreetmap.org/relation/20369638","insideCampus":true,"tags":{"building":"university","construction":"yes","name":"农林动教学科研实验中心","type":"multipolygon"},"category":"academic","height":16.5,"heightBasis":"按类型估算","facadeBasis":"按建筑类型推定","landmark":null},"geometry":{"type":"Polygon","coordinates":[[[108.2901501,22.8519605],[108.2901398,22.8520208],[108.2901149,22.852089],[108.2900864,22.8521321],[108.290045,22.8521798],[108.2900074,22.8522115],[108.2899655,22.8522383],[108.2899201,22.8522597],[108.2898721,22.8522754],[108.2898222,22.8522851],[108.2897714,22.8522885],[108.2897108,22.8522844],[108.2896518,22.8522716],[108.2895956,22.8522503],[108.2895439,22.8522211],[108.2894978,22.8521847],[108.2894553,22.8521378],[108.2894222,22.8520849],[108.2893996,22.8520275],[108.2893881,22.8519674],[108.289388,22.8519063],[108.2893993,22.8518461],[108.289361,22.8516911],[108.2888835,22.8516894],[108.2888813,22.8522405],[108.2892024,22.8522416],[108.2892688,22.8521939],[108.289316,22.8522597],[108.2893733,22.8523183],[108.2892723,22.8524269],[108.2892753,22.8527022],[108.2902691,22.8526929],[108.2902661,22.8524244],[108.2901677,22.8523154],[108.2902257,22.8522549],[108.290273,22.8521869],[108.2903437,22.8522237],[108.2906656,22.8522248],[108.2906677,22.8516783],[108.2901523,22.8516765],[108.2901362,22.8518395],[108.2901489,22.8518994],[108.2901501,22.8519605]],[[108.289135,22.8520992],[108.2890913,22.8520991],[108.2890925,22.8518162],[108.2891821,22.8518165],[108.2891819,22.8518742],[108.2892492,22.8518744],[108.2892486,22.8520327],[108.289135,22.8520992]],[[108.290286,22.8520327],[108.2902867,22.8518744],[108.290354,22.8518746],[108.2903542,22.8518169],[108.2904438,22.8518172],[108.2904427,22.8521001],[108.290399,22.8521],[108.290286,22.8520327]],[[108.2896064,22.8523763],[108.2896592,22.8523939],[108.2897141,22.8524051],[108.28977,22.8524096],[108.2898146,22.8524085],[108.2898589,22.8524031],[108.2899023,22.8523936],[108.2899444,22.85238],[108.290053,22.8524986],[108.2900517,22.8525567],[108.2894824,22.8525573],[108.289483,22.8524986],[108.2896064,22.8523763]]]}},{"type":"Feature","id":"relation/20510973","properties":{"id":"relation/20510973","name":"校内建筑 20510973","kind":"buildings","osmVersion":1,"osmEditedAt":"2026-04-20T15:35:24Z","sourceUrl":"https://www.openstreetmap.org/relation/20510973","insideCampus":true,"tags":{"building":"university","type":"multipolygon"},"category":"academic","height":16.5,"heightBasis":"按类型估算","facadeBasis":"按建筑类型推定","landmark":null},"geometry":{"type":"Polygon","coordinates":[[[108.2932246,22.8428271],[108.2931881,22.8428267],[108.2931903,22.842676],[108.2928127,22.8426713],[108.2928114,22.84276],[108.2929274,22.8427615],[108.2929265,22.8428235],[108.2928299,22.8428223],[108.2928276,22.8429842],[108.2932222,22.8429891],[108.2932246,22.8428271]],[[108.2929703,22.8427998],[108.2930032,22.8428002],[108.2930037,22.8427598],[108.2931103,22.8427611],[108.2931094,22.8428257],[108.2929699,22.842824],[108.2929703,22.8427998]]]}},{"type":"Feature","id":"relation/20510974","properties":{"id":"relation/20510974","name":"校内建筑 20510974","kind":"buildings","osmVersion":1,"osmEditedAt":"2026-04-20T15:35:24Z","sourceUrl":"https://www.openstreetmap.org/relation/20510974","insideCampus":true,"tags":{"building":"dormitory","type":"multipolygon"},"category":"living","height":19.799999999999997,"heightBasis":"按类型估算","facadeBasis":"按建筑类型推定","landmark":null},"geometry":{"type":"Polygon","coordinates":[[[108.2945904,22.8421907],[108.2941815,22.8421857],[108.2941804,22.842264],[108.2942699,22.8422651],[108.2942687,22.8423471],[108.2942261,22.8423465],[108.2942253,22.8424021],[108.2942679,22.8424027],[108.294267,22.8424656],[108.2942214,22.8424651],[108.29422,22.8425603],[108.2948002,22.8425674],[108.2948042,22.8422954],[108.2948844,22.8422964],[108.2948857,22.8422083],[108.2945902,22.8422047],[108.2945904,22.8421907]],[[108.29435,22.8422661],[108.2945455,22.8422685],[108.2945452,22.8422922],[108.2947025,22.8422941],[108.2947,22.8424709],[108.2943471,22.8424666],[108.29435,22.8422661]]]}},{"type":"Feature","id":"relation/20510975","properties":{"id":"relation/20510975","name":"校内建筑 20510975","kind":"buildings","osmVersion":1,"osmEditedAt":"2026-04-20T15:35:24Z","sourceUrl":"https://www.openstreetmap.org/relation/20510975","insideCampus":true,"tags":{"building":"university","type":"multipolygon"},"category":"academic","height":16.5,"heightBasis":"按类型估算","facadeBasis":"按建筑类型推定","landmark":null},"geometry":{"type":"Polygon","coordinates":[[[108.294313,22.8413972],[108.2942912,22.8414127],[108.2942738,22.8414349],[108.2942631,22.841464],[108.2942637,22.8414952],[108.2942788,22.8415285],[108.2942963,22.8415477],[108.2943217,22.8415616],[108.2944532,22.8415999],[108.2946,22.8416296],[108.2947294,22.8416463],[108.2948798,22.8416543],[108.2948856,22.8413994],[108.2949215,22.8414],[108.2949249,22.8412531],[108.2943945,22.8412429],[108.2943912,22.8413849],[108.2943399,22.8413873],[108.294313,22.8413972]],[[108.2947463,22.8414188],[108.2945928,22.8414159],[108.294592,22.8414505],[108.2945217,22.8414492],[108.2945238,22.8413606],[108.2947968,22.8413659],[108.2947948,22.8414544],[108.2947455,22.8414535],[108.2947463,22.8414188]]]}},{"type":"Feature","id":"relation/21142022","properties":{"id":"relation/21142022","name":"","kind":"green","osmVersion":1,"osmEditedAt":"2026-07-25T03:46:04Z","sourceUrl":"https://www.openstreetmap.org/relation/21142022","insideCampus":true,"tags":{"landuse":"grass","type":"multipolygon"}},"geometry":{"type":"Polygon","coordinates":[[[108.2852305,22.8419879],[108.2852143,22.841928],[108.2851655,22.8418793],[108.2851289,22.8418718],[108.2844175,22.8418531],[108.2844093,22.8428197],[108.2852143,22.8428347],[108.2852305,22.8419879]],[[108.2847249,22.8424422],[108.2846203,22.8424423],[108.2846201,22.8423594],[108.2847247,22.8423593],[108.2847249,22.8424422]]]}},{"type":"Feature","id":"new-east-gate","properties":{"kind":"entrances","name":"新东门","landmark":"new-east-gate","sourceUrl":"https://www.openstreetmap.org/way/822812185","osmEditedAt":"2021-06-22T17:15:44Z","osmVersion":4,"positionBasis":"2026 校方新东园入口说明，OSM way/822812185 与校界 way/398115378 的交点；并非 OSM 已测绘门楼。"},"geometry":{"type":"Point","coordinates":[108.29342144137495,22.8412081023638]}},{"type":"Feature","id":"east-gate","properties":{"kind":"entrances","name":"东门","landmark":"east-gate","sourceUrl":"https://www.openstreetmap.org/node/6579697530","osmEditedAt":"2021-06-20T15:15:01Z","osmVersion":3,"positionBasis":"OSM 门节点；门体占地和高度按参考估算。门体宽度按相邻建筑间的可用净空约束为 22 米，高度估算 8 米，均非实测。"},"geometry":{"type":"Point","coordinates":[108.2961483,22.8473117]}},{"type":"Feature","id":"west-gate","properties":{"kind":"entrances","name":"西门","landmark":"west-gate","sourceUrl":"https://www.openstreetmap.org/node/8850695397","osmEditedAt":"2021-06-23T11:30:01Z","osmVersion":2,"positionBasis":"OSM 门节点；门体占地和高度按参考估算。"},"geometry":{"type":"Point","coordinates":[108.2802516,22.8450504]}}]}